,B-PX211453,B-PX211376,B-PX211374,A-PX211436,A-PX211473,A-PX211438,B-MH182449,A-MN479581,A-PP861813,A-PP861823,A-OP850377,A-MG181893,A-MG181772,A-MW715610,A-LC105572,A-KJ752156,A-KC443002,A-KU356580,A-HQ641359,A-LC569277,A-LC477540,A-LC228343,A-LC228376,A-LC228354,A-LC569260,A-LC569232,A-OP717689,A-OP717686,A-MG181662,A-HQ657133,A-KR705196,A-KC443340,A-KC443362,A-KC443217,A-KC834696,A-KJ918784,A-KC443351,A-PP861879,A-PP861825,A-OP850378,A-LC514509,A-LC514476,A-KF716387,A-LC169990,A-LC169979,A-KJ721779,A-KJ721773,A-KJ721783,A-MN479504,A-MN479500,A-MN479492,A-MN479491,A-MN479445,A-MG670727,A-MG670724,A-LC105583,A-KF716394,A-KF716391,A-KC442958,A-KJ721778,A-KC178724,A-KC442969,A-KU248411,A-KU248400,A-KU199276,B-LC514520,B-KC178718,B-KC443450,B-KC443195,B-KC443758,B-KC443626,B-KC443318,B-KJ918850,B-LC086808,B-LC086797,B-LC086786,B-MH704726,B-LC325466,B-MH513958,B-KU550300,B-KU550298,B-KU870411,B-KU870389,B-MF997041,B-OP850382,B-OP850381,B-OP850384,B-OP850383,B-OP850379,B-LC260283,B-LC514487,B-MH513953,B-LC228310,B-LC514498,B-MZ546118,B-KU550301,B-KU550299,B-KX880420,B-KU550302,B-LC541988,B-MH704727,B-LC228332,B-LC228321,B-LC260279,B-MT732493,B-LC386071,B-LC086742,B-LC169968,B-LC169957,B-LC169946,B-LC260277,B-KX880431,B-MG670730,B-MG670726,B-MG670729,B-LC086731,B-LC086720,B-KU059794,B-KU059783,B-KU059772,B-MG670722,B-MG670713,B-KJ639029,B-KJ639018,B-AB975803,B-AB975775,B-AB848010,B-LC751572,B-LC751602,B-KY616889,B-AB975804,B-AB975773,B-MT723912,B-MT410490,B-LC469507,B-MG573358,B-MG573357,B-LC066645,B-LC066667,B-LC066656
B-PX211453,,98.78,98.21,96.35,95.57,95.99,93.69,92.85,92.57,92.43,92.57,92.29,92.43,92.71,92.99,92.71,93.97,94.11,94.11,93.13,92.99,93.13,93.13,93.13,93.13,93.13,92.99,93.13,93.13,92.43,92.99,92.85,92.57,92.57,92.85,92.29,92.29,92.43,92.29,92.57,92.57,92.57,92.29,92.29,92.29,92.71,92.71,92.99,92.43,92.71,92.71,92.71,92.71,94.25,94.25,94.67,94.39,94.11,94.53,94.81,94.95,94.67,94.67,94.81,94.95,94.95,94.95,95.79,95.79,95.51,95.51,95.51,96.07,96.07,96.35,96.35,95.51,95.09,95.23,95.51,95.51,95.51,95.51,95.51,94.81,94.53,94.67,94.53,94.67,95.23,94.95,95.37,95.37,95.09,95.51,95.37,95.37,95.51,95.51,94.81,94.81,94.81,94.81,95.51,95.79,95.93,95.79,95.65,95.65,95.65,95.09,95.09,95.37,95.37,95.23,95.65,95.65,95.51,95.65,95.65,95.51,95.51,95.51,95.51,95.23,95.51,95.37,95.51,95.51,95.51,95.51,95.51,95.51,95.65,95.65,95.65,95.65,95.79,95.79,95.79
B-PX211376,98.78,,99.07,96.28,95.78,96.21,93.90,93.06,92.78,92.64,92.78,92.36,92.50,92.64,92.92,92.64,94.18,94.32,94.32,93.06,92.92,93.06,93.06,93.06,93.06,93.06,92.92,93.06,93.34,92.64,93.48,92.78,92.78,92.78,93.06,92.50,92.50,92.64,92.50,92.78,92.78,92.78,92.50,92.92,92.92,92.64,92.92,93.20,92.64,92.92,92.92,92.92,92.92,94.46,94.46,94.88,94.60,94.32,94.74,95.02,95.16,94.88,94.88,95.02,95.16,95.16,95.16,96.00,96.00,95.72,95.72,95.72,95.72,95.44,95.72,95.72,96.28,95.86,96.00,96.28,96.28,96.28,96.28,96.28,95.58,95.30,95.44,95.30,95.44,96.00,95.72,96.14,96.14,95.86,96.28,96.14,96.14,96.28,96.28,95.30,95.30,95.30,95.30,96.00,96.00,95.86,96.28,96.14,96.14,96.14,95.58,95.58,95.86,95.86,95.86,96.14,96.14,96.00,96.14,96.14,96.00,96.00,96.00,96.00,95.72,96.00,95.86,96.00,96.00,96.00,96.00,96.00,96.00,96.14,96.14,96.14,96.14,96.28,96.28,96.28
B-PX211374,98.21,99.07,,95.71,95.21,95.64,93.34,92.50,92.22,92.08,92.22,92.08,91.94,92.08,92.36,92.08,93.62,93.76,93.76,92.50,92.36,92.50,92.50,92.50,92.50,92.50,92.36,92.50,92.78,92.08,92.64,92.22,92.50,92.50,92.50,91.94,91.94,92.08,91.94,92.22,92.22,92.22,92.22,92.08,92.08,92.08,92.36,92.64,92.36,92.64,92.64,92.64,92.64,94.18,94.18,94.32,94.04,93.76,94.18,94.46,94.60,94.32,94.32,94.46,94.60,94.60,94.60,95.44,95.44,95.16,95.16,95.16,95.16,94.88,95.16,95.16,95.72,95.30,95.44,95.72,95.72,95.72,95.72,95.72,95.86,95.58,95.72,95.58,95.72,95.44,96.00,95.58,95.58,96.14,96.00,95.86,95.86,96.00,96.00,94.74,94.74,94.74,94.74,95.44,95.44,95.30,95.72,95.58,95.58,95.58,95.02,95.02,95.30,95.30,95.30,95.58,95.58,95.44,95.58,95.58,95.44,95.44,95.44,95.44,95.16,95.44,95.30,95.44,95.44,95.44,95.44,95.44,95.44,95.58,95.58,95.58,95.58,95.72,95.72,95.72
A-PX211436,96.35,96.28,95.71,,96.78,96.92,91.51,91.23,90.95,90.81,90.95,92.92,93.06,93.34,93.62,93.06,93.48,93.62,93.62,95.30,95.30,95.44,95.44,95.44,95.44,95.44,94.74,94.88,93.48,93.34,93.90,93.76,93.48,93.48,93.76,93.48,93.48,93.62,93.48,93.76,93.76,93.76,93.48,93.48,93.48,93.62,93.62,94.18,93.62,93.90,93.90,93.90,93.90,92.64,92.64,93.06,93.06,92.78,92.64,93.20,93.34,93.06,93.06,93.20,93.34,92.50,92.50,93.62,93.62,93.06,93.06,93.06,93.06,93.06,93.06,93.06,93.06,92.64,93.06,93.06,93.06,93.06,93.06,93.06,92.36,92.08,92.22,92.08,92.22,92.78,92.50,92.92,92.92,92.64,93.06,92.92,92.92,93.06,93.06,92.36,92.36,92.36,92.36,93.06,93.06,93.20,93.34,93.20,93.20,93.20,92.78,92.78,92.92,92.92,92.78,93.20,93.20,93.06,93.20,93.20,93.06,93.06,93.06,93.06,92.78,93.06,92.92,93.06,93.06,93.06,93.06,93.06,93.06,93.20,93.20,93.20,93.20,93.34,93.34,93.34
A-PX211473,95.57,95.78,95.21,96.78,,97.85,91.30,91.58,91.30,91.16,91.30,92.99,93.13,93.41,93.69,93.13,93.55,93.69,93.69,94.11,93.97,94.11,94.11,94.11,94.11,94.11,94.25,94.39,93.83,93.83,94.25,94.11,94.11,94.11,95.51,96.49,96.49,94.53,94.39,94.67,94.67,94.67,94.39,94.39,94.39,94.53,94.53,95.09,94.53,94.81,94.81,94.81,94.81,92.99,92.99,93.13,92.85,92.57,92.71,93.27,93.41,93.13,93.13,93.27,93.41,92.57,92.57,93.13,93.13,92.85,92.85,92.85,92.57,92.57,92.57,92.57,92.85,92.15,92.57,92.57,92.57,92.57,92.57,92.57,91.87,91.58,91.73,91.58,91.73,92.29,92.01,92.43,92.71,92.15,92.57,92.43,92.43,92.57,92.57,91.87,91.87,91.87,91.87,92.57,92.57,92.71,92.85,92.71,92.71,92.71,92.43,92.43,92.43,92.43,92.29,92.71,92.71,92.57,92.71,92.71,92.57,92.57,92.57,92.57,92.29,92.57,92.43,92.57,92.57,92.57,92.57,92.57,92.57,92.71,92.71,92.71,92.71,92.85,92.85,92.85
A-PX211438,95.99,96.21,95.64,96.92,97.85,,91.44,91.44,91.16,91.02,91.16,93.13,93.55,93.83,94.11,93.55,93.69,93.83,93.83,93.97,93.83,93.97,93.97,93.97,93.97,93.97,94.39,94.53,94.25,94.11,94.67,94.25,94.81,94.81,94.81,94.53,94.53,95.79,95.65,95.93,95.93,95.93,94.81,95.09,95.09,95.51,95.51,96.07,95.51,95.79,95.79,95.79,95.79,92.85,92.85,93.27,93.27,92.99,93.13,93.41,93.27,93.27,93.27,93.41,93.55,92.71,92.99,93.55,93.55,93.27,93.27,93.27,92.99,92.71,92.99,92.99,92.99,92.57,92.99,92.99,92.99,92.99,92.99,92.99,92.29,92.01,92.15,92.01,92.15,92.71,92.43,92.85,92.85,92.85,92.99,92.85,92.85,92.99,92.99,92.29,92.29,92.29,92.29,92.99,92.99,93.13,93.27,93.13,93.13,93.13,92.57,92.57,92.85,92.85,92.71,93.13,93.13,92.99,93.13,93.13,92.99,92.99,92.99,92.99,92.71,92.99,92.85,92.99,92.99,92.99,92.99,92.99,92.99,93.13,93.13,93.13,93.13,93.27,93.27,93.27
B-MH182449,93.69,93.90,93.34,91.51,91.30,91.44,,96.01,95.80,95.66,95.94,95.25,95.32,95.18,95.52,95.32,96.83,96.83,96.69,95.66,95.52,95.59,95.59,95.59,95.66,95.66,95.52,95.52,95.80,95.80,95.94,95.80,95.32,95.32,95.66,95.45,95.52,95.11,95.18,95.39,95.45,95.39,95.59,95.59,95.59,95.45,95.66,95.80,95.66,95.80,95.80,95.80,95.80,97.04,97.11,97.11,97.04,96.90,97.04,97.18,97.45,97.31,97.31,97.52,97.59,98.48,98.00,97.52,97.59,98.07,98.07,98.07,97.73,97.38,97.66,97.59,97.25,96.97,96.76,97.18,97.18,97.25,97.25,97.38,96.83,96.69,96.76,96.76,96.90,97.38,96.97,96.97,97.31,97.04,97.18,97.18,97.18,97.25,97.25,97.18,97.11,97.04,97.04,96.97,97.38,97.45,97.45,97.38,97.38,97.38,97.25,97.25,97.38,97.38,97.31,97.66,97.66,97.66,97.73,97.73,97.45,97.59,97.45,97.52,97.49,97.56,97.59,97.59,97.66,97.66,97.63,97.63,97.38,97.45,97.38,97.66,97.66,97.59,97.59,97.66
A-MN479581,92.85,93.06,92.50,91.23,91.58,91.44,96.01,,99.38,99.24,99.52,95.52,95.52,95.59,95.80,95.73,97.25,97.25,97.11,95.80,95.66,95.73,95.73,95.73,95.80,95.80,95.66,95.66,96.21,95.80,96.35,96.07,95.73,95.73,95.94,95.73,95.80,95.25,95.32,95.45,95.59,95.52,95.94,95.87,95.87,95.87,96.21,96.21,95.94,96.07,96.07,96.07,96.07,97.18,97.25,97.25,97.45,97.31,97.31,97.59,97.59,97.87,97.87,98.07,98.14,96.83,97.31,97.25,97.31,97.52,97.52,97.52,97.45,97.38,97.38,97.45,96.83,96.56,96.49,96.76,96.76,96.83,96.83,96.83,96.56,96.56,96.63,96.63,96.63,96.69,96.83,96.69,96.90,96.76,96.76,97.04,96.90,96.97,96.97,96.49,96.56,96.49,96.49,96.69,96.97,97.04,97.04,97.11,97.11,97.11,96.83,96.83,96.97,96.97,96.90,97.25,97.25,97.25,97.31,97.31,97.04,97.18,97.04,97.25,96.93,97.00,97.04,97.04,97.11,97.11,97.07,97.07,96.97,97.04,97.11,97.25,97.25,97.18,97.18,97.25
A-PP861813,92.57,92.78,92.22,90.95,91.30,91.16,95.80,99.38,,99.45,99.72,95.32,95.32,95.39,95.59,95.52,96.90,96.76,96.63,95.45,95.32,95.39,95.39,95.39,95.45,95.45,95.32,95.32,95.87,95.59,96.01,95.73,95.39,95.39,95.59,95.39,95.45,95.04,95.11,95.11,95.25,95.18,95.59,95.52,95.52,95.52,95.87,95.87,95.59,95.73,95.73,95.73,95.73,96.83,96.90,97.04,97.25,97.25,97.11,97.25,97.25,97.52,97.52,97.73,97.80,96.63,96.97,96.90,96.97,97.18,97.18,97.18,97.11,97.04,97.04,97.11,96.49,96.21,96.28,96.42,96.42,96.49,96.49,96.49,96.35,96.35,96.42,96.42,96.42,96.35,96.63,96.49,96.56,96.56,96.69,96.83,96.69,96.76,96.76,96.14,96.21,96.14,96.14,96.35,96.63,96.69,96.69,96.76,96.76,96.76,96.49,96.49,96.76,96.76,96.69,96.90,96.90,96.90,96.97,96.97,96.83,96.97,96.69,96.90,96.58,96.65,96.69,96.83,96.76,96.76,96.72,96.72,96.63,96.69,96.76,96.90,96.90,96.83,96.83,96.90
A-PP861823,92.43,92.64,92.08,90.81,91.16,91.02,95.66,99.24,99.45,,99.59,95.18,95.18,95.25,95.59,95.39,96.76,96.63,96.49,95.32,95.18,95.25,95.25,95.25,95.32,95.32,95.18,95.18,95.73,95.45,95.87,95.59,95.25,95.25,95.45,95.25,95.32,94.90,94.97,94.97,95.11,95.04,95.45,95.39,95.39,95.39,95.73,95.73,95.45,95.59,95.59,95.59,95.59,96.69,96.76,96.90,97.11,97.11,96.97,97.11,97.11,97.38,97.38,97.59,97.66,96.49,96.83,96.76,96.83,97.04,97.04,97.04,96.97,96.90,96.90,96.97,96.49,96.21,96.14,96.42,96.42,96.49,96.49,96.49,96.21,96.21,96.28,96.28,96.28,96.35,96.49,96.35,96.56,96.35,96.56,96.69,96.56,96.63,96.63,96.01,96.07,96.01,96.01,96.21,96.49,96.56,96.69,96.63,96.63,96.63,96.35,96.35,96.49,96.49,96.42,96.76,96.76,96.76,96.83,96.83,96.56,96.69,96.56,96.76,96.44,96.51,96.56,96.56,96.63,96.63,96.58,96.58,96.49,96.56,96.63,96.76,96.76,96.69,96.69,96.76
A-OP850377,92.57,92.78,92.22,90.95,91.30,91.16,95.94,99.52,99.72,99.59,,95.45,95.45,95.52,95.73,95.66,97.04,96.90,96.76,95.59,95.45,95.52,95.52,95.52,95.59,95.59,95.45,95.45,96.01,95.73,96.14,95.87,95.52,95.52,95.73,95.52,95.59,95.18,95.25,95.25,95.39,95.32,95.73,95.66,95.66,95.66,96.01,96.01,95.73,95.87,95.87,95.87,95.87,96.97,97.04,97.18,97.25,97.25,97.25,97.38,97.38,97.66,97.66,97.87,97.93,96.76,97.11,97.04,97.11,97.31,97.31,97.31,97.25,97.18,97.18,97.25,96.63,96.35,96.28,96.56,96.56,96.63,96.63,96.63,96.35,96.35,96.42,96.56,96.42,96.49,96.63,96.49,96.69,96.56,96.69,96.83,96.69,96.76,96.76,96.28,96.35,96.28,96.28,96.49,96.76,96.83,96.83,96.90,96.90,96.90,96.63,96.63,96.76,96.76,96.69,97.04,97.04,97.04,97.11,97.11,96.83,96.97,96.83,97.04,96.72,96.79,96.83,96.83,96.90,96.90,96.86,96.86,96.76,96.83,96.90,97.04,97.04,96.97,96.97,97.04
A-MG181893,92.29,92.36,92.08,92.92,92.99,93.13,95.25,95.52,95.32,95.18,95.45,,98.76,98.14,98.48,98.14,96.90,97.18,97.04,97.11,96.97,97.04,97.04,97.04,97.11,97.11,96.97,96.97,96.97,97.11,97.25,97.38,96.76,96.76,97.11,96.76,96.83,96.83,96.76,96.76,96.90,96.83,96.56,96.76,96.76,97.04,97.25,97.38,97.11,97.25,97.25,97.25,97.25,96.42,96.49,96.56,96.69,96.69,96.56,97.04,96.83,96.97,96.97,97.18,97.25,96.07,96.28,96.49,96.56,96.76,96.76,96.76,96.56,96.49,96.49,96.56,96.07,95.94,95.73,96.01,96.01,96.07,96.07,95.94,95.73,95.52,95.59,95.59,95.59,95.94,95.80,95.80,96.14,95.87,96.01,96.01,96.01,96.07,96.07,95.73,95.80,95.73,95.73,95.94,96.21,96.28,96.28,96.21,96.21,96.21,96.07,96.07,96.21,96.21,96.28,96.56,96.56,96.49,96.56,96.56,96.28,96.42,96.28,96.35,96.23,96.30,96.42,96.28,96.35,96.35,96.37,96.37,96.21,96.28,96.35,96.49,96.49,96.42,96.42,96.49
A-MG181772,92.43,92.50,91.94,93.06,93.13,93.55,95.32,95.52,95.32,95.18,95.45,98.76,,98.42,98.76,98.42,96.90,97.18,97.04,97.25,97.11,97.18,97.18,97.18,97.25,97.25,97.25,97.25,97.11,97.11,97.38,97.52,96.90,96.90,97.11,96.76,96.83,97.11,97.04,97.04,97.18,97.11,96.69,96.90,96.90,97.31,97.38,97.52,97.25,97.38,97.38,97.38,97.38,96.28,96.35,96.56,96.69,96.69,96.56,97.04,96.83,96.97,96.97,97.18,97.25,96.07,96.28,96.49,96.56,96.76,96.76,96.76,96.56,96.49,96.49,96.56,96.07,95.94,95.80,96.01,96.01,96.07,96.07,95.94,95.73,95.52,95.59,95.59,95.59,95.94,95.87,95.80,96.14,95.87,96.01,96.01,96.01,96.07,96.07,95.73,95.80,95.73,95.73,95.94,96.21,96.28,96.28,96.21,96.21,96.21,96.07,96.07,96.21,96.21,96.28,96.56,96.56,96.49,96.56,96.56,96.28,96.42,96.28,96.35,96.23,96.30,96.42,96.28,96.35,96.35,96.37,96.37,96.21,96.28,96.35,96.49,96.49,96.42,96.42,96.49
A-MW715610,92.71,92.64,92.08,93.34,93.41,93.83,95.18,95.59,95.39,95.25,95.52,98.14,98.42,,98.69,98.35,96.90,97.11,96.97,97.31,97.18,97.25,97.25,97.25,97.31,97.31,97.31,97.31,97.11,97.04,97.45,97.59,96.83,96.83,97.04,96.69,96.76,96.76,96.69,96.69,96.83,96.76,96.63,96.69,96.69,97.25,97.31,97.45,97.18,97.31,97.31,97.31,97.31,96.28,96.35,96.49,96.63,96.63,96.69,96.97,96.76,96.90,96.90,97.11,97.18,95.87,96.21,96.56,96.63,96.69,96.69,96.69,96.49,96.42,96.42,96.49,96.01,95.87,95.66,95.94,95.94,96.01,96.01,95.87,95.66,95.45,95.52,95.52,95.52,96.01,95.73,95.87,96.07,95.80,95.94,95.94,95.94,96.01,96.01,95.80,95.87,95.94,95.94,95.87,96.14,96.21,96.21,96.14,96.14,96.14,96.01,96.01,96.14,96.14,96.07,96.49,96.49,96.42,96.49,96.49,96.21,96.35,96.21,96.28,96.16,96.23,96.35,96.21,96.28,96.28,96.30,96.30,96.14,96.21,96.28,96.42,96.42,96.35,96.35,96.42
A-LC105572,92.99,92.92,92.36,93.62,93.69,94.11,95.52,95.80,95.59,95.59,95.73,98.48,98.76,98.69,,99.38,97.31,97.45,97.31,97.38,97.25,97.31,97.31,97.31,97.38,97.38,97.38,97.38,97.38,97.38,97.66,97.80,97.18,97.18,97.38,97.04,97.11,97.11,97.04,97.04,97.18,97.11,97.11,97.18,97.18,97.45,97.66,97.80,97.52,97.66,97.66,97.66,97.66,96.69,96.76,96.83,97.11,97.11,96.83,97.31,97.11,97.38,97.25,97.45,97.52,96.21,96.56,96.76,96.83,97.04,97.04,97.04,96.83,96.76,96.76,96.83,96.35,96.21,96.01,96.28,96.28,96.35,96.35,96.21,96.01,95.80,95.87,95.87,95.87,96.21,96.07,96.07,96.42,96.14,96.28,96.28,96.28,96.35,96.35,96.01,96.07,96.01,96.01,96.21,96.49,96.56,96.69,96.49,96.49,96.49,96.49,96.35,96.49,96.49,96.42,96.83,96.83,96.76,96.83,96.83,96.56,96.69,96.56,96.63,96.51,96.58,96.69,96.56,96.63,96.63,96.65,96.65,96.49,96.56,96.63,96.76,96.76,96.69,96.69,96.76
A-KJ752156,92.71,92.64,92.08,93.06,93.13,93.55,95.32,95.73,95.52,95.39,95.66,98.14,98.42,98.35,99.38,,96.97,97.11,96.97,97.04,96.90,96.97,96.97,96.97,97.04,97.04,97.04,97.04,97.18,97.04,97.45,97.45,96.83,96.83,97.04,96.69,96.76,96.76,96.69,96.69,96.83,96.76,96.76,96.83,96.83,97.11,97.31,97.45,97.18,97.31,97.31,97.31,97.31,96.49,96.56,96.63,96.76,96.76,96.63,97.11,96.90,97.18,97.04,97.25,97.31,96.01,96.35,96.56,96.63,96.83,96.83,96.83,96.63,96.56,96.56,96.63,96.14,96.01,95.80,96.21,96.21,96.14,96.14,96.01,95.80,95.59,95.66,95.66,95.66,96.01,95.87,95.87,96.21,95.94,96.07,96.07,96.07,96.14,96.14,95.80,95.87,95.80,95.80,96.01,96.28,96.35,96.35,96.42,96.42,96.42,96.28,96.14,96.28,96.28,96.21,96.63,96.63,96.56,96.63,96.63,96.35,96.49,96.35,96.42,96.30,96.37,96.49,96.35,96.42,96.42,96.44,96.44,96.28,96.35,96.42,96.56,96.56,96.49,96.49,96.56
A-KC443002,93.97,94.18,93.62,93.48,93.55,93.69,96.83,97.25,96.90,96.76,97.04,96.90,96.90,96.90,97.31,96.97,,98.62,98.48,97.38,97.25,97.31,97.31,97.31,97.38,97.38,97.25,97.25,97.45,97.59,97.80,97.66,97.25,97.25,97.59,97.25,97.31,96.76,96.83,96.97,97.11,97.04,97.18,97.25,97.25,97.38,97.45,97.73,97.45,97.59,97.59,97.59,97.59,98.00,98.07,98.14,98.14,98.00,98.14,98.42,98.28,98.69,98.42,98.62,98.69,97.52,97.87,97.87,97.93,98.21,98.21,98.21,98.00,97.93,97.93,98.00,97.52,97.25,97.04,97.45,97.45,97.52,97.52,97.38,97.11,96.97,97.04,97.04,97.04,97.45,97.25,97.31,97.59,97.31,97.45,97.45,97.45,97.52,97.52,97.18,97.25,97.18,97.18,97.25,97.66,97.73,97.73,97.66,97.66,97.66,97.66,97.52,97.66,97.66,97.59,97.93,97.93,97.93,98.00,98.00,97.73,97.87,97.73,97.80,97.63,97.70,97.73,97.73,97.80,97.80,97.77,97.77,97.66,97.73,97.80,97.93,97.93,97.87,97.87,97.93
A-KU356580,94.11,94.32,93.76,93.62,93.69,93.83,96.83,97.25,96.76,96.63,96.90,97.18,97.18,97.11,97.45,97.11,98.62,,99.86,97.45,97.31,97.38,97.38,97.38,97.45,97.45,97.31,97.31,97.80,97.45,97.87,97.87,97.38,97.38,97.59,97.25,97.31,96.90,96.97,97.11,97.25,97.18,97.45,97.52,97.52,97.52,97.73,97.87,97.59,97.73,97.73,97.73,97.73,97.87,97.93,98.14,98.28,98.14,98.14,98.62,98.42,98.69,98.55,98.76,98.97,97.52,97.87,97.93,98.00,98.35,98.35,98.35,98.14,98.07,98.21,98.14,97.66,97.38,97.18,97.59,97.59,97.66,97.66,97.52,97.25,97.11,97.18,97.18,97.18,97.52,97.38,97.38,97.73,97.45,97.45,97.59,97.59,97.66,97.66,97.31,97.38,97.31,97.31,97.38,97.80,97.87,97.87,97.80,97.80,97.80,97.66,97.66,97.80,97.80,97.73,98.07,98.07,98.21,98.14,98.14,97.87,98.00,97.87,97.93,97.77,97.84,97.87,97.87,97.93,97.93,97.91,97.91,97.80,97.87,97.93,98.07,98.07,98.00,98.00,98.07
A-HQ641359,94.11,94.32,93.76,93.62,93.69,93.83,96.69,97.11,96.63,96.49,96.76,97.04,97.04,96.97,97.31,96.97,98.48,99.86,,97.31,97.18,97.25,97.25,97.25,97.31,97.31,97.18,97.18,97.66,97.31,97.73,97.73,97.25,97.25,97.45,97.11,97.18,96.90,96.97,96.97,97.11,97.04,97.31,97.38,97.38,97.38,97.59,97.73,97.45,97.59,97.59,97.59,97.59,97.73,97.80,98.00,98.14,98.00,98.00,98.48,98.28,98.55,98.42,98.62,98.83,97.38,97.73,97.80,97.87,98.21,98.21,98.21,98.00,97.93,98.07,98.00,97.52,97.25,97.04,97.45,97.45,97.52,97.52,97.38,97.11,96.97,97.04,97.04,97.04,97.38,97.25,97.25,97.59,97.31,97.31,97.45,97.45,97.52,97.52,97.18,97.25,97.18,97.18,97.25,97.66,97.73,97.73,97.66,97.66,97.66,97.52,97.52,97.66,97.66,97.59,97.93,97.93,98.07,98.00,98.00,97.73,97.87,97.73,97.80,97.63,97.70,97.73,97.73,97.80,97.80,97.77,97.77,97.66,97.73,97.80,97.93,97.93,97.87,97.87,97.93
A-LC569277,93.13,93.06,92.50,95.30,94.11,93.97,95.66,95.80,95.45,95.32,95.59,97.11,97.25,97.31,97.38,97.04,97.38,97.45,97.31,,99.79,99.86,99.86,99.86,99.93,99.93,98.76,98.76,97.11,97.38,97.80,97.93,97.18,97.18,97.66,97.45,97.52,97.11,97.18,97.31,97.45,97.38,97.25,97.31,97.31,97.59,97.66,97.93,97.66,97.80,97.80,97.80,97.80,96.63,96.69,96.90,97.25,96.97,96.90,97.31,97.25,97.25,97.25,97.45,97.52,96.35,96.69,97.04,97.11,97.18,97.18,97.18,96.97,96.90,96.90,96.97,96.49,96.21,96.14,96.42,96.42,96.49,96.49,96.35,96.07,95.94,96.01,96.01,96.01,96.49,96.21,96.35,96.69,96.28,96.42,96.42,96.42,96.49,96.49,96.14,96.21,96.14,96.14,96.35,96.63,96.69,96.69,96.63,96.63,96.63,96.56,96.56,96.63,96.63,96.56,96.90,96.90,96.90,96.97,96.97,96.69,96.83,96.69,96.76,96.72,96.79,96.69,96.69,96.76,96.76,96.86,96.86,96.63,96.69,96.76,96.90,96.90,96.83,96.83,96.90
A-LC477540,92.99,92.92,92.36,95.30,93.97,93.83,95.52,95.66,95.32,95.18,95.45,96.97,97.11,97.18,97.25,96.90,97.25,97.31,97.18,99.79,,99.79,99.79,99.79,99.86,99.86,98.62,98.62,96.97,97.25,97.66,97.80,97.04,97.04,97.52,97.31,97.38,96.97,97.04,97.18,97.31,97.25,97.11,97.18,97.18,97.45,97.52,97.80,97.52,97.66,97.66,97.66,97.66,96.49,96.56,96.76,97.11,96.83,96.76,97.18,97.11,97.11,97.11,97.31,97.38,96.21,96.56,96.90,96.97,97.04,97.04,97.04,96.83,96.76,96.76,96.83,96.49,96.21,96.01,96.28,96.28,96.35,96.35,96.21,95.94,95.80,95.87,95.87,95.87,96.35,96.07,96.21,96.56,96.14,96.28,96.28,96.28,96.35,96.35,96.01,96.07,96.01,96.01,96.21,96.49,96.56,96.56,96.49,96.49,96.49,96.42,96.42,96.49,96.49,96.42,96.76,96.76,96.76,96.83,96.83,96.56,96.69,96.56,96.63,96.58,96.65,96.56,96.56,96.63,96.63,96.72,96.72,96.49,96.56,96.63,96.76,96.76,96.69,96.69,96.76
A-LC228343,93.13,93.06,92.50,95.44,94.11,93.97,95.59,95.73,95.39,95.25,95.52,97.04,97.18,97.25,97.31,96.97,97.31,97.38,97.25,99.86,99.79,,99.86,99.86,99.93,99.93,98.69,98.69,97.04,97.31,97.73,97.87,97.11,97.11,97.59,97.38,97.45,97.04,97.11,97.25,97.38,97.31,97.18,97.25,97.25,97.52,97.59,97.87,97.59,97.73,97.73,97.73,97.73,96.56,96.63,96.83,97.18,96.90,96.83,97.25,97.18,97.18,97.18,97.38,97.45,96.28,96.63,96.97,97.04,97.11,97.11,97.11,96.90,96.83,96.83,96.90,96.42,96.14,96.07,96.35,96.35,96.42,96.42,96.28,96.01,95.87,95.94,95.94,95.94,96.42,96.14,96.28,96.63,96.21,96.35,96.35,96.35,96.42,96.42,96.07,96.14,96.07,96.07,96.28,96.56,96.63,96.63,96.56,96.56,96.56,96.49,96.49,96.56,96.56,96.49,96.83,96.83,96.83,96.90,96.90,96.63,96.76,96.63,96.69,96.65,96.72,96.63,96.63,96.69,96.69,96.79,96.79,96.56,96.63,96.69,96.83,96.83,96.76,96.76,96.83
A-LC228376,93.13,93.06,92.50,95.44,94.11,93.97,95.59,95.73,95.39,95.25,95.52,97.04,97.18,97.25,97.31,96.97,97.31,97.38,97.25,99.86,99.79,99.86,,99.86,99.93,99.93,98.69,98.69,97.04,97.31,97.73,97.87,97.11,97.11,97.59,97.38,97.45,97.04,97.11,97.25,97.38,97.31,97.18,97.25,97.25,97.52,97.59,97.87,97.59,97.73,97.73,97.73,97.73,96.56,96.63,96.83,97.18,96.90,96.83,97.25,97.18,97.18,97.18,97.38,97.45,96.28,96.63,96.97,97.04,97.11,97.11,97.11,96.90,96.83,96.83,96.90,96.42,96.14,96.07,96.35,96.35,96.42,96.42,96.28,96.01,95.87,95.94,95.94,95.94,96.42,96.14,96.28,96.63,96.21,96.35,96.35,96.35,96.42,96.42,96.07,96.14,96.07,96.07,96.28,96.56,96.63,96.63,96.56,96.56,96.56,96.49,96.49,96.56,96.56,96.49,96.83,96.83,96.83,96.90,96.90,96.63,96.76,96.63,96.69,96.65,96.72,96.63,96.63,96.69,96.69,96.79,96.79,96.56,96.63,96.69,96.83,96.83,96.76,96.76,96.83
A-LC228354,93.13,93.06,92.50,95.44,94.11,93.97,95.59,95.73,95.39,95.25,95.52,97.04,97.18,97.25,97.31,96.97,97.31,97.38,97.25,99.86,99.79,99.86,99.86,,99.93,99.93,98.69,98.69,97.04,97.31,97.73,97.87,97.11,97.11,97.59,97.38,97.45,97.04,97.11,97.25,97.38,97.31,97.18,97.25,97.25,97.52,97.59,97.87,97.59,97.73,97.73,97.73,97.73,96.56,96.63,96.83,97.18,96.90,96.83,97.25,97.18,97.18,97.18,97.38,97.45,96.28,96.63,96.97,97.04,97.11,97.11,97.11,96.90,96.83,96.83,96.90,96.42,96.14,96.07,96.35,96.35,96.42,96.42,96.28,96.01,95.87,95.94,95.94,95.94,96.42,96.14,96.28,96.63,96.21,96.35,96.35,96.35,96.42,96.42,96.07,96.14,96.07,96.07,96.28,96.56,96.63,96.63,96.56,96.56,96.56,96.49,96.49,96.56,96.56,96.49,96.83,96.83,96.83,96.90,96.90,96.63,96.76,96.63,96.69,96.65,96.72,96.63,96.63,96.69,96.69,96.79,96.79,96.56,96.63,96.69,96.83,96.83,96.76,96.76,96.83
A-LC569260,93.13,93.06,92.50,95.44,94.11,93.97,95.66,95.80,95.45,95.32,95.59,97.11,97.25,97.31,97.38,97.04,97.38,97.45,97.31,99.93,99.86,99.93,99.93,99.93,,100.00,98.76,98.76,97.11,97.38,97.80,97.93,97.18,97.18,97.66,97.45,97.52,97.11,97.18,97.31,97.45,97.38,97.25,97.31,97.31,97.59,97.66,97.93,97.66,97.80,97.80,97.80,97.80,96.63,96.69,96.90,97.25,96.97,96.90,97.31,97.25,97.25,97.25,97.45,97.52,96.35,96.69,97.04,97.11,97.18,97.18,97.18,96.97,96.90,96.90,96.97,96.49,96.21,96.14,96.42,96.42,96.49,96.49,96.35,96.07,95.94,96.01,96.01,96.01,96.49,96.21,96.35,96.69,96.28,96.42,96.42,96.42,96.49,96.49,96.14,96.21,96.14,96.14,96.35,96.63,96.69,96.69,96.63,96.63,96.63,96.56,96.56,96.63,96.63,96.56,96.90,96.90,96.90,96.97,96.97,96.69,96.83,96.69,96.76,96.72,96.79,96.69,96.69,96.76,96.76,96.86,96.86,96.63,96.69,96.76,96.90,96.90,96.83,96.83,96.90
A-LC569232,93.13,93.06,92.50,95.44,94.11,93.97,95.66,95.80,95.45,95.32,95.59,97.11,97.25,97.31,97.38,97.04,97.38,97.45,97.31,99.93,99.86,99.93,99.93,99.93,100.00,,98.76,98.76,97.11,97.38,97.80,97.93,97.18,97.18,97.66,97.45,97.52,97.11,97.18,97.31,97.45,97.38,97.25,97.31,97.31,97.59,97.66,97.93,97.66,97.80,97.80,97.80,97.80,96.63,96.69,96.90,97.25,96.97,96.90,97.31,97.25,97.25,97.25,97.45,97.52,96.35,96.69,97.04,97.11,97.18,97.18,97.18,96.97,96.90,96.90,96.97,96.49,96.21,96.14,96.42,96.42,96.49,96.49,96.35,96.07,95.94,96.01,96.01,96.01,96.49,96.21,96.35,96.69,96.28,96.42,96.42,96.42,96.49,96.49,96.14,96.21,96.14,96.14,96.35,96.63,96.69,96.69,96.63,96.63,96.63,96.56,96.56,96.63,96.63,96.56,96.90,96.90,96.90,96.97,96.97,96.69,96.83,96.69,96.76,96.72,96.79,96.69,96.69,96.76,96.76,96.86,96.86,96.63,96.69,96.76,96.90,96.90,96.83,96.83,96.90
A-OP717689,92.99,92.92,92.36,94.74,94.25,94.39,95.52,95.66,95.32,95.18,95.45,96.97,97.25,97.31,97.38,97.04,97.25,97.31,97.18,98.76,98.62,98.69,98.69,98.69,98.76,98.76,,99.59,97.25,97.52,97.93,98.07,97.18,97.18,97.66,97.45,97.38,97.11,97.18,97.31,97.45,97.38,97.11,97.18,97.18,97.59,97.66,97.93,97.66,97.80,97.80,97.80,97.80,96.49,96.56,96.76,96.97,96.83,96.76,97.11,96.97,97.11,97.11,97.31,97.38,96.21,96.42,96.76,96.83,96.90,96.90,96.90,96.69,96.63,96.63,96.69,96.35,95.94,95.87,96.14,96.14,96.21,96.21,96.21,95.80,95.66,95.73,95.73,95.73,96.21,95.94,96.07,96.42,96.01,96.01,96.14,96.14,96.21,96.21,95.87,95.94,95.87,95.87,96.07,96.35,96.42,96.42,96.35,96.35,96.35,96.28,96.28,96.49,96.49,96.42,96.63,96.63,96.63,96.69,96.69,96.42,96.56,96.42,96.49,96.44,96.51,96.42,96.42,96.49,96.49,96.58,96.58,96.35,96.42,96.49,96.63,96.63,96.56,96.56,96.63
A-OP717686,93.13,93.06,92.50,94.88,94.39,94.53,95.52,95.66,95.32,95.18,95.45,96.97,97.25,97.31,97.38,97.04,97.25,97.31,97.18,98.76,98.62,98.69,98.69,98.69,98.76,98.76,99.59,,97.25,97.52,97.93,98.07,97.18,97.18,97.66,97.45,97.38,97.11,97.18,97.31,97.45,97.38,97.11,97.18,97.18,97.59,97.66,97.93,97.66,97.80,97.80,97.80,97.80,96.49,96.56,96.76,96.97,96.83,96.76,97.11,96.97,97.11,97.11,97.31,97.38,96.21,96.42,96.76,96.83,96.90,96.90,96.90,96.69,96.63,96.63,96.69,96.35,95.94,95.87,96.14,96.14,96.21,96.21,96.21,95.80,95.66,95.73,95.73,95.73,96.21,95.94,96.07,96.42,96.01,96.01,96.14,96.14,96.21,96.21,95.87,95.94,95.87,95.87,96.07,96.35,96.42,96.42,96.35,96.35,96.35,96.28,96.28,96.49,96.49,96.42,96.63,96.63,96.63,96.69,96.69,96.42,96.56,96.42,96.49,96.44,96.51,96.42,96.42,96.49,96.49,96.58,96.58,96.35,96.42,96.49,96.63,96.63,96.56,96.56,96.63
A-MG181662,93.13,93.34,92.78,93.48,93.83,94.25,95.80,96.21,95.87,95.73,96.01,96.97,97.11,97.11,97.38,97.18,97.45,97.80,97.66,97.11,96.97,97.04,97.04,97.04,97.11,97.11,97.25,97.25,,97.38,97.80,97.80,97.31,97.31,97.66,97.31,97.38,96.97,97.04,97.18,97.31,97.25,97.11,97.18,97.18,97.59,97.80,97.93,97.66,97.80,97.80,97.80,97.80,97.11,97.18,97.52,97.52,97.38,97.25,97.66,97.52,97.66,97.66,97.87,97.93,96.63,96.97,97.18,97.25,97.52,97.52,97.52,97.25,97.18,97.18,97.25,96.76,96.49,96.56,96.69,96.69,96.76,96.76,96.63,96.35,96.21,96.28,96.28,96.28,96.63,96.49,96.49,96.83,96.56,96.56,96.69,96.69,96.76,96.76,96.42,96.49,96.42,96.42,96.49,96.90,96.97,96.97,96.90,96.90,96.90,96.76,96.76,96.90,96.90,96.83,97.18,97.18,97.18,97.25,97.25,96.97,97.11,96.97,97.04,96.86,96.93,96.97,96.97,97.04,97.04,97.00,97.00,96.90,96.97,97.04,97.18,97.18,97.11,97.11,97.18
A-HQ657133,92.43,92.64,92.08,93.34,93.83,94.11,95.80,95.80,95.59,95.45,95.73,97.11,97.11,97.04,97.38,97.04,97.59,97.45,97.31,97.38,97.25,97.31,97.31,97.31,97.38,97.38,97.52,97.52,97.38,,97.93,97.93,97.59,97.59,97.93,97.66,97.73,97.25,97.31,97.52,97.59,97.52,97.38,97.45,97.45,97.87,97.93,98.21,97.93,98.07,98.07,98.07,98.07,96.69,96.76,96.97,96.97,96.83,96.97,97.25,97.11,97.25,97.25,97.45,97.52,96.35,96.69,96.76,96.83,97.04,97.04,97.04,96.83,96.76,96.76,96.83,96.63,96.35,96.28,96.56,96.56,96.63,96.63,96.63,96.21,96.07,96.14,96.14,96.14,96.49,96.35,96.35,96.69,96.42,96.56,96.56,96.56,96.63,96.63,96.28,96.35,96.28,96.28,96.49,96.76,96.83,96.83,96.76,96.76,96.76,96.63,96.63,96.76,96.76,96.69,97.04,97.04,97.04,97.11,97.11,96.83,96.97,96.69,96.76,96.79,96.86,96.83,96.83,96.90,96.90,96.93,96.93,96.76,96.83,96.90,97.04,97.04,96.97,96.97,97.04
A-KR705196,92.99,93.48,92.64,93.90,94.25,94.67,95.94,96.35,96.01,95.87,96.14,97.25,97.38,97.45,97.66,97.45,97.80,97.87,97.73,97.80,97.66,97.73,97.73,97.73,97.80,97.80,97.93,97.93,97.80,97.93,,98.35,97.59,97.59,98.07,97.73,97.80,97.66,97.73,97.87,97.87,97.80,97.59,97.73,97.73,98.00,98.21,98.35,98.07,98.21,98.21,98.21,98.21,97.18,97.25,97.38,97.38,97.25,97.31,97.66,97.66,97.66,97.66,97.87,97.93,96.76,96.97,97.31,97.38,97.45,97.45,97.45,97.25,97.18,97.18,97.25,96.76,96.49,96.42,96.83,96.83,96.90,96.90,96.63,96.35,96.21,96.28,96.28,96.28,96.76,96.49,96.63,96.83,96.56,96.56,96.69,96.69,96.76,96.76,96.42,96.49,96.42,96.42,96.63,96.90,96.97,96.97,97.04,97.04,97.04,96.76,96.76,96.90,96.90,96.83,97.18,97.18,97.18,97.25,97.25,96.97,97.11,96.97,97.04,96.93,97.14,96.97,96.97,97.04,97.04,97.07,97.07,96.90,96.97,97.04,97.18,97.18,97.11,97.11,97.18
A-KC443340,92.85,92.78,92.22,93.76,94.11,94.25,95.80,96.07,95.73,95.59,95.87,97.38,97.52,97.59,97.80,97.45,97.66,97.87,97.73,97.93,97.80,97.87,97.87,97.87,97.93,97.93,98.07,98.07,97.80,97.93,98.35,,97.59,97.59,98.07,97.73,97.80,97.38,97.45,97.59,97.73,97.66,97.52,97.59,97.59,98.00,98.07,98.35,98.07,98.21,98.21,98.21,98.21,96.90,96.97,97.11,97.25,97.11,97.18,97.52,97.52,97.52,97.52,97.73,97.80,96.49,96.97,97.18,97.25,97.38,97.38,97.38,97.11,97.04,97.18,97.11,96.63,96.35,96.42,96.56,96.56,96.63,96.63,96.49,96.21,96.07,96.14,96.14,96.14,96.63,96.35,96.49,96.69,96.42,96.42,96.56,96.56,96.63,96.63,96.42,96.49,96.42,96.42,96.49,96.76,96.83,96.83,96.76,96.76,96.76,96.76,96.76,96.76,96.76,96.69,97.04,97.04,97.04,97.11,97.11,96.83,96.97,96.83,96.90,96.79,96.86,96.83,96.83,96.90,96.90,96.93,96.93,96.76,96.83,96.90,97.04,97.04,96.97,96.97,97.04
A-KC443362,92.57,92.78,92.50,93.48,94.11,94.81,95.32,95.73,95.39,95.25,95.52,96.76,96.90,96.83,97.18,96.83,97.25,97.38,97.25,97.18,97.04,97.11,97.11,97.11,97.18,97.18,97.18,97.18,97.31,97.59,97.59,97.59,,100.00,98.00,97.66,97.73,97.59,97.66,97.80,97.93,97.87,97.73,97.93,97.93,98.21,98.28,98.55,98.28,98.42,98.42,98.42,98.42,96.49,96.56,96.76,96.90,96.76,96.90,97.18,97.04,97.18,97.18,97.38,97.45,96.14,96.49,96.69,96.76,96.97,96.97,96.97,96.76,96.69,96.69,96.76,96.42,96.14,96.07,96.35,96.35,96.42,96.42,96.28,96.14,96.01,96.07,96.07,96.07,96.28,96.28,96.14,96.49,96.35,96.49,96.49,96.49,96.56,96.56,96.07,96.14,96.07,96.07,96.42,96.56,96.63,96.63,96.56,96.56,96.56,96.42,96.42,96.56,96.56,96.49,96.83,96.83,96.83,96.90,96.90,96.63,96.76,96.63,96.69,96.58,96.65,96.63,96.63,96.69,96.69,96.72,96.72,96.56,96.63,96.69,96.83,96.83,96.76,96.76,96.83
A-KC443217,92.57,92.78,92.50,93.48,94.11,94.81,95.32,95.73,95.39,95.25,95.52,96.76,96.90,96.83,97.18,96.83,97.25,97.38,97.25,97.18,97.04,97.11,97.11,97.11,97.18,97.18,97.18,97.18,97.31,97.59,97.59,97.59,100.00,,98.00,97.66,97.73,97.59,97.66,97.80,97.93,97.87,97.73,97.93,97.93,98.21,98.28,98.55,98.28,98.42,98.42,98.42,98.42,96.49,96.56,96.76,96.90,96.76,96.90,97.18,97.04,97.18,97.18,97.38,97.45,96.14,96.49,96.69,96.76,96.97,96.97,96.97,96.76,96.69,96.69,96.76,96.42,96.14,96.07,96.35,96.35,96.42,96.42,96.28,96.14,96.01,96.07,96.07,96.07,96.28,96.28,96.14,96.49,96.35,96.49,96.49,96.49,96.56,96.56,96.07,96.14,96.07,96.07,96.42,96.56,96.63,96.63,96.56,96.56,96.56,96.42,96.42,96.56,96.56,96.49,96.83,96.83,96.83,96.90,96.90,96.63,96.76,96.63,96.69,96.58,96.65,96.63,96.63,96.69,96.69,96.72,96.72,96.56,96.63,96.69,96.83,96.83,96.76,96.76,96.83
A-KC834696,92.85,93.06,92.50,93.76,95.51,94.81,95.66,95.94,95.59,95.45,95.73,97.11,97.11,97.04,97.38,97.04,97.59,97.59,97.45,97.66,97.52,97.59,97.59,97.59,97.66,97.66,97.66,97.66,97.66,97.93,98.07,98.07,98.00,98.00,,99.38,99.45,98.07,98.14,98.28,98.28,98.21,97.93,98.14,98.14,98.55,98.62,98.90,98.62,98.76,98.76,98.76,98.76,96.83,96.90,96.97,97.11,96.97,96.97,97.52,97.38,97.38,97.38,97.59,97.66,96.35,96.83,96.90,96.97,97.18,97.18,97.18,96.97,96.90,96.90,96.97,96.76,96.35,96.28,96.56,96.56,96.63,96.63,96.49,96.21,96.07,96.14,96.14,96.14,96.49,96.35,96.42,96.83,96.42,96.42,96.56,96.56,96.63,96.63,96.28,96.35,96.28,96.28,96.49,96.76,96.83,96.83,96.76,96.76,96.76,96.76,96.76,96.76,96.76,96.69,97.04,97.04,97.04,97.11,97.11,96.83,96.97,96.83,96.90,96.79,96.86,96.83,96.83,96.90,96.90,96.93,96.93,96.76,96.83,96.90,97.04,97.04,96.97,96.97,97.04
A-KJ918784,92.29,92.50,91.94,93.48,96.49,94.53,95.45,95.73,95.39,95.25,95.52,96.76,96.76,96.69,97.04,96.69,97.25,97.25,97.11,97.45,97.31,97.38,97.38,97.38,97.45,97.45,97.45,97.45,97.31,97.66,97.73,97.73,97.66,97.66,99.38,,99.93,97.87,97.93,98.07,98.07,98.00,97.87,98.07,98.07,98.35,98.42,98.69,98.42,98.55,98.55,98.55,98.55,96.63,96.69,96.63,96.76,96.63,96.63,97.18,97.04,97.04,97.04,97.25,97.31,96.14,96.63,96.56,96.63,96.83,96.83,96.83,96.63,96.56,96.56,96.63,96.42,96.01,95.94,96.21,96.21,96.28,96.28,96.14,95.87,95.73,95.80,95.80,95.80,96.14,96.01,96.01,96.49,96.07,96.07,96.21,96.21,96.28,96.28,95.94,96.01,95.94,95.94,96.14,96.42,96.49,96.49,96.42,96.42,96.42,96.42,96.42,96.42,96.42,96.35,96.69,96.69,96.69,96.76,96.76,96.49,96.63,96.49,96.56,96.44,96.51,96.49,96.49,96.56,96.56,96.58,96.58,96.42,96.49,96.56,96.69,96.69,96.63,96.63,96.69
A-KC443351,92.29,92.50,91.94,93.48,96.49,94.53,95.52,95.80,95.45,95.32,95.59,96.83,96.83,96.76,97.11,96.76,97.31,97.31,97.18,97.52,97.38,97.45,97.45,97.45,97.52,97.52,97.38,97.38,97.38,97.73,97.80,97.80,97.73,97.73,99.45,99.93,,97.93,98.00,98.14,98.14,98.07,97.93,98.14,98.14,98.42,98.48,98.76,98.48,98.62,98.62,98.62,98.62,96.69,96.76,96.69,96.83,96.69,96.69,97.25,97.11,97.11,97.11,97.31,97.38,96.21,96.69,96.63,96.69,96.90,96.90,96.90,96.69,96.63,96.63,96.69,96.49,96.07,96.01,96.28,96.28,96.35,96.35,96.21,95.94,95.80,95.87,95.87,95.87,96.21,96.07,96.07,96.56,96.14,96.14,96.28,96.28,96.35,96.35,96.01,96.07,96.01,96.01,96.21,96.49,96.56,96.56,96.49,96.49,96.49,96.49,96.49,96.49,96.49,96.42,96.76,96.76,96.76,96.83,96.83,96.56,96.69,96.56,96.63,96.51,96.58,96.56,96.56,96.63,96.63,96.65,96.65,96.49,96.56,96.63,96.76,96.76,96.69,96.69,96.76
A-PP861879,92.43,92.64,92.08,93.62,94.53,95.79,95.11,95.25,95.04,94.90,95.18,96.83,97.11,96.76,97.11,96.76,96.76,96.90,96.90,97.11,96.97,97.04,97.04,97.04,97.11,97.11,97.11,97.11,96.97,97.25,97.66,97.38,97.59,97.59,98.07,97.87,97.93,,99.66,99.52,99.38,99.31,97.87,98.14,98.14,98.55,98.62,98.90,98.62,98.76,98.76,98.76,98.76,96.14,96.21,96.42,96.42,96.42,96.28,96.76,96.69,96.69,96.69,96.90,96.97,95.94,96.14,96.21,96.28,96.49,96.49,96.49,96.28,96.21,96.21,96.28,95.94,95.66,95.59,95.87,95.87,95.94,95.94,95.80,95.59,95.39,95.45,95.45,95.45,95.80,95.66,95.66,96.01,95.73,95.73,95.87,95.87,95.94,95.94,95.59,95.66,95.59,95.59,95.80,96.07,96.14,96.14,96.07,96.07,96.07,95.94,95.94,96.07,96.07,96.01,96.42,96.42,96.35,96.42,96.42,96.14,96.28,96.21,96.28,96.09,96.16,96.14,96.14,96.21,96.21,96.23,96.23,96.07,96.14,96.21,96.35,96.35,96.28,96.28,96.35
A-PP861825,92.29,92.50,91.94,93.48,94.39,95.65,95.18,95.32,95.11,94.97,95.25,96.76,97.04,96.69,97.04,96.69,96.83,96.97,96.97,97.18,97.04,97.11,97.11,97.11,97.18,97.18,97.18,97.18,97.04,97.31,97.73,97.45,97.66,97.66,98.14,97.93,98.00,99.66,,99.59,99.45,99.38,97.93,98.21,98.21,98.62,98.69,98.97,98.69,98.83,98.83,98.83,98.83,96.21,96.28,96.49,96.49,96.49,96.35,96.76,96.76,96.76,96.76,96.97,97.04,96.01,96.21,96.28,96.35,96.56,96.56,96.56,96.35,96.28,96.28,96.35,96.01,95.73,95.66,95.94,95.94,96.01,96.01,95.87,95.59,95.45,95.52,95.52,95.52,95.87,95.73,95.73,96.07,95.80,95.80,95.94,95.94,96.01,96.01,95.66,95.73,95.66,95.66,95.87,96.14,96.21,96.21,96.14,96.14,96.14,96.01,96.01,96.14,96.14,96.07,96.42,96.42,96.42,96.49,96.49,96.21,96.35,96.28,96.35,96.16,96.23,96.21,96.21,96.28,96.28,96.30,96.30,96.28,96.35,96.28,96.42,96.42,96.35,96.35,96.42
A-OP850378,92.57,92.78,92.22,93.76,94.67,95.93,95.39,95.45,95.11,94.97,95.25,96.76,97.04,96.69,97.04,96.69,96.97,97.11,96.97,97.31,97.18,97.25,97.25,97.25,97.31,97.31,97.31,97.31,97.18,97.52,97.87,97.59,97.80,97.80,98.28,98.07,98.14,99.52,99.59,,99.59,99.52,98.07,98.35,98.35,98.76,98.83,99.10,98.83,98.97,98.97,98.97,98.97,96.35,96.42,96.63,96.63,96.49,96.49,96.90,96.90,96.90,96.90,97.11,97.18,96.14,96.35,96.42,96.49,96.69,96.69,96.69,96.49,96.42,96.42,96.49,96.14,95.87,95.80,96.07,96.07,96.14,96.14,96.01,95.73,95.59,95.66,95.66,95.66,96.01,95.87,95.87,96.21,95.94,95.94,96.07,96.07,96.14,96.14,95.80,95.87,95.80,95.80,96.01,96.28,96.35,96.35,96.28,96.28,96.28,96.14,96.14,96.28,96.28,96.21,96.56,96.56,96.56,96.63,96.63,96.49,96.49,96.42,96.49,96.30,96.37,96.35,96.35,96.42,96.42,96.44,96.44,96.28,96.35,96.42,96.56,96.56,96.49,96.49,96.56
A-LC514509,92.57,92.78,92.22,93.76,94.67,95.93,95.45,95.59,95.25,95.11,95.39,96.90,97.18,96.83,97.18,96.83,97.11,97.25,97.11,97.45,97.31,97.38,97.38,97.38,97.45,97.45,97.45,97.45,97.31,97.59,97.87,97.73,97.93,97.93,98.28,98.07,98.14,99.38,99.45,99.59,,99.93,98.21,98.48,98.48,98.90,98.97,99.24,98.97,99.10,99.10,99.10,99.10,96.49,96.56,96.76,96.76,96.63,96.63,97.04,97.04,97.04,97.04,97.25,97.31,96.42,96.49,96.56,96.63,96.83,96.83,96.83,96.63,96.56,96.56,96.63,96.28,96.01,95.94,96.21,96.21,96.28,96.28,96.14,95.87,95.73,95.94,95.80,95.80,96.14,96.01,96.01,96.35,96.07,96.07,96.21,96.21,96.28,96.28,95.94,96.01,95.94,95.94,96.14,96.42,96.49,96.49,96.42,96.42,96.42,96.28,96.28,96.42,96.42,96.35,96.69,96.69,96.69,96.76,96.76,96.49,96.63,96.49,96.56,96.44,96.51,96.49,96.49,96.56,96.56,96.58,96.58,96.42,96.49,96.56,96.69,96.69,96.63,96.63,96.69
A-LC514476,92.57,92.78,92.22,93.76,94.67,95.93,95.39,95.52,95.18,95.04,95.32,96.83,97.11,96.76,97.11,96.76,97.04,97.18,97.04,97.38,97.25,97.31,97.31,97.31,97.38,97.38,97.38,97.38,97.25,97.52,97.80,97.66,97.87,97.87,98.21,98.00,98.07,99.31,99.38,99.52,99.93,,98.14,98.42,98.42,98.83,98.90,99.17,98.90,99.04,99.04,99.04,99.04,96.42,96.49,96.69,96.69,96.56,96.56,96.97,96.97,96.97,96.97,97.18,97.25,96.35,96.42,96.49,96.56,96.76,96.76,96.76,96.56,96.49,96.49,96.56,96.21,95.94,95.87,96.14,96.14,96.21,96.21,96.07,95.80,95.66,95.87,95.73,95.73,96.07,95.94,95.94,96.28,96.01,96.01,96.14,96.14,96.21,96.21,95.87,95.94,95.87,95.87,96.07,96.35,96.42,96.42,96.35,96.35,96.35,96.21,96.21,96.35,96.35,96.28,96.63,96.63,96.63,96.69,96.69,96.42,96.56,96.42,96.49,96.37,96.44,96.42,96.42,96.49,96.49,96.51,96.51,96.35,96.42,96.49,96.63,96.63,96.56,96.56,96.63
A-KF716387,92.29,92.50,92.22,93.48,94.39,94.81,95.59,95.94,95.59,95.45,95.73,96.56,96.69,96.63,97.11,96.76,97.18,97.45,97.31,97.25,97.11,97.18,97.18,97.18,97.25,97.25,97.11,97.11,97.11,97.38,97.59,97.52,97.73,97.73,97.93,97.87,97.93,97.87,97.93,98.07,98.21,98.14,,99.10,99.10,98.42,98.48,98.76,98.48,98.62,98.62,98.62,98.62,96.63,96.69,96.76,96.83,96.69,96.69,97.18,97.04,97.11,97.11,97.31,97.38,96.28,96.69,96.63,96.69,96.90,96.90,96.90,96.69,96.63,96.63,96.69,96.35,96.07,96.01,96.28,96.28,96.35,96.35,96.21,96.07,95.94,96.01,96.01,96.01,96.21,96.21,96.07,96.42,96.28,96.28,96.42,96.42,96.49,96.49,96.01,96.07,96.01,96.01,96.21,96.49,96.56,96.56,96.49,96.49,96.49,96.35,96.35,96.49,96.49,96.42,96.76,96.76,96.76,96.83,96.83,96.56,96.69,96.56,96.63,96.51,96.58,96.56,96.56,96.63,96.63,96.65,96.65,96.49,96.56,96.63,96.76,96.76,96.69,96.69,96.76
A-LC169990,92.29,92.92,92.08,93.48,94.39,95.09,95.59,95.87,95.52,95.39,95.66,96.76,96.90,96.69,97.18,96.83,97.25,97.52,97.38,97.31,97.18,97.25,97.25,97.25,97.31,97.31,97.18,97.18,97.18,97.45,97.73,97.59,97.93,97.93,98.14,98.07,98.14,98.14,98.21,98.35,98.48,98.42,99.10,,100.00,98.76,98.83,99.10,98.83,98.97,98.97,98.97,98.97,96.63,96.69,96.76,96.90,96.76,96.76,97.25,97.04,97.18,97.18,97.38,97.45,96.28,96.76,96.69,96.76,96.97,96.97,96.97,96.76,96.69,96.69,96.76,96.42,96.14,96.07,96.35,96.35,96.42,96.42,96.28,96.01,95.87,95.94,95.94,95.94,96.28,96.14,96.14,96.49,96.21,96.21,96.35,96.35,96.42,96.42,96.07,96.14,96.07,96.07,96.28,96.56,96.63,96.63,96.56,96.56,96.56,96.42,96.42,96.56,96.56,96.63,96.83,96.83,96.83,96.90,96.90,96.63,96.76,96.63,96.69,96.58,96.65,96.63,96.63,96.69,96.69,96.72,96.72,96.56,96.63,96.69,96.83,96.83,96.76,96.76,96.83
A-LC169979,92.29,92.92,92.08,93.48,94.39,95.09,95.59,95.87,95.52,95.39,95.66,96.76,96.90,96.69,97.18,96.83,97.25,97.52,97.38,97.31,97.18,97.25,97.25,97.25,97.31,97.31,97.18,97.18,97.18,97.45,97.73,97.59,97.93,97.93,98.14,98.07,98.14,98.14,98.21,98.35,98.48,98.42,99.10,100.00,,98.76,98.83,99.10,98.83,98.97,98.97,98.97,98.97,96.63,96.69,96.76,96.90,96.76,96.76,97.25,97.04,97.18,97.18,97.38,97.45,96.28,96.76,96.69,96.76,96.97,96.97,96.97,96.76,96.69,96.69,96.76,96.42,96.14,96.07,96.35,96.35,96.42,96.42,96.28,96.01,95.87,95.94,95.94,95.94,96.28,96.14,96.14,96.49,96.21,96.21,96.35,96.35,96.42,96.42,96.07,96.14,96.07,96.07,96.28,96.56,96.63,96.63,96.56,96.56,96.56,96.42,96.42,96.56,96.56,96.63,96.83,96.83,96.83,96.90,96.90,96.63,96.76,96.63,96.69,96.58,96.65,96.63,96.63,96.69,96.69,96.72,96.72,96.56,96.63,96.69,96.83,96.83,96.76,96.76,96.83
A-KJ721779,92.71,92.64,92.08,93.62,94.53,95.51,95.45,95.87,95.52,95.39,95.66,97.04,97.31,97.25,97.45,97.11,97.38,97.52,97.38,97.59,97.45,97.52,97.52,97.52,97.59,97.59,97.59,97.59,97.59,97.87,98.00,98.00,98.21,98.21,98.55,98.35,98.42,98.55,98.62,98.76,98.90,98.83,98.42,98.76,98.76,,99.24,99.52,99.38,99.38,99.38,99.38,99.38,96.63,96.69,96.90,97.04,96.90,96.90,97.31,97.18,97.31,97.31,97.52,97.59,96.28,96.76,96.83,96.90,97.11,97.11,97.11,97.04,96.97,96.97,97.04,96.56,96.28,96.21,96.49,96.49,96.56,96.56,96.42,96.14,96.01,96.07,96.07,96.07,96.42,96.35,96.28,96.63,96.35,96.35,96.49,96.49,96.56,96.56,96.21,96.28,96.21,96.21,96.42,96.69,96.76,96.76,96.69,96.69,96.69,96.56,96.56,96.69,96.69,96.63,96.97,96.97,96.97,97.04,97.04,96.76,96.90,96.76,96.83,96.72,96.79,96.76,96.76,96.83,96.83,96.86,96.86,96.69,96.76,96.83,96.97,96.97,96.90,96.90,96.97
A-KJ721773,92.71,92.92,92.36,93.62,94.53,95.51,95.66,96.21,95.87,95.73,96.01,97.25,97.38,97.31,97.66,97.31,97.45,97.73,97.59,97.66,97.52,97.59,97.59,97.59,97.66,97.66,97.66,97.66,97.80,97.93,98.21,98.07,98.28,98.28,98.62,98.42,98.48,98.62,98.69,98.83,98.97,98.90,98.48,98.83,98.83,99.24,,99.59,99.31,99.45,99.45,99.45,99.45,96.83,96.90,97.11,97.25,97.11,97.11,97.52,97.38,97.52,97.52,97.73,97.80,96.49,96.97,97.04,97.11,97.31,97.31,97.31,97.11,97.04,97.04,97.11,96.76,96.49,96.42,96.69,96.69,96.76,96.76,96.63,96.35,96.35,96.42,96.42,96.42,96.63,96.49,96.49,96.83,96.56,96.56,96.69,96.69,96.76,96.76,96.42,96.49,96.42,96.42,96.63,96.90,96.97,96.97,96.90,96.90,96.90,96.76,96.76,96.90,96.90,96.83,97.18,97.18,97.18,97.25,97.25,96.97,97.11,96.97,97.04,96.93,97.00,96.97,96.97,97.04,97.04,97.07,97.07,96.90,96.97,97.04,97.18,97.18,97.11,97.11,97.18
A-KJ721783,92.99,93.20,92.64,94.18,95.09,96.07,95.80,96.21,95.87,95.73,96.01,97.38,97.52,97.45,97.80,97.45,97.73,97.87,97.73,97.93,97.80,97.87,97.87,97.87,97.93,97.93,97.93,97.93,97.93,98.21,98.35,98.35,98.55,98.55,98.90,98.69,98.76,98.90,98.97,99.10,99.24,99.17,98.76,99.10,99.10,99.52,99.59,,99.59,99.72,99.72,99.72,99.72,96.97,97.04,97.25,97.38,97.25,97.25,97.66,97.52,97.66,97.66,97.87,97.93,96.63,97.11,97.18,97.25,97.45,97.45,97.45,97.25,97.18,97.18,97.25,96.90,96.63,96.56,96.83,96.83,96.90,96.90,96.76,96.49,96.35,96.42,96.42,96.42,96.76,96.63,96.63,96.97,96.69,96.69,96.83,96.83,96.90,96.90,96.56,96.63,96.56,96.56,96.76,97.04,97.11,97.11,97.04,97.04,97.04,96.90,96.90,97.04,97.04,96.97,97.31,97.31,97.31,97.38,97.38,97.11,97.25,97.11,97.18,97.07,97.14,97.11,97.11,97.18,97.18,97.21,97.21,97.04,97.11,97.18,97.31,97.31,97.25,97.25,97.31
A-MN479504,92.43,92.64,92.36,93.62,94.53,95.51,95.66,95.94,95.59,95.45,95.73,97.11,97.25,97.18,97.52,97.18,97.45,97.59,97.45,97.66,97.52,97.59,97.59,97.59,97.66,97.66,97.66,97.66,97.66,97.93,98.07,98.07,98.28,98.28,98.62,98.42,98.48,98.62,98.69,98.83,98.97,98.90,98.48,98.83,98.83,99.38,99.31,99.59,,99.86,99.86,99.86,99.86,96.69,96.76,96.97,97.11,96.97,96.97,97.38,97.25,97.38,97.38,97.59,97.66,96.35,96.83,96.90,96.97,97.18,97.18,97.18,96.97,96.90,96.90,96.97,96.63,96.35,96.28,96.56,96.56,96.63,96.63,96.63,96.35,96.21,96.28,96.28,96.42,96.49,96.49,96.35,96.69,96.56,96.42,96.56,96.56,96.63,96.63,96.28,96.35,96.28,96.28,96.49,96.76,96.83,96.83,96.76,96.76,96.76,96.63,96.63,96.76,96.76,96.69,97.04,97.04,97.04,97.11,97.11,96.83,96.97,96.83,96.90,96.79,96.86,96.83,96.83,96.90,96.90,96.93,96.93,96.76,96.83,96.90,97.04,97.04,96.97,96.97,97.04
A-MN479500,92.71,92.92,92.64,93.90,94.81,95.79,95.80,96.07,95.73,95.59,95.87,97.25,97.38,97.31,97.66,97.31,97.59,97.73,97.59,97.80,97.66,97.73,97.73,97.73,97.80,97.80,97.80,97.80,97.80,98.07,98.21,98.21,98.42,98.42,98.76,98.55,98.62,98.76,98.83,98.97,99.10,99.04,98.62,98.97,98.97,99.38,99.45,99.72,99.86,,100.00,100.00,100.00,96.83,96.90,97.11,97.25,97.11,97.11,97.52,97.38,97.52,97.52,97.73,97.80,96.49,96.97,97.04,97.11,97.31,97.31,97.31,97.11,97.04,97.04,97.11,96.76,96.49,96.42,96.69,96.69,96.76,96.76,96.76,96.49,96.35,96.42,96.42,96.56,96.63,96.63,96.49,96.83,96.69,96.56,96.69,96.69,96.76,96.76,96.42,96.49,96.42,96.42,96.63,96.90,96.97,96.97,96.90,96.90,96.90,96.76,96.76,96.90,96.90,96.83,97.18,97.18,97.18,97.25,97.25,96.97,97.11,96.97,97.04,96.93,97.00,96.97,96.97,97.04,97.04,97.07,97.07,96.90,96.97,97.04,97.18,97.18,97.11,97.11,97.18
A-MN479492,92.71,92.92,92.64,93.90,94.81,95.79,95.80,96.07,95.73,95.59,95.87,97.25,97.38,97.31,97.66,97.31,97.59,97.73,97.59,97.80,97.66,97.73,97.73,97.73,97.80,97.80,97.80,97.80,97.80,98.07,98.21,98.21,98.42,98.42,98.76,98.55,98.62,98.76,98.83,98.97,99.10,99.04,98.62,98.97,98.97,99.38,99.45,99.72,99.86,100.00,,100.00,100.00,96.83,96.90,97.11,97.25,97.11,97.11,97.52,97.38,97.52,97.52,97.73,97.80,96.49,96.97,97.04,97.11,97.31,97.31,97.31,97.11,97.04,97.04,97.11,96.76,96.49,96.42,96.69,96.69,96.76,96.76,96.76,96.49,96.35,96.42,96.42,96.56,96.63,96.63,96.49,96.83,96.69,96.56,96.69,96.69,96.76,96.76,96.42,96.49,96.42,96.42,96.63,96.90,96.97,96.97,96.90,96.90,96.90,96.76,96.76,96.90,96.90,96.83,97.18,97.18,97.18,97.25,97.25,96.97,97.11,96.97,97.04,96.93,97.00,96.97,96.97,97.04,97.04,97.07,97.07,96.90,96.97,97.04,97.18,97.18,97.11,97.11,97.18
A-MN479491,92.71,92.92,92.64,93.90,94.81,95.79,95.80,96.07,95.73,95.59,95.87,97.25,97.38,97.31,97.66,97.31,97.59,97.73,97.59,97.80,97.66,97.73,97.73,97.73,97.80,97.80,97.80,97.80,97.80,98.07,98.21,98.21,98.42,98.42,98.76,98.55,98.62,98.76,98.83,98.97,99.10,99.04,98.62,98.97,98.97,99.38,99.45,99.72,99.86,100.00,100.00,,100.00,96.83,96.90,97.11,97.25,97.11,97.11,97.52,97.38,97.52,97.52,97.73,97.80,96.49,96.97,97.04,97.11,97.31,97.31,97.31,97.11,97.04,97.04,97.11,96.76,96.49,96.42,96.69,96.69,96.76,96.76,96.76,96.49,96.35,96.42,96.42,96.56,96.63,96.63,96.49,96.83,96.69,96.56,96.69,96.69,96.76,96.76,96.42,96.49,96.42,96.42,96.63,96.90,96.97,96.97,96.90,96.90,96.90,96.76,96.76,96.90,96.90,96.83,97.18,97.18,97.18,97.25,97.25,96.97,97.11,96.97,97.04,96.93,97.00,96.97,96.97,97.04,97.04,97.07,97.07,96.90,96.97,97.04,97.18,97.18,97.11,97.11,97.18
A-MN479445,92.71,92.92,92.64,93.90,94.81,95.79,95.80,96.07,95.73,95.59,95.87,97.25,97.38,97.31,97.66,97.31,97.59,97.73,97.59,97.80,97.66,97.73,97.73,97.73,97.80,97.80,97.80,97.80,97.80,98.07,98.21,98.21,98.42,98.42,98.76,98.55,98.62,98.76,98.83,98.97,99.10,99.04,98.62,98.97,98.97,99.38,99.45,99.72,99.86,100.00,100.00,100.00,,96.83,96.90,97.11,97.25,97.11,97.11,97.52,97.38,97.52,97.52,97.73,97.80,96.49,96.97,97.04,97.11,97.31,97.31,97.31,97.11,97.04,97.04,97.11,96.76,96.49,96.42,96.69,96.69,96.76,96.76,96.76,96.49,96.35,96.42,96.42,96.56,96.63,96.63,96.49,96.83,96.69,96.56,96.69,96.69,96.76,96.76,96.42,96.49,96.42,96.42,96.63,96.90,96.97,96.97,96.90,96.90,96.90,96.76,96.76,96.90,96.90,96.83,97.18,97.18,97.18,97.25,97.25,96.97,97.11,96.97,97.04,96.93,97.00,96.97,96.97,97.04,97.04,97.07,97.07,96.90,96.97,97.04,97.18,97.18,97.11,97.11,97.18
A-MG670727,94.25,94.46,94.18,92.64,92.99,92.85,97.04,97.18,96.83,96.69,96.97,96.42,96.28,96.28,96.69,96.49,98.00,97.87,97.73,96.63,96.49,96.56,96.56,96.56,96.63,96.63,96.49,96.49,97.11,96.69,97.18,96.90,96.49,96.49,96.83,96.63,96.69,96.14,96.21,96.35,96.49,96.42,96.63,96.63,96.63,96.63,96.83,96.97,96.69,96.83,96.83,96.83,96.83,,99.93,98.42,98.21,98.07,98.21,98.48,98.48,98.62,98.48,98.69,98.76,97.87,97.93,97.93,98.00,98.28,98.28,98.28,98.07,98.00,98.00,98.07,97.59,97.31,97.11,97.52,97.52,97.59,97.59,97.45,97.18,97.04,97.11,97.11,97.11,97.66,97.31,97.38,97.66,97.38,97.38,97.52,97.52,97.59,97.59,97.25,97.31,97.25,97.25,97.31,97.73,97.80,97.80,97.73,97.73,97.73,97.73,97.59,97.73,97.73,97.66,98.00,98.00,98.00,98.07,98.07,97.80,97.93,97.80,97.87,97.70,97.77,97.80,97.80,97.87,97.87,97.84,97.84,97.73,97.80,97.87,98.00,98.00,97.93,97.93,98.00
A-MG670724,94.25,94.46,94.18,92.64,92.99,92.85,97.11,97.25,96.90,96.76,97.04,96.49,96.35,96.35,96.76,96.56,98.07,97.93,97.80,96.69,96.56,96.63,96.63,96.63,96.69,96.69,96.56,96.56,97.18,96.76,97.25,96.97,96.56,96.56,96.90,96.69,96.76,96.21,96.28,96.42,96.56,96.49,96.69,96.69,96.69,96.69,96.90,97.04,96.76,96.90,96.90,96.90,96.90,99.93,,98.48,98.28,98.14,98.28,98.55,98.55,98.69,98.55,98.76,98.83,97.93,98.00,98.00,98.07,98.35,98.35,98.35,98.14,98.07,98.07,98.14,97.66,97.38,97.18,97.59,97.59,97.66,97.66,97.52,97.25,97.11,97.18,97.18,97.18,97.73,97.38,97.45,97.73,97.45,97.45,97.59,97.59,97.66,97.66,97.31,97.38,97.31,97.31,97.38,97.80,97.87,97.87,97.80,97.80,97.80,97.80,97.66,97.80,97.80,97.73,98.07,98.07,98.07,98.14,98.14,97.87,98.00,97.87,97.93,97.77,97.84,97.87,97.87,97.93,97.93,97.91,97.91,97.80,97.87,97.93,98.07,98.07,98.00,98.00,98.07
A-LC105583,94.67,94.88,94.32,93.06,93.13,93.27,97.11,97.25,97.04,96.90,97.18,96.56,96.56,96.49,96.83,96.63,98.14,98.14,98.00,96.90,96.76,96.83,96.83,96.83,96.90,96.90,96.76,96.76,97.52,96.97,97.38,97.11,96.76,96.76,96.97,96.63,96.69,96.42,96.49,96.63,96.76,96.69,96.76,96.76,96.76,96.90,97.11,97.25,96.97,97.11,97.11,97.11,97.11,98.42,98.48,,98.42,98.28,98.35,98.62,98.69,98.69,98.69,98.90,98.97,97.93,98.00,98.07,98.14,98.48,98.48,98.48,98.28,98.21,98.21,98.28,97.80,97.52,97.31,97.73,97.73,97.80,97.80,97.66,97.38,97.25,97.31,97.31,97.31,97.66,97.52,97.52,97.87,97.59,97.73,97.73,97.73,97.80,97.80,97.52,97.59,97.52,97.52,97.66,97.93,98.00,98.00,97.93,97.93,97.93,97.80,97.80,97.93,97.93,97.87,98.21,98.21,98.21,98.28,98.28,98.00,98.14,98.00,98.07,97.91,97.98,98.00,98.00,98.07,98.07,98.05,98.05,98.07,98.14,98.07,98.21,98.21,98.14,98.14,98.21
A-KF716394,94.39,94.60,94.04,93.06,92.85,93.27,97.04,97.45,97.25,97.11,97.25,96.69,96.69,96.63,97.11,96.76,98.14,98.28,98.14,97.25,97.11,97.18,97.18,97.18,97.25,97.25,96.97,96.97,97.52,96.97,97.38,97.25,96.90,96.90,97.11,96.76,96.83,96.42,96.49,96.63,96.76,96.69,96.83,96.90,96.90,97.04,97.25,97.38,97.11,97.25,97.25,97.25,97.25,98.21,98.28,98.42,,99.72,98.48,98.90,98.76,98.90,98.90,99.10,99.17,97.87,98.21,98.28,98.35,98.69,98.69,98.69,98.48,98.42,98.42,98.48,98.00,97.73,97.66,97.93,97.93,98.00,98.00,97.87,97.73,97.59,97.66,97.66,97.66,97.87,97.87,97.87,98.07,98.07,97.93,98.07,98.07,98.14,98.14,97.66,97.73,97.66,97.66,97.73,98.14,98.21,98.35,98.14,98.14,98.14,98.07,98.07,98.14,98.14,98.07,98.42,98.42,98.42,98.48,98.48,98.21,98.35,98.21,98.28,98.12,98.19,98.21,98.35,98.28,98.28,98.26,98.26,98.14,98.21,98.28,98.42,98.42,98.35,98.35,98.42
A-KF716391,94.11,94.32,93.76,92.78,92.57,92.99,96.90,97.31,97.25,97.11,97.25,96.69,96.69,96.63,97.11,96.76,98.00,98.14,98.00,96.97,96.83,96.90,96.90,96.90,96.97,96.97,96.83,96.83,97.38,96.83,97.25,97.11,96.76,96.76,96.97,96.63,96.69,96.42,96.49,96.49,96.63,96.56,96.69,96.76,96.76,96.90,97.11,97.25,96.97,97.11,97.11,97.11,97.11,98.07,98.14,98.28,99.72,,98.35,98.76,98.62,98.76,98.76,98.97,99.04,97.73,98.07,98.14,98.21,98.55,98.55,98.55,98.35,98.28,98.28,98.35,97.87,97.59,97.52,97.80,97.80,97.87,97.87,97.73,97.59,97.45,97.52,97.52,97.52,97.73,97.73,97.73,97.93,97.93,97.80,97.93,97.93,98.00,98.00,97.52,97.59,97.52,97.52,97.59,98.00,98.07,98.21,98.00,98.00,98.00,97.93,97.93,98.00,98.00,97.93,98.28,98.28,98.28,98.35,98.35,98.07,98.21,98.07,98.14,97.98,98.05,98.07,98.21,98.14,98.14,98.12,98.12,98.00,98.07,98.14,98.28,98.28,98.21,98.21,98.28
A-KC442958,94.53,94.74,94.18,92.64,92.71,93.13,97.04,97.31,97.11,96.97,97.25,96.56,96.56,96.69,96.83,96.63,98.14,98.14,98.00,96.90,96.76,96.83,96.83,96.83,96.90,96.90,96.76,96.76,97.25,96.97,97.31,97.18,96.90,96.90,96.97,96.63,96.69,96.28,96.35,96.49,96.63,96.56,96.69,96.76,96.76,96.90,97.11,97.25,96.97,97.11,97.11,97.11,97.11,98.21,98.28,98.35,98.48,98.35,,98.76,98.62,98.76,98.76,98.97,99.04,97.87,98.21,98.35,98.42,98.69,98.69,98.69,98.48,98.28,98.42,98.48,98.00,97.73,97.52,97.93,97.93,98.00,98.00,97.87,97.59,97.45,97.52,97.52,97.52,97.93,97.73,97.80,98.07,97.80,97.80,97.93,97.93,98.00,98.00,97.80,97.87,97.93,97.93,97.73,98.14,98.21,98.21,98.14,98.14,98.14,98.00,98.00,98.14,98.14,98.07,98.42,98.42,98.42,98.48,98.48,98.21,98.35,98.21,98.28,98.19,98.26,98.21,98.21,98.28,98.28,98.33,98.33,98.21,98.28,98.28,98.42,98.42,98.35,98.35,98.42
A-KJ721778,94.81,95.02,94.46,93.20,93.27,93.41,97.18,97.59,97.25,97.11,97.38,97.04,97.04,96.97,97.31,97.11,98.42,98.62,98.48,97.31,97.18,97.25,97.25,97.25,97.31,97.31,97.11,97.11,97.66,97.25,97.66,97.52,97.18,97.18,97.52,97.18,97.25,96.76,96.76,96.90,97.04,96.97,97.18,97.25,97.25,97.31,97.52,97.66,97.38,97.52,97.52,97.52,97.52,98.48,98.55,98.62,98.90,98.76,98.76,,98.90,99.04,99.04,99.24,99.31,98.00,98.35,98.42,98.48,98.83,98.83,98.83,98.62,98.55,98.55,98.62,98.14,97.87,97.66,98.07,98.07,98.14,98.14,98.00,97.87,97.59,97.66,97.66,97.66,98.00,97.87,97.87,98.28,97.93,97.93,98.07,98.07,98.14,98.14,97.80,97.87,97.80,97.80,97.87,98.28,98.35,98.35,98.28,98.28,98.28,98.14,98.14,98.28,98.28,98.21,98.69,98.69,98.55,98.62,98.62,98.35,98.48,98.35,98.42,98.26,98.33,98.35,98.35,98.42,98.42,98.40,98.40,98.35,98.42,98.42,98.55,98.55,98.48,98.48,98.55
A-KC178724,94.95,95.16,94.60,93.34,93.41,93.27,97.45,97.59,97.25,97.11,97.38,96.83,96.83,96.76,97.11,96.90,98.28,98.42,98.28,97.25,97.11,97.18,97.18,97.18,97.25,97.25,96.97,96.97,97.52,97.11,97.66,97.52,97.04,97.04,97.38,97.04,97.11,96.69,96.76,96.90,97.04,96.97,97.04,97.04,97.04,97.18,97.38,97.52,97.25,97.38,97.38,97.38,97.38,98.48,98.55,98.69,98.76,98.62,98.62,98.90,,99.04,99.04,99.24,99.31,98.28,98.48,98.55,98.62,98.97,98.97,98.97,98.76,98.69,98.69,98.76,98.28,98.00,97.80,98.21,98.21,98.28,98.28,98.14,97.87,97.73,97.80,97.80,97.80,98.14,98.00,98.00,98.35,98.07,98.07,98.21,98.21,98.28,98.28,97.93,98.00,97.93,97.93,98.00,98.42,98.48,98.48,98.42,98.42,98.42,98.42,98.42,98.42,98.42,98.35,98.69,98.69,98.69,98.76,98.76,98.48,98.62,98.48,98.55,98.40,98.47,98.48,98.48,98.55,98.55,98.54,98.54,98.42,98.48,98.55,98.69,98.69,98.62,98.62,98.69
A-KC442969,94.67,94.88,94.32,93.06,93.13,93.27,97.31,97.87,97.52,97.38,97.66,96.97,96.97,96.90,97.38,97.18,98.69,98.69,98.55,97.25,97.11,97.18,97.18,97.18,97.25,97.25,97.11,97.11,97.66,97.25,97.66,97.52,97.18,97.18,97.38,97.04,97.11,96.69,96.76,96.90,97.04,96.97,97.11,97.18,97.18,97.31,97.52,97.66,97.38,97.52,97.52,97.52,97.52,98.62,98.69,98.69,98.90,98.76,98.76,99.04,99.04,,99.17,99.38,99.59,98.14,98.48,98.55,98.62,98.97,98.97,98.97,98.76,98.69,98.69,98.76,98.28,98.00,97.80,98.21,98.21,98.28,98.28,98.14,97.87,97.73,97.80,97.80,97.80,98.14,98.00,98.00,98.35,98.07,98.07,98.21,98.21,98.28,98.28,97.93,98.00,97.93,97.93,98.00,98.42,98.48,98.48,98.42,98.42,98.42,98.42,98.28,98.42,98.42,98.35,98.69,98.69,98.83,98.76,98.76,98.48,98.62,98.48,98.55,98.40,98.47,98.48,98.48,98.55,98.55,98.54,98.54,98.42,98.48,98.55,98.69,98.69,98.62,98.62,98.69
A-KU248411,94.67,94.88,94.32,93.06,93.13,93.27,97.31,97.87,97.52,97.38,97.66,96.97,96.97,96.90,97.25,97.04,98.42,98.55,98.42,97.25,97.11,97.18,97.18,97.18,97.25,97.25,97.11,97.11,97.66,97.25,97.66,97.52,97.18,97.18,97.38,97.04,97.11,96.69,96.76,96.90,97.04,96.97,97.11,97.18,97.18,97.31,97.52,97.66,97.38,97.52,97.52,97.52,97.52,98.48,98.55,98.69,98.90,98.76,98.76,99.04,99.04,99.17,,99.66,99.59,98.14,98.48,98.55,98.62,98.97,98.97,98.97,98.76,98.69,98.69,98.76,98.28,98.00,97.80,98.21,98.21,98.28,98.28,98.14,97.87,97.73,97.80,97.80,97.80,98.14,98.00,98.00,98.35,98.07,98.07,98.21,98.21,98.28,98.28,97.93,98.00,97.93,97.93,98.00,98.42,98.48,98.48,98.42,98.42,98.42,98.35,98.35,98.42,98.42,98.35,98.69,98.69,98.69,98.76,98.76,98.48,98.62,98.48,98.55,98.40,98.47,98.48,98.48,98.55,98.55,98.54,98.54,98.42,98.48,98.55,98.69,98.69,98.62,98.62,98.69
A-KU248400,94.81,95.02,94.46,93.20,93.27,93.41,97.52,98.07,97.73,97.59,97.87,97.18,97.18,97.11,97.45,97.25,98.62,98.76,98.62,97.45,97.31,97.38,97.38,97.38,97.45,97.45,97.31,97.31,97.87,97.45,97.87,97.73,97.38,97.38,97.59,97.25,97.31,96.90,96.97,97.11,97.25,97.18,97.31,97.38,97.38,97.52,97.73,97.87,97.59,97.73,97.73,97.73,97.73,98.69,98.76,98.90,99.10,98.97,98.97,99.24,99.24,99.38,99.66,,99.79,98.35,98.69,98.76,98.83,99.17,99.17,99.17,98.97,98.90,98.90,98.97,98.48,98.21,98.00,98.42,98.42,98.48,98.48,98.35,98.07,97.93,98.00,98.00,98.00,98.35,98.21,98.21,98.55,98.28,98.28,98.42,98.42,98.48,98.48,98.14,98.21,98.14,98.14,98.21,98.62,98.69,98.69,98.62,98.62,98.62,98.55,98.55,98.62,98.62,98.55,98.90,98.90,98.90,98.97,98.97,98.69,98.83,98.69,98.76,98.61,98.68,98.69,98.69,98.76,98.76,98.74,98.74,98.62,98.69,98.76,98.90,98.90,98.83,98.83,98.90
A-KU199276,94.95,95.16,94.60,93.34,93.41,93.55,97.59,98.14,97.80,97.66,97.93,97.25,97.25,97.18,97.52,97.31,98.69,98.97,98.83,97.52,97.38,97.45,97.45,97.45,97.52,97.52,97.38,97.38,97.93,97.52,97.93,97.80,97.45,97.45,97.66,97.31,97.38,96.97,97.04,97.18,97.31,97.25,97.38,97.45,97.45,97.59,97.80,97.93,97.66,97.80,97.80,97.80,97.80,98.76,98.83,98.97,99.17,99.04,99.04,99.31,99.31,99.59,99.59,99.79,,98.42,98.76,98.83,98.90,99.24,99.24,99.24,99.04,98.97,98.97,99.04,98.55,98.28,98.07,98.48,98.48,98.55,98.55,98.42,98.14,98.00,98.07,98.07,98.07,98.42,98.28,98.28,98.62,98.35,98.35,98.48,98.48,98.55,98.55,98.21,98.28,98.21,98.21,98.28,98.69,98.76,98.76,98.69,98.69,98.69,98.55,98.55,98.69,98.69,98.62,98.97,98.97,99.10,99.04,99.04,98.76,98.90,98.76,98.83,98.68,98.74,98.76,98.76,98.83,98.83,98.81,98.81,98.69,98.76,98.83,98.97,98.97,98.90,98.90,98.97
B-LC514520,94.95,95.16,94.60,92.50,92.57,92.71,98.48,96.83,96.63,96.49,96.76,96.07,96.07,95.87,96.21,96.01,97.52,97.52,97.38,96.35,96.21,96.28,96.28,96.28,96.35,96.35,96.21,96.21,96.63,96.35,96.76,96.49,96.14,96.14,96.35,96.14,96.21,95.94,96.01,96.14,96.42,96.35,96.28,96.28,96.28,96.28,96.49,96.63,96.35,96.49,96.49,96.49,96.49,97.87,97.93,97.93,97.87,97.73,97.87,98.00,98.28,98.14,98.14,98.35,98.42,,98.69,98.35,98.42,98.90,98.90,98.90,98.55,98.21,98.35,98.42,98.07,97.80,97.59,98.00,98.00,98.07,98.07,98.07,97.66,97.52,97.59,97.59,97.59,97.93,97.80,97.80,98.14,97.87,98.00,98.00,98.00,98.07,98.07,97.73,97.80,97.73,97.73,97.80,98.21,98.28,98.28,98.21,98.21,98.21,98.07,98.07,98.21,98.21,98.14,98.48,98.48,98.48,98.55,98.55,98.28,98.42,98.28,98.35,98.19,98.26,98.28,98.28,98.35,98.35,98.33,98.33,98.21,98.28,98.21,98.48,98.48,98.42,98.42,98.48
B-KC178718,94.95,95.16,94.60,92.50,92.57,92.99,98.00,97.31,96.97,96.83,97.11,96.28,96.28,96.21,96.56,96.35,97.87,97.87,97.73,96.69,96.56,96.63,96.63,96.63,96.69,96.69,96.42,96.42,96.97,96.69,96.97,96.97,96.49,96.49,96.83,96.63,96.69,96.14,96.21,96.35,96.49,96.42,96.69,96.76,96.76,96.76,96.97,97.11,96.83,96.97,96.97,96.97,96.97,97.93,98.00,98.00,98.21,98.07,98.21,98.35,98.48,98.48,98.48,98.69,98.76,98.69,,98.69,98.76,99.24,99.24,99.24,98.90,98.55,98.69,98.76,98.42,98.14,98.07,98.35,98.35,98.42,98.42,98.28,98.14,98.00,98.07,98.07,98.07,98.28,98.28,98.28,98.48,98.35,98.35,98.48,98.48,98.55,98.55,98.07,98.14,98.07,98.07,98.28,98.55,98.62,98.62,98.55,98.55,98.55,98.42,98.42,98.55,98.55,98.48,98.83,98.83,98.83,98.90,98.90,98.62,98.76,98.62,98.69,98.54,98.61,98.62,98.62,98.69,98.69,98.68,98.68,98.55,98.62,98.55,98.83,98.83,98.76,98.76,98.83
B-KC443450,95.79,96.00,95.44,93.62,93.13,93.55,97.52,97.25,96.90,96.76,97.04,96.49,96.49,96.56,96.76,96.56,97.87,97.93,97.80,97.04,96.90,96.97,96.97,96.97,97.04,97.04,96.76,96.76,97.18,96.76,97.31,97.18,96.69,96.69,96.90,96.56,96.63,96.21,96.28,96.42,96.56,96.49,96.63,96.69,96.69,96.83,97.04,97.18,96.90,97.04,97.04,97.04,97.04,97.93,98.00,98.07,98.28,98.14,98.35,98.42,98.55,98.55,98.55,98.76,98.83,98.35,98.69,,99.93,99.17,99.17,99.17,99.24,98.90,99.04,99.10,98.76,98.48,98.28,98.69,98.69,98.76,98.76,98.62,98.35,98.21,98.28,98.28,98.28,98.76,98.35,98.62,98.83,98.55,98.55,98.69,98.69,98.76,98.76,98.42,98.48,98.42,98.42,98.48,98.90,98.97,98.97,98.90,98.90,98.90,98.76,98.76,98.90,98.90,98.83,99.17,99.17,99.17,99.24,99.24,98.97,99.10,98.97,99.04,98.95,99.02,98.97,98.97,99.04,99.04,99.09,99.09,98.90,98.97,98.90,99.17,99.17,99.10,99.10,99.17
B-KC443195,95.79,96.00,95.44,93.62,93.13,93.55,97.59,97.31,96.97,96.83,97.11,96.56,96.56,96.63,96.83,96.63,97.93,98.00,97.87,97.11,96.97,97.04,97.04,97.04,97.11,97.11,96.83,96.83,97.25,96.83,97.38,97.25,96.76,96.76,96.97,96.63,96.69,96.28,96.35,96.49,96.63,96.56,96.69,96.76,96.76,96.90,97.11,97.25,96.97,97.11,97.11,97.11,97.11,98.00,98.07,98.14,98.35,98.21,98.42,98.48,98.62,98.62,98.62,98.83,98.90,98.42,98.76,99.93,,99.24,99.24,99.24,99.31,98.97,99.10,99.17,98.83,98.55,98.35,98.76,98.76,98.83,98.83,98.69,98.42,98.28,98.35,98.35,98.35,98.83,98.42,98.69,98.90,98.62,98.62,98.76,98.76,98.83,98.83,98.48,98.55,98.48,98.48,98.55,98.97,99.04,99.04,98.97,98.97,98.97,98.83,98.83,98.97,98.97,98.90,99.24,99.24,99.24,99.31,99.31,99.04,99.17,99.04,99.10,99.02,99.09,99.04,99.04,99.10,99.10,99.16,99.16,98.97,99.04,98.97,99.24,99.24,99.17,99.17,99.24
B-KC443758,95.51,95.72,95.16,93.06,92.85,93.27,98.07,97.52,97.18,97.04,97.31,96.76,96.76,96.69,97.04,96.83,98.21,98.35,98.21,97.18,97.04,97.11,97.11,97.11,97.18,97.18,96.90,96.90,97.52,97.04,97.45,97.38,96.97,96.97,97.18,96.83,96.90,96.49,96.56,96.69,96.83,96.76,96.90,96.97,96.97,97.11,97.31,97.45,97.18,97.31,97.31,97.31,97.31,98.28,98.35,98.48,98.69,98.55,98.69,98.83,98.97,98.97,98.97,99.17,99.24,98.90,99.24,99.17,99.24,,100.00,100.00,99.38,99.04,99.17,99.24,98.90,98.62,98.48,98.83,98.83,98.90,98.90,98.76,98.48,98.35,98.42,98.42,98.42,98.76,98.62,98.62,98.97,98.69,98.69,98.83,98.83,98.90,98.90,98.55,98.62,98.55,98.55,98.62,99.04,99.10,99.10,99.04,99.04,99.04,98.90,98.90,99.04,99.04,98.97,99.31,99.31,99.31,99.38,99.38,99.10,99.24,99.10,99.17,99.02,99.09,99.10,99.10,99.17,99.17,99.16,99.16,99.04,99.10,99.04,99.31,99.31,99.24,99.24,99.31
B-KC443626,95.51,95.72,95.16,93.06,92.85,93.27,98.07,97.52,97.18,97.04,97.31,96.76,96.76,96.69,97.04,96.83,98.21,98.35,98.21,97.18,97.04,97.11,97.11,97.11,97.18,97.18,96.90,96.90,97.52,97.04,97.45,97.38,96.97,96.97,97.18,96.83,96.90,96.49,96.56,96.69,96.83,96.76,96.90,96.97,96.97,97.11,97.31,97.45,97.18,97.31,97.31,97.31,97.31,98.28,98.35,98.48,98.69,98.55,98.69,98.83,98.97,98.97,98.97,99.17,99.24,98.90,99.24,99.17,99.24,100.00,,100.00,99.38,99.04,99.17,99.24,98.90,98.62,98.48,98.83,98.83,98.90,98.90,98.76,98.48,98.35,98.42,98.42,98.42,98.76,98.62,98.62,98.97,98.69,98.69,98.83,98.83,98.90,98.90,98.55,98.62,98.55,98.55,98.62,99.04,99.10,99.10,99.04,99.04,99.04,98.90,98.90,99.04,99.04,98.97,99.31,99.31,99.31,99.38,99.38,99.10,99.24,99.10,99.17,99.02,99.09,99.10,99.10,99.17,99.17,99.16,99.16,99.04,99.10,99.04,99.31,99.31,99.24,99.24,99.31
B-KC443318,95.51,95.72,95.16,93.06,92.85,93.27,98.07,97.52,97.18,97.04,97.31,96.76,96.76,96.69,97.04,96.83,98.21,98.35,98.21,97.18,97.04,97.11,97.11,97.11,97.18,97.18,96.90,96.90,97.52,97.04,97.45,97.38,96.97,96.97,97.18,96.83,96.90,96.49,96.56,96.69,96.83,96.76,96.90,96.97,96.97,97.11,97.31,97.45,97.18,97.31,97.31,97.31,97.31,98.28,98.35,98.48,98.69,98.55,98.69,98.83,98.97,98.97,98.97,99.17,99.24,98.90,99.24,99.17,99.24,100.00,100.00,,99.38,99.04,99.17,99.24,98.90,98.62,98.48,98.83,98.83,98.90,98.90,98.76,98.48,98.35,98.42,98.42,98.42,98.76,98.62,98.62,98.97,98.69,98.69,98.83,98.83,98.90,98.90,98.55,98.62,98.55,98.55,98.62,99.04,99.10,99.10,99.04,99.04,99.04,98.90,98.90,99.04,99.04,98.97,99.31,99.31,99.31,99.38,99.38,99.10,99.24,99.10,99.17,99.02,99.09,99.10,99.10,99.17,99.17,99.16,99.16,99.04,99.10,99.04,99.31,99.31,99.24,99.24,99.31
B-KJ918850,96.07,95.72,95.16,93.06,92.57,92.99,97.73,97.45,97.11,96.97,97.25,96.56,96.56,96.49,96.83,96.63,98.00,98.14,98.00,96.97,96.83,96.90,96.90,96.90,96.97,96.97,96.69,96.69,97.25,96.83,97.25,97.11,96.76,96.76,96.97,96.63,96.69,96.28,96.35,96.49,96.63,96.56,96.69,96.76,96.76,97.04,97.11,97.25,96.97,97.11,97.11,97.11,97.11,98.07,98.14,98.28,98.48,98.35,98.48,98.62,98.76,98.76,98.76,98.97,99.04,98.55,98.90,99.24,99.31,99.38,99.38,99.38,,99.52,99.66,99.72,98.97,98.69,98.48,98.90,98.90,98.97,98.97,98.97,98.55,98.42,98.48,98.48,98.48,98.83,98.55,98.69,99.04,98.76,98.76,98.90,98.90,98.97,98.97,98.62,98.69,98.62,98.62,98.69,99.10,99.17,99.17,99.10,99.10,99.10,98.97,98.97,99.10,99.10,99.04,99.38,99.38,99.38,99.45,99.45,99.17,99.31,99.17,99.24,99.09,99.16,99.17,99.17,99.24,99.24,99.23,99.23,99.10,99.17,99.10,99.38,99.38,99.31,99.31,99.38
B-LC086808,96.07,95.44,94.88,93.06,92.57,92.71,97.38,97.38,97.04,96.90,97.18,96.49,96.49,96.42,96.76,96.56,97.93,98.07,97.93,96.90,96.76,96.83,96.83,96.83,96.90,96.90,96.63,96.63,97.18,96.76,97.18,97.04,96.69,96.69,96.90,96.56,96.63,96.21,96.28,96.42,96.56,96.49,96.63,96.69,96.69,96.97,97.04,97.18,96.90,97.04,97.04,97.04,97.04,98.00,98.07,98.21,98.42,98.28,98.28,98.55,98.69,98.69,98.69,98.90,98.97,98.21,98.55,98.90,98.97,99.04,99.04,99.04,99.52,,99.72,99.79,98.62,98.35,98.14,98.55,98.55,98.62,98.62,98.62,98.21,98.07,98.14,98.14,98.14,98.48,98.21,98.35,98.69,98.42,98.42,98.55,98.55,98.62,98.62,98.28,98.35,98.28,98.28,98.35,98.76,98.83,98.83,98.76,98.76,98.76,98.62,98.62,98.76,98.76,98.69,99.04,99.04,99.04,99.10,99.10,98.83,98.97,98.83,98.90,98.74,98.81,98.83,98.83,98.90,98.90,98.88,98.88,98.76,98.83,98.90,99.04,99.04,98.97,98.97,99.04
B-LC086797,96.35,95.72,95.16,93.06,92.57,92.99,97.66,97.38,97.04,96.90,97.18,96.49,96.49,96.42,96.76,96.56,97.93,98.21,98.07,96.90,96.76,96.83,96.83,96.83,96.90,96.90,96.63,96.63,97.18,96.76,97.18,97.18,96.69,96.69,96.90,96.56,96.63,96.21,96.28,96.42,96.56,96.49,96.63,96.69,96.69,96.97,97.04,97.18,96.90,97.04,97.04,97.04,97.04,98.00,98.07,98.21,98.42,98.28,98.42,98.55,98.69,98.69,98.69,98.90,98.97,98.35,98.69,99.04,99.10,99.17,99.17,99.17,99.66,99.72,,99.93,98.76,98.48,98.28,98.69,98.69,98.76,98.76,98.76,98.35,98.21,98.28,98.28,98.28,98.62,98.35,98.48,98.83,98.55,98.55,98.69,98.69,98.76,98.76,98.42,98.48,98.42,98.42,98.48,98.90,98.97,98.97,98.90,98.90,98.90,98.76,98.76,98.90,98.90,98.83,99.17,99.17,99.17,99.24,99.24,98.97,99.10,98.97,99.04,98.88,98.95,98.97,98.97,99.04,99.04,99.02,99.02,98.90,98.97,99.04,99.17,99.17,99.10,99.10,99.17
B-LC086786,96.35,95.72,95.16,93.06,92.57,92.99,97.59,97.45,97.11,96.97,97.25,96.56,96.56,96.49,96.83,96.63,98.00,98.14,98.00,96.97,96.83,96.90,96.90,96.90,96.97,96.97,96.69,96.69,97.25,96.83,97.25,97.11,96.76,96.76,96.97,96.63,96.69,96.28,96.35,96.49,96.63,96.56,96.69,96.76,96.76,97.04,97.11,97.25,96.97,97.11,97.11,97.11,97.11,98.07,98.14,98.28,98.48,98.35,98.48,98.62,98.76,98.76,98.76,98.97,99.04,98.42,98.76,99.10,99.17,99.24,99.24,99.24,99.72,99.79,99.93,,98.83,98.55,98.35,98.76,98.76,98.83,98.83,98.83,98.42,98.28,98.35,98.35,98.35,98.69,98.42,98.55,98.90,98.62,98.62,98.76,98.76,98.83,98.83,98.48,98.55,98.48,98.48,98.55,98.97,99.04,99.04,98.97,98.97,98.97,98.83,98.83,98.97,98.97,98.90,99.24,99.24,99.24,99.31,99.31,99.04,99.17,99.04,99.10,98.95,99.02,99.04,99.04,99.10,99.10,99.09,99.09,98.97,99.04,99.10,99.24,99.24,99.17,99.17,99.24
B-MH704726,95.51,96.28,95.72,93.06,92.85,92.99,97.25,96.83,96.49,96.49,96.63,96.07,96.07,96.01,96.35,96.14,97.52,97.66,97.52,96.49,96.49,96.42,96.42,96.42,96.49,96.49,96.35,96.35,96.76,96.63,96.76,96.63,96.42,96.42,96.76,96.42,96.49,95.94,96.01,96.14,96.28,96.21,96.35,96.42,96.42,96.56,96.76,96.90,96.63,96.76,96.76,96.76,96.76,97.59,97.66,97.80,98.00,97.87,98.00,98.14,98.28,98.28,98.28,98.48,98.55,98.07,98.42,98.76,98.83,98.90,98.90,98.90,98.97,98.62,98.76,98.83,,99.45,99.10,99.52,99.52,99.59,99.59,99.45,99.17,99.04,99.10,99.10,99.10,99.45,99.17,99.31,99.79,99.31,99.38,99.52,99.52,99.59,99.59,98.69,98.76,98.69,98.69,98.76,99.17,99.10,99.24,99.17,99.17,99.17,99.04,99.04,99.04,99.04,98.97,99.31,99.31,99.31,99.38,99.38,99.10,99.24,99.10,99.17,99.16,99.23,99.24,99.24,99.31,99.31,99.30,99.30,99.04,99.10,99.17,99.45,99.45,99.38,99.38,99.45
B-LC325466,95.09,95.86,95.30,92.64,92.15,92.57,96.97,96.56,96.21,96.21,96.35,95.94,95.94,95.87,96.21,96.01,97.25,97.38,97.25,96.21,96.21,96.14,96.14,96.14,96.21,96.21,95.94,95.94,96.49,96.35,96.49,96.35,96.14,96.14,96.35,96.01,96.07,95.66,95.73,95.87,96.01,95.94,96.07,96.14,96.14,96.28,96.49,96.63,96.35,96.49,96.49,96.49,96.49,97.31,97.38,97.52,97.73,97.59,97.73,97.87,98.00,98.00,98.00,98.21,98.28,97.80,98.14,98.48,98.55,98.62,98.62,98.62,98.69,98.35,98.48,98.55,99.45,,98.83,99.24,99.24,99.31,99.31,99.17,98.90,98.76,98.83,98.83,98.83,99.17,98.90,99.04,99.38,99.04,99.10,99.24,99.24,99.31,99.31,98.42,98.48,98.42,98.42,98.48,98.90,98.83,98.97,98.90,98.90,98.90,98.76,98.76,98.76,98.76,98.69,99.04,99.04,99.04,99.10,99.10,98.83,98.97,98.83,98.90,98.88,98.95,99.10,98.97,99.04,99.04,99.02,99.02,98.76,98.83,98.90,99.17,99.17,99.10,99.10,99.17
B-MH513958,95.23,96.00,95.44,93.06,92.57,92.99,96.76,96.49,96.28,96.14,96.28,95.73,95.80,95.66,96.01,95.80,97.04,97.18,97.04,96.14,96.01,96.07,96.07,96.07,96.14,96.14,95.87,95.87,96.56,96.28,96.42,96.42,96.07,96.07,96.28,95.94,96.01,95.59,95.66,95.80,95.94,95.87,96.01,96.07,96.07,96.21,96.42,96.56,96.28,96.42,96.42,96.42,96.42,97.11,97.18,97.31,97.66,97.52,97.52,97.66,97.80,97.80,97.80,98.00,98.07,97.59,98.07,98.28,98.35,98.48,98.48,98.48,98.48,98.14,98.28,98.35,99.10,98.83,,99.04,99.04,99.10,99.10,98.97,98.97,98.83,98.90,98.90,98.90,98.97,98.97,99.24,99.17,99.10,99.17,99.31,99.31,99.38,99.38,98.21,98.28,98.21,98.21,98.42,98.69,98.62,98.76,98.69,98.69,98.69,98.55,98.55,98.55,98.55,98.48,98.83,98.83,98.83,98.90,98.90,98.62,98.76,98.62,98.69,98.68,98.74,98.76,98.90,98.83,98.83,98.81,98.81,98.55,98.62,98.69,98.97,98.97,98.90,98.90,98.97
B-KU550300,95.51,96.28,95.72,93.06,92.57,92.99,97.18,96.76,96.42,96.42,96.56,96.01,96.01,95.94,96.28,96.21,97.45,97.59,97.45,96.42,96.28,96.35,96.35,96.35,96.42,96.42,96.14,96.14,96.69,96.56,96.83,96.56,96.35,96.35,96.56,96.21,96.28,95.87,95.94,96.07,96.21,96.14,96.28,96.35,96.35,96.49,96.69,96.83,96.56,96.69,96.69,96.69,96.69,97.52,97.59,97.73,97.93,97.80,97.93,98.07,98.21,98.21,98.21,98.42,98.48,98.00,98.35,98.69,98.76,98.83,98.83,98.83,98.90,98.55,98.69,98.76,99.52,99.24,99.04,,100.00,99.79,99.79,99.38,99.10,98.97,99.04,99.04,99.04,99.38,99.10,99.24,99.59,99.24,99.31,99.45,99.45,99.52,99.52,98.62,98.69,98.62,98.62,98.69,99.10,99.04,99.17,99.10,99.10,99.10,98.97,98.97,98.97,98.97,98.90,99.24,99.24,99.24,99.31,99.31,99.04,99.17,99.04,99.10,99.09,99.16,99.17,99.17,99.24,99.24,99.23,99.23,98.97,99.04,99.10,99.38,99.38,99.31,99.31,99.38
B-KU550298,95.51,96.28,95.72,93.06,92.57,92.99,97.18,96.76,96.42,96.42,96.56,96.01,96.01,95.94,96.28,96.21,97.45,97.59,97.45,96.42,96.28,96.35,96.35,96.35,96.42,96.42,96.14,96.14,96.69,96.56,96.83,96.56,96.35,96.35,96.56,96.21,96.28,95.87,95.94,96.07,96.21,96.14,96.28,96.35,96.35,96.49,96.69,96.83,96.56,96.69,96.69,96.69,96.69,97.52,97.59,97.73,97.93,97.80,97.93,98.07,98.21,98.21,98.21,98.42,98.48,98.00,98.35,98.69,98.76,98.83,98.83,98.83,98.90,98.55,98.69,98.76,99.52,99.24,99.04,100.00,,99.79,99.79,99.38,99.10,98.97,99.04,99.04,99.04,99.38,99.10,99.24,99.59,99.24,99.31,99.45,99.45,99.52,99.52,98.62,98.69,98.62,98.62,98.69,99.10,99.04,99.17,99.10,99.10,99.10,98.97,98.97,98.97,98.97,98.90,99.24,99.24,99.24,99.31,99.31,99.04,99.17,99.04,99.10,99.09,99.16,99.17,99.17,99.24,99.24,99.23,99.23,98.97,99.04,99.10,99.38,99.38,99.31,99.31,99.38
B-KU870411,95.51,96.28,95.72,93.06,92.57,92.99,97.25,96.83,96.49,96.49,96.63,96.07,96.07,96.01,96.35,96.14,97.52,97.66,97.52,96.49,96.35,96.42,96.42,96.42,96.49,96.49,96.21,96.21,96.76,96.63,96.90,96.63,96.42,96.42,96.63,96.28,96.35,95.94,96.01,96.14,96.28,96.21,96.35,96.42,96.42,96.56,96.76,96.90,96.63,96.76,96.76,96.76,96.76,97.59,97.66,97.80,98.00,97.87,98.00,98.14,98.28,98.28,98.28,98.48,98.55,98.07,98.42,98.76,98.83,98.90,98.90,98.90,98.97,98.62,98.76,98.83,99.59,99.31,99.10,99.79,99.79,,100.00,99.45,99.17,99.04,99.10,99.10,99.10,99.45,99.17,99.31,99.66,99.31,99.38,99.52,99.52,99.59,99.59,98.69,98.76,98.69,98.69,98.76,99.17,99.10,99.24,99.17,99.17,99.17,99.04,99.04,99.04,99.04,98.97,99.31,99.31,99.31,99.38,99.38,99.10,99.24,99.10,99.17,99.16,99.23,99.24,99.24,99.31,99.31,99.30,99.30,99.04,99.10,99.17,99.45,99.45,99.38,99.38,99.45
B-KU870389,95.51,96.28,95.72,93.06,92.57,92.99,97.25,96.83,96.49,96.49,96.63,96.07,96.07,96.01,96.35,96.14,97.52,97.66,97.52,96.49,96.35,96.42,96.42,96.42,96.49,96.49,96.21,96.21,96.76,96.63,96.90,96.63,96.42,96.42,96.63,96.28,96.35,95.94,96.01,96.14,96.28,96.21,96.35,96.42,96.42,96.56,96.76,96.90,96.63,96.76,96.76,96.76,96.76,97.59,97.66,97.80,98.00,97.87,98.00,98.14,98.28,98.28,98.28,98.48,98.55,98.07,98.42,98.76,98.83,98.90,98.90,98.90,98.97,98.62,98.76,98.83,99.59,99.31,99.10,99.79,99.79,100.00,,99.45,99.17,99.04,99.10,99.10,99.10,99.45,99.17,99.31,99.66,99.31,99.38,99.52,99.52,99.59,99.59,98.69,98.76,98.69,98.69,98.76,99.17,99.10,99.24,99.17,99.17,99.17,99.04,99.04,99.04,99.04,98.97,99.31,99.31,99.31,99.38,99.38,99.10,99.24,99.10,99.17,99.16,99.23,99.24,99.24,99.31,99.31,99.30,99.30,99.04,99.10,99.17,99.45,99.45,99.38,99.38,99.45
B-MF997041,95.51,96.28,95.72,93.06,92.57,92.99,97.38,96.83,96.49,96.49,96.63,95.94,95.94,95.87,96.21,96.01,97.38,97.52,97.38,96.35,96.21,96.28,96.28,96.28,96.35,96.35,96.21,96.21,96.63,96.63,96.63,96.49,96.28,96.28,96.49,96.14,96.21,95.80,95.87,96.01,96.14,96.07,96.21,96.28,96.28,96.42,96.63,96.76,96.63,96.76,96.76,96.76,96.76,97.45,97.52,97.66,97.87,97.73,97.87,98.00,98.14,98.14,98.14,98.35,98.42,98.07,98.28,98.62,98.69,98.76,98.76,98.76,98.97,98.62,98.76,98.83,99.45,99.17,98.97,99.38,99.38,99.45,99.45,,99.04,98.90,98.97,98.97,99.10,99.45,99.04,99.17,99.52,99.17,99.24,99.38,99.38,99.45,99.45,98.55,98.62,98.55,98.55,98.62,99.04,98.97,99.10,99.04,99.04,99.04,98.90,98.90,98.90,98.90,98.83,99.17,99.17,99.17,99.24,99.24,98.97,99.10,98.97,99.04,99.02,99.09,99.10,99.10,99.17,99.17,99.16,99.16,98.90,98.97,99.04,99.31,99.31,99.24,99.24,99.31
B-OP850382,94.81,95.58,95.86,92.36,91.87,92.29,96.83,96.56,96.35,96.21,96.35,95.73,95.73,95.66,96.01,95.80,97.11,97.25,97.11,96.07,95.94,96.01,96.01,96.01,96.07,96.07,95.80,95.80,96.35,96.21,96.35,96.21,96.14,96.14,96.21,95.87,95.94,95.59,95.59,95.73,95.87,95.80,96.07,96.01,96.01,96.14,96.35,96.49,96.35,96.49,96.49,96.49,96.49,97.18,97.25,97.38,97.73,97.59,97.59,97.87,97.87,97.87,97.87,98.07,98.14,97.66,98.14,98.35,98.42,98.48,98.48,98.48,98.55,98.21,98.35,98.42,99.17,98.90,98.97,99.10,99.10,99.17,99.17,99.04,,99.72,99.79,99.79,99.79,99.04,99.45,99.17,99.24,99.59,99.38,99.52,99.52,99.59,99.59,98.28,98.35,98.28,98.28,98.48,98.76,98.69,98.83,98.76,98.76,98.76,98.62,98.62,98.62,98.62,98.55,99.04,99.04,98.90,98.97,98.97,98.69,98.83,98.69,98.76,98.74,98.81,98.83,98.97,98.90,98.90,98.88,98.88,98.62,98.69,98.76,99.04,99.04,98.97,98.97,99.04
B-OP850381,94.53,95.30,95.58,92.08,91.58,92.01,96.69,96.56,96.35,96.21,96.35,95.52,95.52,95.45,95.80,95.59,96.97,97.11,96.97,95.94,95.80,95.87,95.87,95.87,95.94,95.94,95.66,95.66,96.21,96.07,96.21,96.07,96.01,96.01,96.07,95.73,95.80,95.39,95.45,95.59,95.73,95.66,95.94,95.87,95.87,96.01,96.35,96.35,96.21,96.35,96.35,96.35,96.35,97.04,97.11,97.25,97.59,97.45,97.45,97.59,97.73,97.73,97.73,97.93,98.00,97.52,98.00,98.21,98.28,98.35,98.35,98.35,98.42,98.07,98.21,98.28,99.04,98.76,98.83,98.97,98.97,99.04,99.04,98.90,99.72,,99.79,99.79,99.79,98.90,99.31,99.04,99.10,99.45,99.24,99.38,99.38,99.45,99.45,98.14,98.21,98.14,98.14,98.35,98.62,98.55,98.69,98.62,98.62,98.62,98.48,98.48,98.48,98.48,98.42,98.76,98.76,98.76,98.83,98.83,98.55,98.69,98.55,98.62,98.61,98.68,98.69,98.83,98.76,98.76,98.74,98.74,98.48,98.55,98.62,98.90,98.90,98.83,98.83,98.90
B-OP850384,94.67,95.44,95.72,92.22,91.73,92.15,96.76,96.63,96.42,96.28,96.42,95.59,95.59,95.52,95.87,95.66,97.04,97.18,97.04,96.01,95.87,95.94,95.94,95.94,96.01,96.01,95.73,95.73,96.28,96.14,96.28,96.14,96.07,96.07,96.14,95.80,95.87,95.45,95.52,95.66,95.94,95.87,96.01,95.94,95.94,96.07,96.42,96.42,96.28,96.42,96.42,96.42,96.42,97.11,97.18,97.31,97.66,97.52,97.52,97.66,97.80,97.80,97.80,98.00,98.07,97.59,98.07,98.28,98.35,98.42,98.42,98.42,98.48,98.14,98.28,98.35,99.10,98.83,98.90,99.04,99.04,99.10,99.10,98.97,99.79,99.79,,99.86,99.86,98.97,99.38,99.10,99.17,99.52,99.31,99.45,99.45,99.52,99.52,98.21,98.28,98.21,98.21,98.42,98.69,98.62,98.76,98.69,98.69,98.69,98.55,98.55,98.55,98.55,98.48,98.83,98.83,98.83,98.90,98.90,98.62,98.76,98.62,98.69,98.68,98.74,98.76,98.90,98.83,98.83,98.81,98.81,98.55,98.62,98.69,98.97,98.97,98.90,98.90,98.97
B-OP850383,94.53,95.30,95.58,92.08,91.58,92.01,96.76,96.63,96.42,96.28,96.56,95.59,95.59,95.52,95.87,95.66,97.04,97.18,97.04,96.01,95.87,95.94,95.94,95.94,96.01,96.01,95.73,95.73,96.28,96.14,96.28,96.14,96.07,96.07,96.14,95.80,95.87,95.45,95.52,95.66,95.80,95.73,96.01,95.94,95.94,96.07,96.42,96.42,96.28,96.42,96.42,96.42,96.42,97.11,97.18,97.31,97.66,97.52,97.52,97.66,97.80,97.80,97.80,98.00,98.07,97.59,98.07,98.28,98.35,98.42,98.42,98.42,98.48,98.14,98.28,98.35,99.10,98.83,98.90,99.04,99.04,99.10,99.10,98.97,99.79,99.79,99.86,,99.86,98.97,99.38,99.10,99.17,99.52,99.31,99.45,99.45,99.52,99.52,98.21,98.28,98.21,98.21,98.42,98.69,98.62,98.76,98.69,98.69,98.69,98.55,98.55,98.55,98.55,98.48,98.83,98.83,98.83,98.90,98.90,98.62,98.76,98.62,98.69,98.68,98.74,98.76,98.90,98.83,98.83,98.81,98.81,98.55,98.62,98.69,98.97,98.97,98.90,98.90,98.97
B-OP850379,94.67,95.44,95.72,92.22,91.73,92.15,96.90,96.63,96.42,96.28,96.42,95.59,95.59,95.52,95.87,95.66,97.04,97.18,97.04,96.01,95.87,95.94,95.94,95.94,96.01,96.01,95.73,95.73,96.28,96.14,96.28,96.14,96.07,96.07,96.14,95.80,95.87,95.45,95.52,95.66,95.80,95.73,96.01,95.94,95.94,96.07,96.42,96.42,96.42,96.56,96.56,96.56,96.56,97.11,97.18,97.31,97.66,97.52,97.52,97.66,97.80,97.80,97.80,98.00,98.07,97.59,98.07,98.28,98.35,98.42,98.42,98.42,98.48,98.14,98.28,98.35,99.10,98.83,98.90,99.04,99.04,99.10,99.10,99.10,99.79,99.79,99.86,99.86,,98.97,99.38,99.10,99.17,99.52,99.31,99.45,99.45,99.52,99.52,98.21,98.28,98.21,98.21,98.42,98.69,98.62,98.76,98.69,98.69,98.69,98.55,98.55,98.55,98.55,98.48,98.83,98.83,98.83,98.90,98.90,98.62,98.76,98.62,98.69,98.68,98.74,98.76,98.90,98.83,98.83,98.81,98.81,98.55,98.62,98.69,98.97,98.97,98.90,98.90,98.97
B-LC260283,95.23,96.00,95.44,92.78,92.29,92.71,97.38,96.69,96.35,96.35,96.49,95.94,95.94,96.01,96.21,96.01,97.45,97.52,97.38,96.49,96.35,96.42,96.42,96.42,96.49,96.49,96.21,96.21,96.63,96.49,96.76,96.63,96.28,96.28,96.49,96.14,96.21,95.80,95.87,96.01,96.14,96.07,96.21,96.28,96.28,96.42,96.63,96.76,96.49,96.63,96.63,96.63,96.63,97.66,97.73,97.66,97.87,97.73,97.93,98.00,98.14,98.14,98.14,98.35,98.42,97.93,98.28,98.76,98.83,98.76,98.76,98.76,98.83,98.48,98.62,98.69,99.45,99.17,98.97,99.38,99.38,99.45,99.45,99.45,99.04,98.90,98.97,98.97,98.97,,99.04,99.31,99.52,99.17,99.24,99.38,99.38,99.45,99.45,98.55,98.62,98.55,98.55,98.62,99.04,98.97,99.10,99.04,99.04,99.04,98.90,98.90,98.90,98.90,98.83,99.17,99.17,99.17,99.24,99.24,98.97,99.10,98.97,99.04,99.16,99.23,99.24,99.24,99.31,99.31,99.30,99.30,98.90,98.97,99.04,99.31,99.31,99.24,99.24,99.31
B-LC514487,94.95,95.72,96.00,92.50,92.01,92.43,96.97,96.83,96.63,96.49,96.63,95.80,95.87,95.73,96.07,95.87,97.25,97.38,97.25,96.21,96.07,96.14,96.14,96.14,96.21,96.21,95.94,95.94,96.49,96.35,96.49,96.35,96.28,96.28,96.35,96.01,96.07,95.66,95.73,95.87,96.01,95.94,96.21,96.14,96.14,96.35,96.49,96.63,96.49,96.63,96.63,96.63,96.63,97.31,97.38,97.52,97.87,97.73,97.73,97.87,98.00,98.00,98.00,98.21,98.28,97.80,98.28,98.35,98.42,98.62,98.62,98.62,98.55,98.21,98.35,98.42,99.17,98.90,98.97,99.10,99.10,99.17,99.17,99.04,99.45,99.31,99.38,99.38,99.38,99.04,,99.17,99.24,99.59,99.38,99.52,99.52,99.59,99.59,98.42,98.48,98.42,98.42,98.48,98.76,98.69,98.83,98.76,98.76,98.76,98.62,98.62,98.62,98.62,98.55,98.90,98.90,98.90,98.97,98.97,98.69,98.83,98.69,98.76,98.74,98.81,98.83,98.97,98.90,98.90,98.88,98.88,98.62,98.69,98.76,99.04,99.04,98.97,98.97,99.04
B-MH513953,95.37,96.14,95.58,92.92,92.43,92.85,96.97,96.69,96.49,96.35,96.49,95.80,95.80,95.87,96.07,95.87,97.31,97.38,97.25,96.35,96.21,96.28,96.28,96.28,96.35,96.35,96.07,96.07,96.49,96.35,96.63,96.49,96.14,96.14,96.42,96.01,96.07,95.66,95.73,95.87,96.01,95.94,96.07,96.14,96.14,96.28,96.49,96.63,96.35,96.49,96.49,96.49,96.49,97.38,97.45,97.52,97.87,97.73,97.80,97.87,98.00,98.00,98.00,98.21,98.28,97.80,98.28,98.62,98.69,98.62,98.62,98.62,98.69,98.35,98.48,98.55,99.31,99.04,99.24,99.24,99.24,99.31,99.31,99.17,99.17,99.04,99.10,99.10,99.10,99.31,99.17,,99.38,99.31,99.38,99.52,99.52,99.59,99.59,98.42,98.48,98.42,98.42,98.76,98.90,98.83,98.97,98.90,98.90,98.90,98.76,98.76,98.76,98.76,98.69,99.04,99.04,99.04,99.10,99.10,98.83,98.97,98.83,98.90,98.88,98.95,98.97,99.10,99.04,99.04,99.02,99.02,98.76,98.83,99.04,99.17,99.17,99.10,99.10,99.17
B-LC228310,95.37,96.14,95.58,92.92,92.71,92.85,97.31,96.90,96.56,96.56,96.69,96.14,96.14,96.07,96.42,96.21,97.59,97.73,97.59,96.69,96.56,96.63,96.63,96.63,96.69,96.69,96.42,96.42,96.83,96.69,96.83,96.69,96.49,96.49,96.83,96.49,96.56,96.01,96.07,96.21,96.35,96.28,96.42,96.49,96.49,96.63,96.83,96.97,96.69,96.83,96.83,96.83,96.83,97.66,97.73,97.87,98.07,97.93,98.07,98.28,98.35,98.35,98.35,98.55,98.62,98.14,98.48,98.83,98.90,98.97,98.97,98.97,99.04,98.69,98.83,98.90,99.79,99.38,99.17,99.59,99.59,99.66,99.66,99.52,99.24,99.10,99.17,99.17,99.17,99.52,99.24,99.38,,99.38,99.45,99.59,99.59,99.66,99.66,98.76,98.83,98.76,98.76,98.83,99.24,99.17,99.31,99.24,99.24,99.24,99.10,99.10,99.10,99.10,99.04,99.38,99.38,99.38,99.45,99.45,99.17,99.31,99.17,99.24,99.23,99.30,99.31,99.31,99.38,99.38,99.37,99.37,99.10,99.17,99.24,99.52,99.52,99.45,99.45,99.52
B-LC514498,95.09,95.86,96.14,92.64,92.15,92.85,97.04,96.76,96.56,96.35,96.56,95.87,95.87,95.80,96.14,95.94,97.31,97.45,97.31,96.28,96.14,96.21,96.21,96.21,96.28,96.28,96.01,96.01,96.56,96.42,96.56,96.42,96.35,96.35,96.42,96.07,96.14,95.73,95.80,95.94,96.07,96.01,96.28,96.21,96.21,96.35,96.56,96.69,96.56,96.69,96.69,96.69,96.69,97.38,97.45,97.59,98.07,97.93,97.80,97.93,98.07,98.07,98.07,98.28,98.35,97.87,98.35,98.55,98.62,98.69,98.69,98.69,98.76,98.42,98.55,98.62,99.31,99.04,99.10,99.24,99.24,99.31,99.31,99.17,99.59,99.45,99.52,99.52,99.52,99.17,99.59,99.31,99.38,,99.52,99.66,99.66,99.72,99.72,98.48,98.55,98.48,98.48,98.69,98.97,98.90,99.04,98.97,98.97,98.97,98.83,98.83,98.83,98.83,98.76,99.10,99.10,99.10,99.17,99.17,98.90,99.04,98.90,98.97,98.95,99.02,99.04,99.17,99.10,99.10,99.09,99.09,98.83,98.90,98.97,99.24,99.24,99.17,99.17,99.24
B-MZ546118,95.51,96.28,96.00,93.06,92.57,92.99,97.18,96.76,96.69,96.56,96.69,96.01,96.01,95.94,96.28,96.07,97.45,97.45,97.31,96.42,96.28,96.35,96.35,96.35,96.42,96.42,96.01,96.01,96.56,96.56,96.56,96.42,96.49,96.49,96.42,96.07,96.14,95.73,95.80,95.94,96.07,96.01,96.28,96.21,96.21,96.35,96.56,96.69,96.42,96.56,96.56,96.56,96.56,97.38,97.45,97.73,97.93,97.80,97.80,97.93,98.07,98.07,98.07,98.28,98.35,98.00,98.35,98.55,98.62,98.69,98.69,98.69,98.76,98.42,98.55,98.62,99.38,99.10,99.17,99.31,99.31,99.38,99.38,99.24,99.38,99.24,99.31,99.31,99.31,99.24,99.38,99.38,99.45,99.52,,99.72,99.72,99.79,99.79,98.48,98.55,98.48,98.48,98.69,98.97,98.90,99.04,98.97,98.97,98.97,98.83,98.83,98.83,98.83,98.76,99.10,99.10,99.10,99.17,99.17,98.90,99.04,98.90,98.97,98.95,99.02,99.04,99.17,99.10,99.10,99.09,99.09,98.83,98.90,98.97,99.24,99.24,99.17,99.17,99.24
B-KU550301,95.37,96.14,95.86,92.92,92.43,92.85,97.18,97.04,96.83,96.69,96.83,96.01,96.01,95.94,96.28,96.07,97.45,97.59,97.45,96.42,96.28,96.35,96.35,96.35,96.42,96.42,96.14,96.14,96.69,96.56,96.69,96.56,96.49,96.49,96.56,96.21,96.28,95.87,95.94,96.07,96.21,96.14,96.42,96.35,96.35,96.49,96.69,96.83,96.56,96.69,96.69,96.69,96.69,97.52,97.59,97.73,98.07,97.93,97.93,98.07,98.21,98.21,98.21,98.42,98.48,98.00,98.48,98.69,98.76,98.83,98.83,98.83,98.90,98.55,98.69,98.76,99.52,99.24,99.31,99.45,99.45,99.52,99.52,99.38,99.52,99.38,99.45,99.45,99.45,99.38,99.52,99.52,99.59,99.66,99.72,,99.86,99.93,99.93,98.62,98.69,98.62,98.62,98.83,99.10,99.04,99.17,99.10,99.10,99.10,98.97,98.97,98.97,98.97,98.90,99.24,99.24,99.24,99.31,99.31,99.04,99.17,99.04,99.10,99.09,99.16,99.17,99.31,99.24,99.24,99.23,99.23,98.97,99.04,99.10,99.38,99.38,99.31,99.31,99.38
B-KU550299,95.37,96.14,95.86,92.92,92.43,92.85,97.18,96.90,96.69,96.56,96.69,96.01,96.01,95.94,96.28,96.07,97.45,97.59,97.45,96.42,96.28,96.35,96.35,96.35,96.42,96.42,96.14,96.14,96.69,96.56,96.69,96.56,96.49,96.49,96.56,96.21,96.28,95.87,95.94,96.07,96.21,96.14,96.42,96.35,96.35,96.49,96.69,96.83,96.56,96.69,96.69,96.69,96.69,97.52,97.59,97.73,98.07,97.93,97.93,98.07,98.21,98.21,98.21,98.42,98.48,98.00,98.48,98.69,98.76,98.83,98.83,98.83,98.90,98.55,98.69,98.76,99.52,99.24,99.31,99.45,99.45,99.52,99.52,99.38,99.52,99.38,99.45,99.45,99.45,99.38,99.52,99.52,99.59,99.66,99.72,99.86,,99.93,99.93,98.62,98.69,98.62,98.62,98.83,99.10,99.04,99.17,99.10,99.10,99.10,98.97,98.97,98.97,98.97,98.90,99.24,99.24,99.24,99.31,99.31,99.04,99.17,99.04,99.10,99.09,99.16,99.17,99.31,99.24,99.24,99.23,99.23,98.97,99.04,99.10,99.38,99.38,99.31,99.31,99.38
B-KX880420,95.51,96.28,96.00,93.06,92.57,92.99,97.25,96.97,96.76,96.63,96.76,96.07,96.07,96.01,96.35,96.14,97.52,97.66,97.52,96.49,96.35,96.42,96.42,96.42,96.49,96.49,96.21,96.21,96.76,96.63,96.76,96.63,96.56,96.56,96.63,96.28,96.35,95.94,96.01,96.14,96.28,96.21,96.49,96.42,96.42,96.56,96.76,96.90,96.63,96.76,96.76,96.76,96.76,97.59,97.66,97.80,98.14,98.00,98.00,98.14,98.28,98.28,98.28,98.48,98.55,98.07,98.55,98.76,98.83,98.90,98.90,98.90,98.97,98.62,98.76,98.83,99.59,99.31,99.38,99.52,99.52,99.59,99.59,99.45,99.59,99.45,99.52,99.52,99.52,99.45,99.59,99.59,99.66,99.72,99.79,99.93,99.93,,100.00,98.69,98.76,98.69,98.69,98.90,99.17,99.10,99.24,99.17,99.17,99.17,99.04,99.04,99.04,99.04,98.97,99.31,99.31,99.31,99.38,99.38,99.10,99.24,99.10,99.17,99.16,99.23,99.24,99.38,99.31,99.31,99.30,99.30,99.04,99.10,99.17,99.45,99.45,99.38,99.38,99.45
B-KU550302,95.51,96.28,96.00,93.06,92.57,92.99,97.25,96.97,96.76,96.63,96.76,96.07,96.07,96.01,96.35,96.14,97.52,97.66,97.52,96.49,96.35,96.42,96.42,96.42,96.49,96.49,96.21,96.21,96.76,96.63,96.76,96.63,96.56,96.56,96.63,96.28,96.35,95.94,96.01,96.14,96.28,96.21,96.49,96.42,96.42,96.56,96.76,96.90,96.63,96.76,96.76,96.76,96.76,97.59,97.66,97.80,98.14,98.00,98.00,98.14,98.28,98.28,98.28,98.48,98.55,98.07,98.55,98.76,98.83,98.90,98.90,98.90,98.97,98.62,98.76,98.83,99.59,99.31,99.38,99.52,99.52,99.59,99.59,99.45,99.59,99.45,99.52,99.52,99.52,99.45,99.59,99.59,99.66,99.72,99.79,99.93,99.93,100.00,,98.69,98.76,98.69,98.69,98.90,99.17,99.10,99.24,99.17,99.17,99.17,99.04,99.04,99.04,99.04,98.97,99.31,99.31,99.31,99.38,99.38,99.10,99.24,99.10,99.17,99.16,99.23,99.24,99.38,99.31,99.31,99.30,99.30,99.04,99.10,99.17,99.45,99.45,99.38,99.38,99.45
B-LC541988,94.81,95.30,94.74,92.36,91.87,92.29,97.18,96.49,96.14,96.01,96.28,95.73,95.73,95.80,96.01,95.80,97.18,97.31,97.18,96.14,96.01,96.07,96.07,96.07,96.14,96.14,95.87,95.87,96.42,96.28,96.42,96.42,96.07,96.07,96.28,95.94,96.01,95.59,95.66,95.80,95.94,95.87,96.01,96.07,96.07,96.21,96.42,96.56,96.28,96.42,96.42,96.42,96.42,97.25,97.31,97.52,97.66,97.52,97.80,97.80,97.93,97.93,97.93,98.14,98.21,97.73,98.07,98.42,98.48,98.55,98.55,98.55,98.62,98.28,98.42,98.48,98.69,98.42,98.21,98.62,98.62,98.69,98.69,98.55,98.28,98.14,98.21,98.21,98.21,98.55,98.42,98.42,98.76,98.48,98.48,98.62,98.62,98.69,98.69,,99.93,99.86,99.86,98.42,98.83,98.76,98.90,98.83,98.83,98.83,98.55,98.55,98.69,98.69,98.62,98.97,98.97,98.97,99.04,99.04,98.76,98.90,98.76,98.83,98.81,98.88,98.90,98.90,98.97,98.97,98.95,98.95,98.69,98.76,98.83,99.10,99.10,99.04,99.04,99.10
B-MH704727,94.81,95.30,94.74,92.36,91.87,92.29,97.11,96.56,96.21,96.07,96.35,95.80,95.80,95.87,96.07,95.87,97.25,97.38,97.25,96.21,96.07,96.14,96.14,96.14,96.21,96.21,95.94,95.94,96.49,96.35,96.49,96.49,96.14,96.14,96.35,96.01,96.07,95.66,95.73,95.87,96.01,95.94,96.07,96.14,96.14,96.28,96.49,96.63,96.35,96.49,96.49,96.49,96.49,97.31,97.38,97.59,97.73,97.59,97.87,97.87,98.00,98.00,98.00,98.21,98.28,97.80,98.14,98.48,98.55,98.62,98.62,98.62,98.69,98.35,98.48,98.55,98.76,98.48,98.28,98.69,98.69,98.76,98.76,98.62,98.35,98.21,98.28,98.28,98.28,98.62,98.48,98.48,98.83,98.55,98.55,98.69,98.69,98.76,98.76,99.93,,99.93,99.93,98.48,98.90,98.83,98.97,98.90,98.90,98.90,98.62,98.62,98.76,98.76,98.69,99.04,99.04,99.04,99.10,99.10,98.83,98.97,98.83,98.90,98.88,98.95,98.97,98.97,99.04,99.04,99.02,99.02,98.76,98.83,98.90,99.17,99.17,99.10,99.10,99.17
B-LC228332,94.81,95.30,94.74,92.36,91.87,92.29,97.04,96.49,96.14,96.01,96.28,95.73,95.73,95.94,96.01,95.80,97.18,97.31,97.18,96.14,96.01,96.07,96.07,96.07,96.14,96.14,95.87,95.87,96.42,96.28,96.42,96.42,96.07,96.07,96.28,95.94,96.01,95.59,95.66,95.80,95.94,95.87,96.01,96.07,96.07,96.21,96.42,96.56,96.28,96.42,96.42,96.42,96.42,97.25,97.31,97.52,97.66,97.52,97.93,97.80,97.93,97.93,97.93,98.14,98.21,97.73,98.07,98.42,98.48,98.55,98.55,98.55,98.62,98.28,98.42,98.48,98.69,98.42,98.21,98.62,98.62,98.69,98.69,98.55,98.28,98.14,98.21,98.21,98.21,98.55,98.42,98.42,98.76,98.48,98.48,98.62,98.62,98.69,98.69,99.86,99.93,,100.00,98.42,98.83,98.76,98.90,98.83,98.83,98.83,98.55,98.55,98.69,98.69,98.62,98.97,98.97,98.97,99.04,99.04,98.76,98.90,98.76,98.83,98.81,98.88,98.90,98.90,98.97,98.97,98.95,98.95,98.69,98.76,98.83,99.10,99.10,99.04,99.04,99.10
B-LC228321,94.81,95.30,94.74,92.36,91.87,92.29,97.04,96.49,96.14,96.01,96.28,95.73,95.73,95.94,96.01,95.80,97.18,97.31,97.18,96.14,96.01,96.07,96.07,96.07,96.14,96.14,95.87,95.87,96.42,96.28,96.42,96.42,96.07,96.07,96.28,95.94,96.01,95.59,95.66,95.80,95.94,95.87,96.01,96.07,96.07,96.21,96.42,96.56,96.28,96.42,96.42,96.42,96.42,97.25,97.31,97.52,97.66,97.52,97.93,97.80,97.93,97.93,97.93,98.14,98.21,97.73,98.07,98.42,98.48,98.55,98.55,98.55,98.62,98.28,98.42,98.48,98.69,98.42,98.21,98.62,98.62,98.69,98.69,98.55,98.28,98.14,98.21,98.21,98.21,98.55,98.42,98.42,98.76,98.48,98.48,98.62,98.62,98.69,98.69,99.86,99.93,100.00,,98.42,98.83,98.76,98.90,98.83,98.83,98.83,98.55,98.55,98.69,98.69,98.62,98.97,98.97,98.97,99.04,99.04,98.76,98.90,98.76,98.83,98.81,98.88,98.90,98.90,98.97,98.97,98.95,98.95,98.69,98.76,98.83,99.10,99.10,99.04,99.04,99.10
B-LC260279,95.51,96.00,95.44,93.06,92.57,92.99,96.97,96.69,96.35,96.21,96.49,95.94,95.94,95.87,96.21,96.01,97.25,97.38,97.25,96.35,96.21,96.28,96.28,96.28,96.35,96.35,96.07,96.07,96.49,96.49,96.63,96.49,96.42,96.42,96.49,96.14,96.21,95.80,95.87,96.01,96.14,96.07,96.21,96.28,96.28,96.42,96.63,96.76,96.49,96.63,96.63,96.63,96.63,97.31,97.38,97.66,97.73,97.59,97.73,97.87,98.00,98.00,98.00,98.21,98.28,97.80,98.28,98.48,98.55,98.62,98.62,98.62,98.69,98.35,98.48,98.55,98.76,98.48,98.42,98.69,98.69,98.76,98.76,98.62,98.48,98.35,98.42,98.42,98.42,98.62,98.48,98.76,98.83,98.69,98.69,98.83,98.83,98.90,98.90,98.42,98.48,98.42,98.42,,99.04,98.97,99.10,99.04,99.04,99.04,98.62,98.62,98.76,98.76,98.69,99.04,99.04,99.04,99.10,99.10,98.97,98.97,98.83,98.90,98.95,99.02,98.97,98.97,99.04,99.04,99.09,99.09,98.90,98.97,99.45,99.17,99.17,99.24,99.24,99.31
B-MT732493,95.79,96.00,95.44,93.06,92.57,92.99,97.38,96.97,96.63,96.49,96.76,96.21,96.21,96.14,96.49,96.28,97.66,97.80,97.66,96.63,96.49,96.56,96.56,96.56,96.63,96.63,96.35,96.35,96.90,96.76,96.90,96.76,96.56,96.56,96.76,96.42,96.49,96.07,96.14,96.28,96.42,96.35,96.49,96.56,96.56,96.69,96.90,97.04,96.76,96.90,96.90,96.90,96.90,97.73,97.80,97.93,98.14,98.00,98.14,98.28,98.42,98.42,98.42,98.62,98.69,98.21,98.55,98.90,98.97,99.04,99.04,99.04,99.10,98.76,98.90,98.97,99.17,98.90,98.69,99.10,99.10,99.17,99.17,99.04,98.76,98.62,98.69,98.69,98.69,99.04,98.76,98.90,99.24,98.97,98.97,99.10,99.10,99.17,99.17,98.83,98.90,98.83,98.83,99.04,,99.93,99.79,99.72,99.72,99.72,99.04,99.04,99.17,99.17,99.10,99.45,99.45,99.45,99.52,99.52,99.24,99.38,99.24,99.31,99.30,99.37,99.38,99.38,99.45,99.45,99.44,99.44,99.31,99.38,99.45,99.59,99.59,99.66,99.66,99.72
B-LC386071,95.93,95.86,95.30,93.20,92.71,93.13,97.45,97.04,96.69,96.56,96.83,96.28,96.28,96.21,96.56,96.35,97.73,97.87,97.73,96.69,96.56,96.63,96.63,96.63,96.69,96.69,96.42,96.42,96.97,96.83,96.97,96.83,96.63,96.63,96.83,96.49,96.56,96.14,96.21,96.35,96.49,96.42,96.56,96.63,96.63,96.76,96.97,97.11,96.83,96.97,96.97,96.97,96.97,97.80,97.87,98.00,98.21,98.07,98.21,98.35,98.48,98.48,98.48,98.69,98.76,98.28,98.62,98.97,99.04,99.10,99.10,99.10,99.17,98.83,98.97,99.04,99.10,98.83,98.62,99.04,99.04,99.10,99.10,98.97,98.69,98.55,98.62,98.62,98.62,98.97,98.69,98.83,99.17,98.90,98.90,99.04,99.04,99.10,99.10,98.76,98.83,98.76,98.76,98.97,99.93,,99.72,99.66,99.66,99.66,98.97,98.97,99.10,99.10,99.04,99.38,99.38,99.38,99.45,99.45,99.17,99.31,99.17,99.24,99.23,99.30,99.31,99.31,99.38,99.38,99.37,99.37,99.24,99.31,99.38,99.52,99.52,99.59,99.59,99.66
B-LC086742,95.79,96.28,95.72,93.34,92.85,93.27,97.45,97.04,96.69,96.69,96.83,96.28,96.28,96.21,96.69,96.35,97.73,97.87,97.73,96.69,96.56,96.63,96.63,96.63,96.69,96.69,96.42,96.42,96.97,96.83,96.97,96.83,96.63,96.63,96.83,96.49,96.56,96.14,96.21,96.35,96.49,96.42,96.56,96.63,96.63,96.76,96.97,97.11,96.83,96.97,96.97,96.97,96.97,97.80,97.87,98.00,98.35,98.21,98.21,98.35,98.48,98.48,98.48,98.69,98.76,98.28,98.62,98.97,99.04,99.10,99.10,99.10,99.17,98.83,98.97,99.04,99.24,98.97,98.76,99.17,99.17,99.24,99.24,99.10,98.83,98.69,98.76,98.76,98.76,99.10,98.83,98.97,99.31,99.04,99.04,99.17,99.17,99.24,99.24,98.90,98.97,98.90,98.90,99.10,99.79,99.72,,99.79,99.79,99.79,99.10,99.10,99.24,99.24,99.17,99.52,99.52,99.52,99.59,99.59,99.31,99.45,99.31,99.38,99.37,99.44,99.45,99.45,99.52,99.52,99.51,99.51,99.38,99.45,99.52,99.66,99.66,99.72,99.72,99.79
B-LC169968,95.65,96.14,95.58,93.20,92.71,93.13,97.38,97.11,96.76,96.63,96.90,96.21,96.21,96.14,96.49,96.42,97.66,97.80,97.66,96.63,96.49,96.56,96.56,96.56,96.63,96.63,96.35,96.35,96.90,96.76,97.04,96.76,96.56,96.56,96.76,96.42,96.49,96.07,96.14,96.28,96.42,96.35,96.49,96.56,96.56,96.69,96.90,97.04,96.76,96.90,96.90,96.90,96.90,97.73,97.80,97.93,98.14,98.00,98.14,98.28,98.42,98.42,98.42,98.62,98.69,98.21,98.55,98.90,98.97,99.04,99.04,99.04,99.10,98.76,98.90,98.97,99.17,98.90,98.69,99.10,99.10,99.17,99.17,99.04,98.76,98.62,98.69,98.69,98.69,99.04,98.76,98.90,99.24,98.97,98.97,99.10,99.10,99.17,99.17,98.83,98.90,98.83,98.83,99.04,99.72,99.66,99.79,,99.86,99.86,99.04,99.04,99.17,99.17,99.10,99.45,99.45,99.45,99.52,99.52,99.24,99.38,99.24,99.31,99.30,99.37,99.38,99.38,99.45,99.45,99.44,99.44,99.31,99.38,99.45,99.59,99.59,99.66,99.66,99.72
B-LC169957,95.65,96.14,95.58,93.20,92.71,93.13,97.38,97.11,96.76,96.63,96.90,96.21,96.21,96.14,96.49,96.42,97.66,97.80,97.66,96.63,96.49,96.56,96.56,96.56,96.63,96.63,96.35,96.35,96.90,96.76,97.04,96.76,96.56,96.56,96.76,96.42,96.49,96.07,96.14,96.28,96.42,96.35,96.49,96.56,96.56,96.69,96.90,97.04,96.76,96.90,96.90,96.90,96.90,97.73,97.80,97.93,98.14,98.00,98.14,98.28,98.42,98.42,98.42,98.62,98.69,98.21,98.55,98.90,98.97,99.04,99.04,99.04,99.10,98.76,98.90,98.97,99.17,98.90,98.69,99.10,99.10,99.17,99.17,99.04,98.76,98.62,98.69,98.69,98.69,99.04,98.76,98.90,99.24,98.97,98.97,99.10,99.10,99.17,99.17,98.83,98.90,98.83,98.83,99.04,99.72,99.66,99.79,99.86,,100.00,99.04,99.04,99.17,99.17,99.10,99.45,99.45,99.45,99.52,99.52,99.24,99.38,99.24,99.31,99.30,99.37,99.38,99.38,99.45,99.45,99.44,99.44,99.31,99.38,99.45,99.59,99.59,99.66,99.66,99.72
B-LC169946,95.65,96.14,95.58,93.20,92.71,93.13,97.38,97.11,96.76,96.63,96.90,96.21,96.21,96.14,96.49,96.42,97.66,97.80,97.66,96.63,96.49,96.56,96.56,96.56,96.63,96.63,96.35,96.35,96.90,96.76,97.04,96.76,96.56,96.56,96.76,96.42,96.49,96.07,96.14,96.28,96.42,96.35,96.49,96.56,96.56,96.69,96.90,97.04,96.76,96.90,96.90,96.90,96.90,97.73,97.80,97.93,98.14,98.00,98.14,98.28,98.42,98.42,98.42,98.62,98.69,98.21,98.55,98.90,98.97,99.04,99.04,99.04,99.10,98.76,98.90,98.97,99.17,98.90,98.69,99.10,99.10,99.17,99.17,99.04,98.76,98.62,98.69,98.69,98.69,99.04,98.76,98.90,99.24,98.97,98.97,99.10,99.10,99.17,99.17,98.83,98.90,98.83,98.83,99.04,99.72,99.66,99.79,99.86,100.00,,99.04,99.04,99.17,99.17,99.10,99.45,99.45,99.45,99.52,99.52,99.24,99.38,99.24,99.31,99.30,99.37,99.38,99.38,99.45,99.45,99.44,99.44,99.31,99.38,99.45,99.59,99.59,99.66,99.66,99.72
B-LC260277,95.09,95.58,95.02,92.78,92.43,92.57,97.25,96.83,96.49,96.35,96.63,96.07,96.07,96.01,96.49,96.28,97.66,97.66,97.52,96.56,96.42,96.49,96.49,96.49,96.56,96.56,96.28,96.28,96.76,96.63,96.76,96.76,96.42,96.42,96.76,96.42,96.49,95.94,96.01,96.14,96.28,96.21,96.35,96.42,96.42,96.56,96.76,96.90,96.63,96.76,96.76,96.76,96.76,97.73,97.80,97.80,98.07,97.93,98.00,98.14,98.42,98.42,98.35,98.55,98.55,98.07,98.42,98.76,98.83,98.90,98.90,98.90,98.97,98.62,98.76,98.83,99.04,98.76,98.55,98.97,98.97,99.04,99.04,98.90,98.62,98.48,98.55,98.55,98.55,98.90,98.62,98.76,99.10,98.83,98.83,98.97,98.97,99.04,99.04,98.55,98.62,98.55,98.55,98.62,99.04,98.97,99.10,99.04,99.04,99.04,,99.86,99.17,99.17,99.10,99.45,99.45,99.45,99.52,99.52,99.24,99.38,98.97,99.04,99.02,99.09,99.10,99.10,99.17,99.17,99.16,99.16,99.04,99.10,99.04,99.31,99.31,99.24,99.24,99.31
B-KX880431,95.09,95.58,95.02,92.78,92.43,92.57,97.25,96.83,96.49,96.35,96.63,96.07,96.07,96.01,96.35,96.14,97.52,97.66,97.52,96.56,96.42,96.49,96.49,96.49,96.56,96.56,96.28,96.28,96.76,96.63,96.76,96.76,96.42,96.42,96.76,96.42,96.49,95.94,96.01,96.14,96.28,96.21,96.35,96.42,96.42,96.56,96.76,96.90,96.63,96.76,96.76,96.76,96.76,97.59,97.66,97.80,98.07,97.93,98.00,98.14,98.42,98.28,98.35,98.55,98.55,98.07,98.42,98.76,98.83,98.90,98.90,98.90,98.97,98.62,98.76,98.83,99.04,98.76,98.55,98.97,98.97,99.04,99.04,98.90,98.62,98.48,98.55,98.55,98.55,98.90,98.62,98.76,99.10,98.83,98.83,98.97,98.97,99.04,99.04,98.55,98.62,98.55,98.55,98.62,99.04,98.97,99.10,99.04,99.04,99.04,99.86,,99.17,99.17,99.10,99.45,99.45,99.45,99.52,99.52,99.24,99.38,98.97,99.04,99.02,99.09,99.10,99.10,99.17,99.17,99.16,99.16,99.04,99.10,99.04,99.31,99.31,99.24,99.24,99.31
B-MG670730,95.37,95.86,95.30,92.92,92.43,92.85,97.38,96.97,96.76,96.49,96.76,96.21,96.21,96.14,96.49,96.28,97.66,97.80,97.66,96.63,96.49,96.56,96.56,96.56,96.63,96.63,96.49,96.49,96.90,96.76,96.90,96.76,96.56,96.56,96.76,96.42,96.49,96.07,96.14,96.28,96.42,96.35,96.49,96.56,96.56,96.69,96.90,97.04,96.76,96.90,96.90,96.90,96.90,97.73,97.80,97.93,98.14,98.00,98.14,98.28,98.42,98.42,98.42,98.62,98.69,98.21,98.55,98.90,98.97,99.04,99.04,99.04,99.10,98.76,98.90,98.97,99.04,98.76,98.55,98.97,98.97,99.04,99.04,98.90,98.62,98.48,98.55,98.55,98.55,98.90,98.62,98.76,99.10,98.83,98.83,98.97,98.97,99.04,99.04,98.69,98.76,98.69,98.69,98.76,99.17,99.10,99.24,99.17,99.17,99.17,99.17,99.17,,100.00,99.93,99.59,99.59,99.59,99.66,99.66,99.66,99.79,99.10,99.17,99.16,99.23,99.24,99.24,99.31,99.31,99.30,99.30,99.17,99.24,99.17,99.45,99.45,99.38,99.38,99.45
B-MG670726,95.37,95.86,95.30,92.92,92.43,92.85,97.38,96.97,96.76,96.49,96.76,96.21,96.21,96.14,96.49,96.28,97.66,97.80,97.66,96.63,96.49,96.56,96.56,96.56,96.63,96.63,96.49,96.49,96.90,96.76,96.90,96.76,96.56,96.56,96.76,96.42,96.49,96.07,96.14,96.28,96.42,96.35,96.49,96.56,96.56,96.69,96.90,97.04,96.76,96.90,96.90,96.90,96.90,97.73,97.80,97.93,98.14,98.00,98.14,98.28,98.42,98.42,98.42,98.62,98.69,98.21,98.55,98.90,98.97,99.04,99.04,99.04,99.10,98.76,98.90,98.97,99.04,98.76,98.55,98.97,98.97,99.04,99.04,98.90,98.62,98.48,98.55,98.55,98.55,98.90,98.62,98.76,99.10,98.83,98.83,98.97,98.97,99.04,99.04,98.69,98.76,98.69,98.69,98.76,99.17,99.10,99.24,99.17,99.17,99.17,99.17,99.17,100.00,,99.93,99.59,99.59,99.59,99.66,99.66,99.66,99.79,99.10,99.17,99.16,99.23,99.24,99.24,99.31,99.31,99.30,99.30,99.17,99.24,99.17,99.45,99.45,99.38,99.38,99.45
B-MG670729,95.23,95.86,95.30,92.78,92.29,92.71,97.31,96.90,96.69,96.42,96.69,96.28,96.28,96.07,96.42,96.21,97.59,97.73,97.59,96.56,96.42,96.49,96.49,96.49,96.56,96.56,96.42,96.42,96.83,96.69,96.83,96.69,96.49,96.49,96.69,96.35,96.42,96.01,96.07,96.21,96.35,96.28,96.42,96.63,96.63,96.63,96.83,96.97,96.69,96.83,96.83,96.83,96.83,97.66,97.73,97.87,98.07,97.93,98.07,98.21,98.35,98.35,98.35,98.55,98.62,98.14,98.48,98.83,98.90,98.97,98.97,98.97,99.04,98.69,98.83,98.90,98.97,98.69,98.48,98.90,98.90,98.97,98.97,98.83,98.55,98.42,98.48,98.48,98.48,98.83,98.55,98.69,99.04,98.76,98.76,98.90,98.90,98.97,98.97,98.62,98.69,98.62,98.62,98.69,99.10,99.04,99.17,99.10,99.10,99.10,99.10,99.10,99.93,99.93,,99.52,99.52,99.52,99.59,99.59,99.59,99.72,99.04,99.10,99.09,99.16,99.17,99.17,99.24,99.24,99.23,99.23,99.10,99.17,99.10,99.38,99.38,99.31,99.31,99.38
B-LC086731,95.65,96.14,95.58,93.20,92.71,93.13,97.66,97.25,96.90,96.76,97.04,96.56,96.56,96.49,96.83,96.63,97.93,98.07,97.93,96.90,96.76,96.83,96.83,96.83,96.90,96.90,96.63,96.63,97.18,97.04,97.18,97.04,96.83,96.83,97.04,96.69,96.76,96.42,96.42,96.56,96.69,96.63,96.76,96.83,96.83,96.97,97.18,97.31,97.04,97.18,97.18,97.18,97.18,98.00,98.07,98.21,98.42,98.28,98.42,98.69,98.69,98.69,98.69,98.90,98.97,98.48,98.83,99.17,99.24,99.31,99.31,99.31,99.38,99.04,99.17,99.24,99.31,99.04,98.83,99.24,99.24,99.31,99.31,99.17,99.04,98.76,98.83,98.83,98.83,99.17,98.90,99.04,99.38,99.10,99.10,99.24,99.24,99.31,99.31,98.97,99.04,98.97,98.97,99.04,99.45,99.38,99.52,99.45,99.45,99.45,99.45,99.45,99.59,99.59,99.52,,100.00,99.86,99.93,99.93,99.66,99.79,99.38,99.45,99.44,99.51,99.52,99.52,99.59,99.59,99.58,99.58,99.45,99.52,99.45,99.72,99.72,99.66,99.66,99.72
B-LC086720,95.65,96.14,95.58,93.20,92.71,93.13,97.66,97.25,96.90,96.76,97.04,96.56,96.56,96.49,96.83,96.63,97.93,98.07,97.93,96.90,96.76,96.83,96.83,96.83,96.90,96.90,96.63,96.63,97.18,97.04,97.18,97.04,96.83,96.83,97.04,96.69,96.76,96.42,96.42,96.56,96.69,96.63,96.76,96.83,96.83,96.97,97.18,97.31,97.04,97.18,97.18,97.18,97.18,98.00,98.07,98.21,98.42,98.28,98.42,98.69,98.69,98.69,98.69,98.90,98.97,98.48,98.83,99.17,99.24,99.31,99.31,99.31,99.38,99.04,99.17,99.24,99.31,99.04,98.83,99.24,99.24,99.31,99.31,99.17,99.04,98.76,98.83,98.83,98.83,99.17,98.90,99.04,99.38,99.10,99.10,99.24,99.24,99.31,99.31,98.97,99.04,98.97,98.97,99.04,99.45,99.38,99.52,99.45,99.45,99.45,99.45,99.45,99.59,99.59,99.52,100.00,,99.86,99.93,99.93,99.66,99.79,99.38,99.45,99.44,99.51,99.52,99.52,99.59,99.59,99.58,99.58,99.45,99.52,99.45,99.72,99.72,99.66,99.66,99.72
B-KU059794,95.51,96.00,95.44,93.06,92.57,92.99,97.66,97.25,96.90,96.76,97.04,96.49,96.49,96.42,96.76,96.56,97.93,98.21,98.07,96.90,96.76,96.83,96.83,96.83,96.90,96.90,96.63,96.63,97.18,97.04,97.18,97.04,96.83,96.83,97.04,96.69,96.76,96.35,96.42,96.56,96.69,96.63,96.76,96.83,96.83,96.97,97.18,97.31,97.04,97.18,97.18,97.18,97.18,98.00,98.07,98.21,98.42,98.28,98.42,98.55,98.69,98.83,98.69,98.90,99.10,98.48,98.83,99.17,99.24,99.31,99.31,99.31,99.38,99.04,99.17,99.24,99.31,99.04,98.83,99.24,99.24,99.31,99.31,99.17,98.90,98.76,98.83,98.83,98.83,99.17,98.90,99.04,99.38,99.10,99.10,99.24,99.24,99.31,99.31,98.97,99.04,98.97,98.97,99.04,99.45,99.38,99.52,99.45,99.45,99.45,99.45,99.45,99.59,99.59,99.52,99.86,99.86,,99.93,99.93,99.66,99.79,99.38,99.45,99.44,99.51,99.52,99.52,99.59,99.59,99.58,99.58,99.45,99.52,99.45,99.72,99.72,99.66,99.66,99.72
B-KU059783,95.65,96.14,95.58,93.20,92.71,93.13,97.73,97.31,96.97,96.83,97.11,96.56,96.56,96.49,96.83,96.63,98.00,98.14,98.00,96.97,96.83,96.90,96.90,96.90,96.97,96.97,96.69,96.69,97.25,97.11,97.25,97.11,96.90,96.90,97.11,96.76,96.83,96.42,96.49,96.63,96.76,96.69,96.83,96.90,96.90,97.04,97.25,97.38,97.11,97.25,97.25,97.25,97.25,98.07,98.14,98.28,98.48,98.35,98.48,98.62,98.76,98.76,98.76,98.97,99.04,98.55,98.90,99.24,99.31,99.38,99.38,99.38,99.45,99.10,99.24,99.31,99.38,99.10,98.90,99.31,99.31,99.38,99.38,99.24,98.97,98.83,98.90,98.90,98.90,99.24,98.97,99.10,99.45,99.17,99.17,99.31,99.31,99.38,99.38,99.04,99.10,99.04,99.04,99.10,99.52,99.45,99.59,99.52,99.52,99.52,99.52,99.52,99.66,99.66,99.59,99.93,99.93,99.93,,100.00,99.72,99.86,99.45,99.52,99.51,99.58,99.59,99.59,99.66,99.66,99.65,99.65,99.52,99.59,99.52,99.79,99.79,99.72,99.72,99.79
B-KU059772,95.65,96.14,95.58,93.20,92.71,93.13,97.73,97.31,96.97,96.83,97.11,96.56,96.56,96.49,96.83,96.63,98.00,98.14,98.00,96.97,96.83,96.90,96.90,96.90,96.97,96.97,96.69,96.69,97.25,97.11,97.25,97.11,96.90,96.90,97.11,96.76,96.83,96.42,96.49,96.63,96.76,96.69,96.83,96.90,96.90,97.04,97.25,97.38,97.11,97.25,97.25,97.25,97.25,98.07,98.14,98.28,98.48,98.35,98.48,98.62,98.76,98.76,98.76,98.97,99.04,98.55,98.90,99.24,99.31,99.38,99.38,99.38,99.45,99.10,99.24,99.31,99.38,99.10,98.90,99.31,99.31,99.38,99.38,99.24,98.97,98.83,98.90,98.90,98.90,99.24,98.97,99.10,99.45,99.17,99.17,99.31,99.31,99.38,99.38,99.04,99.10,99.04,99.04,99.10,99.52,99.45,99.59,99.52,99.52,99.52,99.52,99.52,99.66,99.66,99.59,99.93,99.93,99.93,100.00,,99.72,99.86,99.45,99.52,99.51,99.58,99.59,99.59,99.66,99.66,99.65,99.65,99.52,99.59,99.52,99.79,99.79,99.72,99.72,99.79
B-MG670722,95.51,96.00,95.44,93.06,92.57,92.99,97.45,97.04,96.83,96.56,96.83,96.28,96.28,96.21,96.56,96.35,97.73,97.87,97.73,96.69,96.56,96.63,96.63,96.63,96.69,96.69,96.42,96.42,96.97,96.83,96.97,96.83,96.63,96.63,96.83,96.49,96.56,96.14,96.21,96.49,96.49,96.42,96.56,96.63,96.63,96.76,96.97,97.11,96.83,96.97,96.97,96.97,96.97,97.80,97.87,98.00,98.21,98.07,98.21,98.35,98.48,98.48,98.48,98.69,98.76,98.28,98.62,98.97,99.04,99.10,99.10,99.10,99.17,98.83,98.97,99.04,99.10,98.83,98.62,99.04,99.04,99.10,99.10,98.97,98.69,98.55,98.62,98.62,98.62,98.97,98.69,98.83,99.17,98.90,98.90,99.04,99.04,99.10,99.10,98.76,98.83,98.76,98.76,98.97,99.24,99.17,99.31,99.24,99.24,99.24,99.24,99.24,99.66,99.66,99.59,99.66,99.66,99.66,99.72,99.72,,99.86,99.17,99.24,99.23,99.30,99.31,99.31,99.38,99.38,99.37,99.37,99.24,99.31,99.38,99.52,99.52,99.45,99.45,99.52
B-MG670713,95.51,96.00,95.44,93.06,92.57,92.99,97.59,97.18,96.97,96.69,96.97,96.42,96.42,96.35,96.69,96.49,97.87,98.00,97.87,96.83,96.69,96.76,96.76,96.76,96.83,96.83,96.56,96.56,97.11,96.97,97.11,96.97,96.76,96.76,96.97,96.63,96.69,96.28,96.35,96.49,96.63,96.56,96.69,96.76,96.76,96.90,97.11,97.25,96.97,97.11,97.11,97.11,97.11,97.93,98.00,98.14,98.35,98.21,98.35,98.48,98.62,98.62,98.62,98.83,98.90,98.42,98.76,99.10,99.17,99.24,99.24,99.24,99.31,98.97,99.10,99.17,99.24,98.97,98.76,99.17,99.17,99.24,99.24,99.10,98.83,98.69,98.76,98.76,98.76,99.10,98.83,98.97,99.31,99.04,99.04,99.17,99.17,99.24,99.24,98.90,98.97,98.90,98.90,98.97,99.38,99.31,99.45,99.38,99.38,99.38,99.38,99.38,99.79,99.79,99.72,99.79,99.79,99.79,99.86,99.86,99.86,,99.31,99.38,99.37,99.44,99.45,99.45,99.52,99.52,99.51,99.51,99.38,99.45,99.38,99.66,99.66,99.59,99.59,99.66
B-KJ639029,95.51,96.00,95.44,93.06,92.57,92.99,97.45,97.04,96.69,96.56,96.83,96.28,96.28,96.21,96.56,96.35,97.73,97.87,97.73,96.69,96.56,96.63,96.63,96.63,96.69,96.69,96.42,96.42,96.97,96.69,96.97,96.83,96.63,96.63,96.83,96.49,96.56,96.21,96.28,96.42,96.49,96.42,96.56,96.63,96.63,96.76,96.97,97.11,96.83,96.97,96.97,96.97,96.97,97.80,97.87,98.00,98.21,98.07,98.21,98.35,98.48,98.48,98.48,98.69,98.76,98.28,98.62,98.97,99.04,99.10,99.10,99.10,99.17,98.83,98.97,99.04,99.10,98.83,98.62,99.04,99.04,99.10,99.10,98.97,98.69,98.55,98.62,98.62,98.62,98.97,98.69,98.83,99.17,98.90,98.90,99.04,99.04,99.10,99.10,98.76,98.83,98.76,98.76,98.83,99.24,99.17,99.31,99.24,99.24,99.24,98.97,98.97,99.10,99.10,99.04,99.38,99.38,99.38,99.45,99.45,99.17,99.31,,99.79,99.23,99.30,99.31,99.31,99.38,99.38,99.37,99.37,99.10,99.17,99.24,99.52,99.52,99.45,99.45,99.52
B-KJ639018,95.51,96.00,95.44,93.06,92.57,92.99,97.52,97.25,96.90,96.76,97.04,96.35,96.35,96.28,96.63,96.42,97.80,97.93,97.80,96.76,96.63,96.69,96.69,96.69,96.76,96.76,96.49,96.49,97.04,96.76,97.04,96.90,96.69,96.69,96.90,96.56,96.63,96.28,96.35,96.49,96.56,96.49,96.63,96.69,96.69,96.83,97.04,97.18,96.90,97.04,97.04,97.04,97.04,97.87,97.93,98.07,98.28,98.14,98.28,98.42,98.55,98.55,98.55,98.76,98.83,98.35,98.69,99.04,99.10,99.17,99.17,99.17,99.24,98.90,99.04,99.10,99.17,98.90,98.69,99.10,99.10,99.17,99.17,99.04,98.76,98.62,98.69,98.69,98.69,99.04,98.76,98.90,99.24,98.97,98.97,99.10,99.10,99.17,99.17,98.83,98.90,98.83,98.83,98.90,99.31,99.24,99.38,99.31,99.31,99.31,99.04,99.04,99.17,99.17,99.10,99.45,99.45,99.45,99.52,99.52,99.24,99.38,99.79,,99.30,99.37,99.38,99.38,99.45,99.45,99.44,99.44,99.17,99.24,99.31,99.59,99.59,99.52,99.52,99.59
B-AB975803,95.23,95.72,95.16,92.78,92.29,92.71,97.49,96.93,96.58,96.44,96.72,96.23,96.23,96.16,96.51,96.30,97.63,97.77,97.63,96.72,96.58,96.65,96.65,96.65,96.72,96.72,96.44,96.44,96.86,96.79,96.93,96.79,96.58,96.58,96.79,96.44,96.51,96.09,96.16,96.30,96.44,96.37,96.51,96.58,96.58,96.72,96.93,97.07,96.79,96.93,96.93,96.93,96.93,97.70,97.77,97.91,98.12,97.98,98.19,98.26,98.40,98.40,98.40,98.61,98.68,98.19,98.54,98.95,99.02,99.02,99.02,99.02,99.09,98.74,98.88,98.95,99.16,98.88,98.68,99.09,99.09,99.16,99.16,99.02,98.74,98.61,98.68,98.68,98.68,99.16,98.74,98.88,99.23,98.95,98.95,99.09,99.09,99.16,99.16,98.81,98.88,98.81,98.81,98.95,99.30,99.23,99.37,99.30,99.30,99.30,99.02,99.02,99.16,99.16,99.09,99.44,99.44,99.44,99.51,99.51,99.23,99.37,99.23,99.30,,99.79,99.79,99.79,99.86,99.86,99.86,99.86,99.16,99.23,99.30,99.58,99.58,99.51,99.51,99.58
B-AB975775,95.51,96.00,95.44,93.06,92.57,92.99,97.56,97.00,96.65,96.51,96.79,96.30,96.30,96.23,96.58,96.37,97.70,97.84,97.70,96.79,96.65,96.72,96.72,96.72,96.79,96.79,96.51,96.51,96.93,96.86,97.14,96.86,96.65,96.65,96.86,96.51,96.58,96.16,96.23,96.37,96.51,96.44,96.58,96.65,96.65,96.79,97.00,97.14,96.86,97.00,97.00,97.00,97.00,97.77,97.84,97.98,98.19,98.05,98.26,98.33,98.47,98.47,98.47,98.68,98.74,98.26,98.61,99.02,99.09,99.09,99.09,99.09,99.16,98.81,98.95,99.02,99.23,98.95,98.74,99.16,99.16,99.23,99.23,99.09,98.81,98.68,98.74,98.74,98.74,99.23,98.81,98.95,99.30,99.02,99.02,99.16,99.16,99.23,99.23,98.88,98.95,98.88,98.88,99.02,99.37,99.30,99.44,99.37,99.37,99.37,99.09,99.09,99.23,99.23,99.16,99.51,99.51,99.51,99.58,99.58,99.30,99.44,99.30,99.37,99.79,,99.86,99.86,99.93,99.93,99.93,99.93,99.23,99.30,99.37,99.65,99.65,99.58,99.58,99.65
B-AB848010,95.37,95.86,95.30,92.92,92.43,92.85,97.59,97.04,96.69,96.56,96.83,96.42,96.42,96.35,96.69,96.49,97.73,97.87,97.73,96.69,96.56,96.63,96.63,96.63,96.69,96.69,96.42,96.42,96.97,96.83,96.97,96.83,96.63,96.63,96.83,96.49,96.56,96.14,96.21,96.35,96.49,96.42,96.56,96.63,96.63,96.76,96.97,97.11,96.83,96.97,96.97,96.97,96.97,97.80,97.87,98.00,98.21,98.07,98.21,98.35,98.48,98.48,98.48,98.69,98.76,98.28,98.62,98.97,99.04,99.10,99.10,99.10,99.17,98.83,98.97,99.04,99.24,99.10,98.76,99.17,99.17,99.24,99.24,99.10,98.83,98.69,98.76,98.76,98.76,99.24,98.83,98.97,99.31,99.04,99.04,99.17,99.17,99.24,99.24,98.90,98.97,98.90,98.90,98.97,99.38,99.31,99.45,99.38,99.38,99.38,99.10,99.10,99.24,99.24,99.17,99.52,99.52,99.52,99.59,99.59,99.31,99.45,99.31,99.38,99.79,99.86,,99.86,99.93,99.93,99.93,99.93,99.24,99.31,99.38,99.66,99.66,99.59,99.59,99.66
B-LC751572,95.51,96.00,95.44,93.06,92.57,92.99,97.59,97.04,96.83,96.56,96.83,96.28,96.28,96.21,96.56,96.35,97.73,97.87,97.73,96.69,96.56,96.63,96.63,96.63,96.69,96.69,96.42,96.42,96.97,96.83,96.97,96.83,96.63,96.63,96.83,96.49,96.56,96.14,96.21,96.35,96.49,96.42,96.56,96.63,96.63,96.76,96.97,97.11,96.83,96.97,96.97,96.97,96.97,97.80,97.87,98.00,98.35,98.21,98.21,98.35,98.48,98.48,98.48,98.69,98.76,98.28,98.62,98.97,99.04,99.10,99.10,99.10,99.17,98.83,98.97,99.04,99.24,98.97,98.90,99.17,99.17,99.24,99.24,99.10,98.97,98.83,98.90,98.90,98.90,99.24,98.97,99.10,99.31,99.17,99.17,99.31,99.31,99.38,99.38,98.90,98.97,98.90,98.90,98.97,99.38,99.31,99.45,99.38,99.38,99.38,99.10,99.10,99.24,99.24,99.17,99.52,99.52,99.52,99.59,99.59,99.31,99.45,99.31,99.38,99.79,99.86,99.86,,99.93,99.93,99.93,99.93,99.24,99.31,99.38,99.66,99.66,99.59,99.59,99.66
B-LC751602,95.51,96.00,95.44,93.06,92.57,92.99,97.66,97.11,96.76,96.63,96.90,96.35,96.35,96.28,96.63,96.42,97.80,97.93,97.80,96.76,96.63,96.69,96.69,96.69,96.76,96.76,96.49,96.49,97.04,96.90,97.04,96.90,96.69,96.69,96.90,96.56,96.63,96.21,96.28,96.42,96.56,96.49,96.63,96.69,96.69,96.83,97.04,97.18,96.90,97.04,97.04,97.04,97.04,97.87,97.93,98.07,98.28,98.14,98.28,98.42,98.55,98.55,98.55,98.76,98.83,98.35,98.69,99.04,99.10,99.17,99.17,99.17,99.24,98.90,99.04,99.10,99.31,99.04,98.83,99.24,99.24,99.31,99.31,99.17,98.90,98.76,98.83,98.83,98.83,99.31,98.90,99.04,99.38,99.10,99.10,99.24,99.24,99.31,99.31,98.97,99.04,98.97,98.97,99.04,99.45,99.38,99.52,99.45,99.45,99.45,99.17,99.17,99.31,99.31,99.24,99.59,99.59,99.59,99.66,99.66,99.38,99.52,99.38,99.45,99.86,99.93,99.93,99.93,,100.00,100.00,100.00,99.31,99.38,99.45,99.72,99.72,99.66,99.66,99.72
B-KY616889,95.51,96.00,95.44,93.06,92.57,92.99,97.66,97.11,96.76,96.63,96.90,96.35,96.35,96.28,96.63,96.42,97.80,97.93,97.80,96.76,96.63,96.69,96.69,96.69,96.76,96.76,96.49,96.49,97.04,96.90,97.04,96.90,96.69,96.69,96.90,96.56,96.63,96.21,96.28,96.42,96.56,96.49,96.63,96.69,96.69,96.83,97.04,97.18,96.90,97.04,97.04,97.04,97.04,97.87,97.93,98.07,98.28,98.14,98.28,98.42,98.55,98.55,98.55,98.76,98.83,98.35,98.69,99.04,99.10,99.17,99.17,99.17,99.24,98.90,99.04,99.10,99.31,99.04,98.83,99.24,99.24,99.31,99.31,99.17,98.90,98.76,98.83,98.83,98.83,99.31,98.90,99.04,99.38,99.10,99.10,99.24,99.24,99.31,99.31,98.97,99.04,98.97,98.97,99.04,99.45,99.38,99.52,99.45,99.45,99.45,99.17,99.17,99.31,99.31,99.24,99.59,99.59,99.59,99.66,99.66,99.38,99.52,99.38,99.45,99.86,99.93,99.93,99.93,100.00,,100.00,100.00,99.31,99.38,99.45,99.72,99.72,99.66,99.66,99.72
B-AB975804,95.51,96.00,95.44,93.06,92.57,92.99,97.63,97.07,96.72,96.58,96.86,96.37,96.37,96.30,96.65,96.44,97.77,97.91,97.77,96.86,96.72,96.79,96.79,96.79,96.86,96.86,96.58,96.58,97.00,96.93,97.07,96.93,96.72,96.72,96.93,96.58,96.65,96.23,96.30,96.44,96.58,96.51,96.65,96.72,96.72,96.86,97.07,97.21,96.93,97.07,97.07,97.07,97.07,97.84,97.91,98.05,98.26,98.12,98.33,98.40,98.54,98.54,98.54,98.74,98.81,98.33,98.68,99.09,99.16,99.16,99.16,99.16,99.23,98.88,99.02,99.09,99.30,99.02,98.81,99.23,99.23,99.30,99.30,99.16,98.88,98.74,98.81,98.81,98.81,99.30,98.88,99.02,99.37,99.09,99.09,99.23,99.23,99.30,99.30,98.95,99.02,98.95,98.95,99.09,99.44,99.37,99.51,99.44,99.44,99.44,99.16,99.16,99.30,99.30,99.23,99.58,99.58,99.58,99.65,99.65,99.37,99.51,99.37,99.44,99.86,99.93,99.93,99.93,100.00,100.00,,100.00,99.30,99.37,99.44,99.72,99.72,99.65,99.65,99.72
B-AB975773,95.51,96.00,95.44,93.06,92.57,92.99,97.63,97.07,96.72,96.58,96.86,96.37,96.37,96.30,96.65,96.44,97.77,97.91,97.77,96.86,96.72,96.79,96.79,96.79,96.86,96.86,96.58,96.58,97.00,96.93,97.07,96.93,96.72,96.72,96.93,96.58,96.65,96.23,96.30,96.44,96.58,96.51,96.65,96.72,96.72,96.86,97.07,97.21,96.93,97.07,97.07,97.07,97.07,97.84,97.91,98.05,98.26,98.12,98.33,98.40,98.54,98.54,98.54,98.74,98.81,98.33,98.68,99.09,99.16,99.16,99.16,99.16,99.23,98.88,99.02,99.09,99.30,99.02,98.81,99.23,99.23,99.30,99.30,99.16,98.88,98.74,98.81,98.81,98.81,99.30,98.88,99.02,99.37,99.09,99.09,99.23,99.23,99.30,99.30,98.95,99.02,98.95,98.95,99.09,99.44,99.37,99.51,99.44,99.44,99.44,99.16,99.16,99.30,99.30,99.23,99.58,99.58,99.58,99.65,99.65,99.37,99.51,99.37,99.44,99.86,99.93,99.93,99.93,100.00,100.00,100.00,,99.30,99.37,99.44,99.72,99.72,99.65,99.65,99.72
B-MT723912,95.51,96.00,95.44,93.06,92.57,92.99,97.38,96.97,96.63,96.49,96.76,96.21,96.21,96.14,96.49,96.28,97.66,97.80,97.66,96.63,96.49,96.56,96.56,96.56,96.63,96.63,96.35,96.35,96.90,96.76,96.90,96.76,96.56,96.56,96.76,96.42,96.49,96.07,96.28,96.28,96.42,96.35,96.49,96.56,96.56,96.69,96.90,97.04,96.76,96.90,96.90,96.90,96.90,97.73,97.80,98.07,98.14,98.00,98.21,98.35,98.42,98.42,98.42,98.62,98.69,98.21,98.55,98.90,98.97,99.04,99.04,99.04,99.10,98.76,98.90,98.97,99.04,98.76,98.55,98.97,98.97,99.04,99.04,98.90,98.62,98.48,98.55,98.55,98.55,98.90,98.62,98.76,99.10,98.83,98.83,98.97,98.97,99.04,99.04,98.69,98.76,98.69,98.69,98.90,99.31,99.24,99.38,99.31,99.31,99.31,99.04,99.04,99.17,99.17,99.10,99.45,99.45,99.45,99.52,99.52,99.24,99.38,99.10,99.17,99.16,99.23,99.24,99.24,99.31,99.31,99.30,99.30,,99.93,99.31,99.45,99.45,99.52,99.52,99.59
B-MT410490,95.65,96.14,95.58,93.20,92.71,93.13,97.45,97.04,96.69,96.56,96.83,96.28,96.28,96.21,96.56,96.35,97.73,97.87,97.73,96.69,96.56,96.63,96.63,96.63,96.69,96.69,96.42,96.42,96.97,96.83,96.97,96.83,96.63,96.63,96.83,96.49,96.56,96.14,96.35,96.35,96.49,96.42,96.56,96.63,96.63,96.76,96.97,97.11,96.83,96.97,96.97,96.97,96.97,97.80,97.87,98.14,98.21,98.07,98.28,98.42,98.48,98.48,98.48,98.69,98.76,98.28,98.62,98.97,99.04,99.10,99.10,99.10,99.17,98.83,98.97,99.04,99.10,98.83,98.62,99.04,99.04,99.10,99.10,98.97,98.69,98.55,98.62,98.62,98.62,98.97,98.69,98.83,99.17,98.90,98.90,99.04,99.04,99.10,99.10,98.76,98.83,98.76,98.76,98.97,99.38,99.31,99.45,99.38,99.38,99.38,99.10,99.10,99.24,99.24,99.17,99.52,99.52,99.52,99.59,99.59,99.31,99.45,99.17,99.24,99.23,99.30,99.31,99.31,99.38,99.38,99.37,99.37,99.93,,99.38,99.52,99.52,99.59,99.59,99.66
B-LC469507,95.65,96.14,95.58,93.20,92.71,93.13,97.38,97.11,96.76,96.63,96.90,96.35,96.35,96.28,96.63,96.42,97.80,97.93,97.80,96.76,96.63,96.69,96.69,96.69,96.76,96.76,96.49,96.49,97.04,96.90,97.04,96.90,96.69,96.69,96.90,96.56,96.63,96.21,96.28,96.42,96.56,96.49,96.63,96.69,96.69,96.83,97.04,97.18,96.90,97.04,97.04,97.04,97.04,97.87,97.93,98.07,98.28,98.14,98.28,98.42,98.55,98.55,98.55,98.76,98.83,98.21,98.55,98.90,98.97,99.04,99.04,99.04,99.10,98.90,99.04,99.10,99.17,98.90,98.69,99.10,99.10,99.17,99.17,99.04,98.76,98.62,98.69,98.69,98.69,99.04,98.76,99.04,99.24,98.97,98.97,99.10,99.10,99.17,99.17,98.83,98.90,98.83,98.83,99.45,99.45,99.38,99.52,99.45,99.45,99.45,99.04,99.04,99.17,99.17,99.10,99.45,99.45,99.45,99.52,99.52,99.38,99.38,99.24,99.31,99.30,99.37,99.38,99.38,99.45,99.45,99.44,99.44,99.31,99.38,,99.59,99.59,99.66,99.66,99.72
B-MG573358,95.65,96.14,95.58,93.20,92.71,93.13,97.66,97.25,96.90,96.76,97.04,96.49,96.49,96.42,96.76,96.56,97.93,98.07,97.93,96.90,96.76,96.83,96.83,96.83,96.90,96.90,96.63,96.63,97.18,97.04,97.18,97.04,96.83,96.83,97.04,96.69,96.76,96.35,96.42,96.56,96.69,96.63,96.76,96.83,96.83,96.97,97.18,97.31,97.04,97.18,97.18,97.18,97.18,98.00,98.07,98.21,98.42,98.28,98.42,98.55,98.69,98.69,98.69,98.90,98.97,98.48,98.83,99.17,99.24,99.31,99.31,99.31,99.38,99.04,99.17,99.24,99.45,99.17,98.97,99.38,99.38,99.45,99.45,99.31,99.04,98.90,98.97,98.97,98.97,99.31,99.04,99.17,99.52,99.24,99.24,99.38,99.38,99.45,99.45,99.10,99.17,99.10,99.10,99.17,99.59,99.52,99.66,99.59,99.59,99.59,99.31,99.31,99.45,99.45,99.38,99.72,99.72,99.72,99.79,99.79,99.52,99.66,99.52,99.59,99.58,99.65,99.66,99.66,99.72,99.72,99.72,99.72,99.45,99.52,99.59,,100.00,99.79,99.79,99.86
B-MG573357,95.65,96.14,95.58,93.20,92.71,93.13,97.66,97.25,96.90,96.76,97.04,96.49,96.49,96.42,96.76,96.56,97.93,98.07,97.93,96.90,96.76,96.83,96.83,96.83,96.90,96.90,96.63,96.63,97.18,97.04,97.18,97.04,96.83,96.83,97.04,96.69,96.76,96.35,96.42,96.56,96.69,96.63,96.76,96.83,96.83,96.97,97.18,97.31,97.04,97.18,97.18,97.18,97.18,98.00,98.07,98.21,98.42,98.28,98.42,98.55,98.69,98.69,98.69,98.90,98.97,98.48,98.83,99.17,99.24,99.31,99.31,99.31,99.38,99.04,99.17,99.24,99.45,99.17,98.97,99.38,99.38,99.45,99.45,99.31,99.04,98.90,98.97,98.97,98.97,99.31,99.04,99.17,99.52,99.24,99.24,99.38,99.38,99.45,99.45,99.10,99.17,99.10,99.10,99.17,99.59,99.52,99.66,99.59,99.59,99.59,99.31,99.31,99.45,99.45,99.38,99.72,99.72,99.72,99.79,99.79,99.52,99.66,99.52,99.59,99.58,99.65,99.66,99.66,99.72,99.72,99.72,99.72,99.45,99.52,99.59,100.00,,99.79,99.79,99.86
B-LC066645,95.79,96.28,95.72,93.34,92.85,93.27,97.59,97.18,96.83,96.69,96.97,96.42,96.42,96.35,96.69,96.49,97.87,98.00,97.87,96.83,96.69,96.76,96.76,96.76,96.83,96.83,96.56,96.56,97.11,96.97,97.11,96.97,96.76,96.76,96.97,96.63,96.69,96.28,96.35,96.49,96.63,96.56,96.69,96.76,96.76,96.90,97.11,97.25,96.97,97.11,97.11,97.11,97.11,97.93,98.00,98.14,98.35,98.21,98.35,98.48,98.62,98.62,98.62,98.83,98.90,98.42,98.76,99.10,99.17,99.24,99.24,99.24,99.31,98.97,99.10,99.17,99.38,99.10,98.90,99.31,99.31,99.38,99.38,99.24,98.97,98.83,98.90,98.90,98.90,99.24,98.97,99.10,99.45,99.17,99.17,99.31,99.31,99.38,99.38,99.04,99.10,99.04,99.04,99.24,99.66,99.59,99.72,99.66,99.66,99.66,99.24,99.24,99.38,99.38,99.31,99.66,99.66,99.66,99.72,99.72,99.45,99.59,99.45,99.52,99.51,99.58,99.59,99.59,99.66,99.66,99.65,99.65,99.52,99.59,99.66,99.79,99.79,,99.86,99.93
B-LC066667,95.79,96.28,95.72,93.34,92.85,93.27,97.59,97.18,96.83,96.69,96.97,96.42,96.42,96.35,96.69,96.49,97.87,98.00,97.87,96.83,96.69,96.76,96.76,96.76,96.83,96.83,96.56,96.56,97.11,96.97,97.11,96.97,96.76,96.76,96.97,96.63,96.69,96.28,96.35,96.49,96.63,96.56,96.69,96.76,96.76,96.90,97.11,97.25,96.97,97.11,97.11,97.11,97.11,97.93,98.00,98.14,98.35,98.21,98.35,98.48,98.62,98.62,98.62,98.83,98.90,98.42,98.76,99.10,99.17,99.24,99.24,99.24,99.31,98.97,99.10,99.17,99.38,99.10,98.90,99.31,99.31,99.38,99.38,99.24,98.97,98.83,98.90,98.90,98.90,99.24,98.97,99.10,99.45,99.17,99.17,99.31,99.31,99.38,99.38,99.04,99.10,99.04,99.04,99.24,99.66,99.59,99.72,99.66,99.66,99.66,99.24,99.24,99.38,99.38,99.31,99.66,99.66,99.66,99.72,99.72,99.45,99.59,99.45,99.52,99.51,99.58,99.59,99.59,99.66,99.66,99.65,99.65,99.52,99.59,99.66,99.79,99.79,99.86,,99.93
B-LC066656,95.79,96.28,95.72,93.34,92.85,93.27,97.66,97.25,96.90,96.76,97.04,96.49,96.49,96.42,96.76,96.56,97.93,98.07,97.93,96.90,96.76,96.83,96.83,96.83,96.90,96.90,96.63,96.63,97.18,97.04,97.18,97.04,96.83,96.83,97.04,96.69,96.76,96.35,96.42,96.56,96.69,96.63,96.76,96.83,96.83,96.97,97.18,97.31,97.04,97.18,97.18,97.18,97.18,98.00,98.07,98.21,98.42,98.28,98.42,98.55,98.69,98.69,98.69,98.90,98.97,98.48,98.83,99.17,99.24,99.31,99.31,99.31,99.38,99.04,99.17,99.24,99.45,99.17,98.97,99.38,99.38,99.45,99.45,99.31,99.04,98.90,98.97,98.97,98.97,99.31,99.04,99.17,99.52,99.24,99.24,99.38,99.38,99.45,99.45,99.10,99.17,99.10,99.10,99.31,99.72,99.66,99.79,99.72,99.72,99.72,99.31,99.31,99.45,99.45,99.38,99.72,99.72,99.72,99.79,99.79,99.52,99.66,99.52,99.59,99.58,99.65,99.66,99.66,99.72,99.72,99.72,99.72,99.59,99.66,99.72,99.86,99.86,99.93,99.93,
