,B-LC086810,B-KJ919060,B-LC086799,B-LC086788,B-LC086744,B-LC514489,B-LC066669,B-LC066658,B-LC066647,B-MT732495,B-LC386073,B-MT723914,B-MT410492,B-LC169948,B-LC169970,B-LC169959,B-KC443364,B-KC443219,B-KJ639031,B-KJ639020,B-LC751826,B-LC751796,B-AB975904,B-AB975903,B-AB975875,B-AB975873,B-MG670786,B-MG670785,B-MG670782,B-KU059796,B-MG670778,B-KX880433,B-LC260299,B-MG670769,B-LC325468,B-LC086733,B-LC086722,B-KU059785,B-KU059774,B-LC541990,B-LC228334,B-LC228323,B-OP850410,B-OP850407,B-OP850409,B-OP850408,B-OP850405,B-PX211669,B-LC514478,B-LC514500,B-MZ546120,B-KU550313,B-KX880422,B-KU550314,B-KU550311,B-PX211671,B-MH520738,B-MW715612,B-LC469553,B-LC260301,B-MH704731,B-KU550312,B-KU550310,B-KU870413,B-KU870391,B-MF997043,B-AB848012,B-MG573366,B-MG573365,B-KY616891,B-LC260305,B-MH704730,B-MH520736,B-LC228312,A-PX211733,A-LC514522,A-PP862043,A-PP861989,A-OP850404,A-LC514511,A-MH182459,A-KC443004,A-MN479897,A-PP861987,A-OP850403,A-PP861977,A-LC105585,A-MG670783,A-MG670780,A-KU356582,A-HQ641361,A-KR705198,A-KU199278,A-KU248413,A-KU248402,A-KF716418,A-KC178741,A-KC442971,A-KC442960,A-KF716416,A-KF716415,A-LC105574,A-KJ752158,A-MG181895,A-MG181774,A-PX211731,A-OP717889,A-OP717886,A-LC569352,A-LC569380,A-LC477600,A-LC228345,A-LC569397,A-LC228378,A-LC228356,B-PX211748,A-KC443342,A-KJ721755,A-KJ721752,A-KC178736,A-KC443760,A-KC443628,A-KC443320,A-KC443452,A-KC443197,A-MG181664,A-HQ657135,A-LC169992,A-LC169981,A-MN479820,A-MN479808,A-MN479807,A-MN479761,A-MN479816,A-KJ721761,A-KJ721757,A-KC834690,A-PX211768,A-KJ918994,A-KC443353
B-LC086810,,99.57,99.90,99.80,99.70,98.08,98.59,98.69,98.69,98.19,98.19,98.39,98.39,98.59,98.49,98.59,98.99,98.99,98.59,98.69,98.69,98.79,98.85,98.95,98.93,98.93,98.18,98.18,98.18,98.39,98.61,98.49,98.59,98.71,98.69,98.69,98.69,98.69,98.69,98.49,98.39,98.39,98.08,98.08,98.19,98.19,98.19,98.24,98.39,98.49,98.50,98.59,98.69,98.69,98.69,98.54,98.59,98.59,98.99,98.89,98.89,98.69,98.69,98.69,98.69,98.71,98.88,98.93,98.93,98.93,98.79,98.79,98.79,98.89,96.42,96.27,96.57,96.47,96.37,96.47,96.46,96.57,96.46,96.77,96.77,96.67,97.18,96.57,96.57,97.38,97.38,97.53,96.88,96.98,96.88,97.00,97.28,97.38,97.58,97.43,97.00,97.48,97.38,97.28,97.28,96.93,97.48,97.48,97.28,97.28,97.28,97.28,97.38,97.38,97.38,99.24,97.08,97.07,96.67,96.67,96.98,96.98,96.98,96.77,96.77,96.88,97.28,97.18,97.18,97.75,97.75,97.75,97.75,97.64,97.98,98.18,97.88,97.83,97.86,97.98
B-KJ919060,99.57,,99.68,99.79,99.68,98.29,98.82,98.93,98.93,98.39,98.39,98.61,98.61,98.82,98.71,98.82,99.14,99.14,98.71,98.82,98.82,98.93,99.01,99.12,99.12,99.12,98.39,98.39,98.39,98.71,98.82,98.71,98.82,98.93,98.93,98.93,98.93,98.93,98.93,98.61,98.50,98.50,98.18,98.18,98.29,98.29,98.29,98.34,98.61,98.61,98.71,98.71,98.82,98.82,98.82,98.87,98.71,98.50,99.04,98.93,98.82,98.82,98.82,98.82,98.82,98.93,99.04,99.14,99.14,99.14,98.93,98.93,98.93,99.04,96.41,96.25,96.57,96.46,96.36,96.57,96.67,96.68,96.68,96.78,96.78,96.68,97.11,96.78,96.78,97.43,97.43,97.74,96.89,97.00,96.89,97.21,97.32,97.43,97.64,97.64,97.21,97.64,97.53,97.53,97.43,97.16,97.64,97.64,97.43,97.53,97.43,97.43,97.53,97.53,97.53,99.20,97.21,97.32,96.78,96.89,97.21,97.21,97.21,97.00,97.00,97.00,97.43,97.21,97.21,97.96,97.96,97.96,97.96,97.86,98.18,98.29,97.96,97.91,98.07,98.07
B-LC086799,99.90,99.68,,99.90,99.80,98.19,98.69,98.79,98.79,98.29,98.29,98.49,98.49,98.69,98.59,98.69,99.09,99.09,98.69,98.79,98.79,98.89,98.95,99.06,99.04,99.03,98.29,98.29,98.29,98.49,98.71,98.59,98.69,98.82,98.79,98.79,98.79,98.79,98.79,98.59,98.49,98.49,98.19,98.19,98.29,98.29,98.29,98.34,98.49,98.59,98.60,98.69,98.79,98.79,98.79,98.64,98.69,98.69,99.09,98.99,98.99,98.79,98.79,98.79,98.79,98.82,98.98,99.04,99.04,99.04,98.89,98.89,98.89,98.99,96.52,96.37,96.67,96.57,96.47,96.57,96.57,96.67,96.57,96.88,96.88,96.77,97.28,96.68,96.68,97.48,97.48,97.63,96.98,97.08,96.98,97.11,97.38,97.48,97.68,97.53,97.11,97.58,97.48,97.38,97.38,97.03,97.58,97.58,97.38,97.38,97.38,97.38,97.48,97.48,97.48,99.34,97.18,97.17,96.77,96.77,97.08,97.08,97.08,96.88,96.88,96.98,97.38,97.28,97.28,97.86,97.86,97.86,97.86,97.75,98.08,98.28,97.98,97.93,97.96,98.08
B-LC086788,99.80,99.79,99.90,,99.90,98.29,98.79,98.89,98.89,98.39,98.39,98.59,98.59,98.79,98.69,98.79,99.19,99.19,98.79,98.89,98.89,98.99,99.06,99.16,99.15,99.14,98.39,98.39,98.39,98.59,98.82,98.69,98.79,98.93,98.89,98.89,98.89,98.89,98.89,98.69,98.59,98.59,98.29,98.29,98.39,98.39,98.39,98.44,98.59,98.69,98.71,98.79,98.89,98.89,98.89,98.74,98.79,98.59,98.99,98.89,98.89,98.89,98.89,98.89,98.89,98.93,99.08,99.14,99.14,99.14,98.99,98.99,98.99,99.09,96.62,96.47,96.77,96.67,96.57,96.67,96.67,96.77,96.68,96.98,96.98,96.88,97.38,96.78,96.78,97.58,97.58,97.74,97.08,97.18,97.08,97.21,97.48,97.58,97.78,97.64,97.21,97.68,97.58,97.48,97.48,97.13,97.68,97.68,97.48,97.48,97.48,97.48,97.58,97.58,97.58,99.45,97.28,97.27,96.87,96.88,97.18,97.18,97.18,96.98,96.98,97.08,97.48,97.38,97.38,97.96,97.96,97.96,97.96,97.86,98.18,98.38,98.08,98.03,98.07,98.19
B-LC086744,99.70,99.68,99.80,99.90,,98.19,98.69,98.79,98.79,98.29,98.29,98.49,98.49,98.69,98.59,98.69,99.09,99.09,98.69,98.79,98.79,98.89,98.95,99.06,99.04,99.03,98.29,98.29,98.29,98.49,98.71,98.59,98.69,98.82,98.79,98.79,98.79,98.79,98.79,98.59,98.49,98.49,98.19,98.19,98.29,98.29,98.29,98.34,98.49,98.59,98.60,98.69,98.79,98.79,98.79,98.64,98.69,98.49,98.89,98.79,98.79,98.79,98.79,98.79,98.79,98.82,98.98,99.04,99.04,99.04,98.89,98.89,98.89,98.99,96.52,96.37,96.67,96.57,96.47,96.57,96.57,96.67,96.57,96.88,96.88,96.77,97.28,96.68,96.68,97.48,97.48,97.63,96.98,97.08,96.98,97.11,97.38,97.48,97.68,97.53,97.11,97.58,97.48,97.38,97.38,97.03,97.58,97.58,97.38,97.38,97.38,97.38,97.48,97.48,97.48,99.34,97.18,97.17,96.77,96.77,97.08,97.08,97.08,96.88,96.88,96.98,97.38,97.28,97.28,97.86,97.86,97.86,97.86,97.75,98.08,98.28,97.98,97.93,97.96,98.08
B-LC514489,98.08,98.29,98.19,98.29,98.19,,99.29,99.40,99.40,99.50,99.50,99.70,99.70,99.50,99.40,99.50,98.49,98.49,98.49,98.59,98.79,98.89,98.95,99.06,99.15,99.14,98.39,98.39,98.39,98.49,98.82,98.59,98.69,98.93,98.79,98.79,98.79,98.79,98.79,98.79,98.69,98.69,98.19,98.19,98.29,98.29,98.29,98.34,98.49,98.59,98.71,98.69,98.79,98.79,98.79,98.64,98.69,98.49,98.89,98.79,98.79,98.79,98.79,98.79,98.79,98.93,98.98,99.14,99.14,99.14,98.89,98.89,98.89,98.99,95.92,95.97,96.47,96.17,96.07,95.77,95.82,96.07,96.03,96.27,96.27,96.17,96.47,96.14,96.14,96.88,96.88,97.10,96.37,96.67,96.67,96.57,96.77,96.88,97.08,97.00,96.57,96.98,96.88,96.77,96.77,96.42,96.98,96.98,96.77,96.77,96.77,96.77,96.88,96.88,96.88,97.73,96.57,96.97,96.57,96.57,96.88,96.88,96.88,96.67,96.67,96.57,96.77,96.67,96.67,97.32,97.32,97.32,97.32,97.21,97.47,97.68,97.38,97.33,97.43,97.48
B-LC066669,98.59,98.82,98.69,98.79,98.69,99.29,,99.90,99.90,99.40,99.40,99.60,99.60,99.80,99.70,99.80,98.99,98.99,98.99,99.09,99.29,99.40,99.48,99.58,99.68,99.68,98.93,98.93,98.93,98.99,99.36,99.09,99.19,99.46,99.29,99.29,99.29,99.29,99.29,99.09,98.99,98.99,98.69,98.69,98.79,98.79,98.79,98.84,98.99,99.09,99.25,99.19,99.29,99.29,99.29,99.14,99.19,98.99,99.40,99.29,99.29,99.29,99.29,99.29,99.29,99.46,99.49,99.68,99.68,99.68,99.40,99.40,99.40,99.50,96.42,96.27,96.77,96.47,96.37,96.27,96.35,96.57,96.57,96.77,96.77,96.67,96.98,96.68,96.68,97.38,97.38,97.63,96.88,97.18,97.08,97.11,97.28,97.38,97.58,97.53,97.11,97.48,97.38,97.28,97.28,96.93,97.48,97.48,97.28,97.28,97.28,97.28,97.38,97.38,97.38,98.24,97.08,97.47,97.27,97.08,97.38,97.38,97.38,97.18,97.18,97.08,97.28,97.18,97.18,97.86,97.86,97.86,97.86,97.75,97.98,98.18,97.88,97.83,97.96,97.98
B-LC066658,98.69,98.93,98.79,98.89,98.79,99.40,99.90,,100.00,99.50,99.50,99.70,99.70,99.90,99.80,99.90,99.09,99.09,99.09,99.19,99.40,99.50,99.58,99.69,99.79,99.79,99.04,99.04,99.04,99.09,99.46,99.19,99.29,99.57,99.40,99.40,99.40,99.40,99.40,99.19,99.09,99.09,98.79,98.79,98.89,98.89,98.89,98.94,99.09,99.19,99.36,99.29,99.40,99.40,99.40,99.24,99.29,99.09,99.50,99.40,99.40,99.40,99.40,99.40,99.40,99.57,99.59,99.79,99.79,99.79,99.50,99.50,99.50,99.60,96.52,96.37,96.88,96.57,96.47,96.37,96.46,96.67,96.68,96.88,96.88,96.77,97.08,96.78,96.78,97.48,97.48,97.74,96.98,97.28,97.18,97.21,97.38,97.48,97.68,97.64,97.21,97.58,97.48,97.38,97.38,97.03,97.58,97.58,97.38,97.38,97.38,97.38,97.48,97.48,97.48,98.34,97.18,97.58,97.17,97.18,97.48,97.48,97.48,97.28,97.28,97.18,97.38,97.28,97.28,97.96,97.96,97.96,97.96,97.86,98.08,98.28,97.98,97.93,98.07,98.08
B-LC066647,98.69,98.93,98.79,98.89,98.79,99.40,99.90,100.00,,99.50,99.50,99.70,99.70,99.90,99.80,99.90,99.09,99.09,99.09,99.19,99.40,99.50,99.58,99.69,99.79,99.79,99.04,99.04,99.04,99.09,99.46,99.19,99.29,99.57,99.40,99.40,99.40,99.40,99.40,99.19,99.09,99.09,98.79,98.79,98.89,98.89,98.89,98.94,99.09,99.19,99.36,99.29,99.40,99.40,99.40,99.24,99.29,99.09,99.50,99.40,99.40,99.40,99.40,99.40,99.40,99.57,99.59,99.79,99.79,99.79,99.50,99.50,99.50,99.60,96.52,96.37,96.88,96.57,96.47,96.37,96.46,96.67,96.68,96.88,96.88,96.77,97.08,96.78,96.78,97.48,97.48,97.74,96.98,97.28,97.18,97.21,97.38,97.48,97.68,97.64,97.21,97.58,97.48,97.38,97.38,97.03,97.58,97.58,97.38,97.38,97.38,97.38,97.48,97.48,97.48,98.34,97.18,97.58,97.17,97.18,97.48,97.48,97.48,97.28,97.28,97.18,97.38,97.28,97.28,97.96,97.96,97.96,97.96,97.86,98.08,98.28,97.98,97.93,98.07,98.08
B-MT732495,98.19,98.39,98.29,98.39,98.29,99.50,99.40,99.50,99.50,,100.00,99.80,99.80,99.60,99.50,99.60,98.59,98.59,98.59,98.69,98.89,98.99,99.06,99.16,99.25,99.25,98.50,98.50,98.50,98.59,98.93,98.69,98.79,99.04,98.89,98.89,98.89,98.89,98.89,98.69,98.59,98.59,98.29,98.29,98.39,98.39,98.39,98.44,98.59,98.69,98.82,98.79,98.89,98.89,98.89,98.74,98.79,98.59,98.99,98.89,98.89,98.89,98.89,98.89,98.89,99.04,99.08,99.25,99.25,99.25,98.99,98.99,98.99,99.09,96.02,95.87,96.37,96.07,95.97,95.87,95.92,96.17,96.14,96.37,96.37,96.27,96.57,96.25,96.25,96.98,96.98,97.20,96.47,96.77,96.67,96.68,96.88,96.98,97.18,97.11,96.68,97.08,96.98,96.88,96.88,96.52,97.08,97.08,96.88,96.88,96.88,96.88,96.98,96.98,96.98,97.83,96.67,97.07,96.67,96.88,96.98,96.98,96.98,96.77,96.77,96.67,96.88,96.77,96.77,97.43,97.43,97.43,97.43,97.32,97.58,97.78,97.48,97.43,97.53,97.58
B-LC386073,98.19,98.39,98.29,98.39,98.29,99.50,99.40,99.50,99.50,100.00,,99.80,99.80,99.60,99.50,99.60,98.59,98.59,98.59,98.69,98.89,98.99,99.06,99.16,99.25,99.25,98.50,98.50,98.50,98.59,98.93,98.69,98.79,99.04,98.89,98.89,98.89,98.89,98.89,98.69,98.59,98.59,98.29,98.29,98.39,98.39,98.39,98.44,98.59,98.69,98.82,98.79,98.89,98.89,98.89,98.74,98.79,98.59,98.99,98.89,98.89,98.89,98.89,98.89,98.89,99.04,99.08,99.25,99.25,99.25,98.99,98.99,98.99,99.09,96.02,95.87,96.37,96.07,95.97,95.87,95.92,96.17,96.14,96.37,96.37,96.27,96.57,96.25,96.25,96.98,96.98,97.20,96.47,96.77,96.67,96.68,96.88,96.98,97.18,97.11,96.68,97.08,96.98,96.88,96.88,96.52,97.08,97.08,96.88,96.88,96.88,96.88,96.98,96.98,96.98,97.83,96.67,97.07,96.67,96.88,96.98,96.98,96.98,96.77,96.77,96.67,96.88,96.77,96.77,97.43,97.43,97.43,97.43,97.32,97.58,97.78,97.48,97.43,97.53,97.58
B-MT723914,98.39,98.61,98.49,98.59,98.49,99.70,99.60,99.70,99.70,99.80,99.80,,100.00,99.80,99.70,99.80,98.79,98.79,98.79,98.89,99.09,99.19,99.27,99.37,99.47,99.46,98.71,98.71,98.71,98.79,99.14,98.89,98.99,99.25,99.09,99.09,99.09,99.09,99.09,98.89,98.79,98.79,98.49,98.49,98.59,98.59,98.59,98.64,98.79,98.89,99.03,98.99,99.09,99.09,99.09,98.94,98.99,98.79,99.19,99.09,99.09,99.09,99.09,99.09,99.09,99.25,99.28,99.46,99.46,99.46,99.19,99.19,99.19,99.29,96.22,96.07,96.57,96.27,96.17,96.07,96.14,96.37,96.36,96.57,96.57,96.47,96.77,96.46,96.46,97.18,97.18,97.42,96.67,96.98,96.88,96.89,97.08,97.18,97.38,97.32,96.89,97.28,97.18,97.08,97.08,96.72,97.28,97.28,97.08,97.08,97.08,97.08,97.18,97.18,97.18,98.03,96.88,97.27,96.87,96.88,97.18,97.18,97.18,96.98,96.98,96.88,97.08,96.98,96.98,97.64,97.64,97.64,97.64,97.53,97.78,97.98,97.68,97.63,97.75,97.78
B-MT410492,98.39,98.61,98.49,98.59,98.49,99.70,99.60,99.70,99.70,99.80,99.80,100.00,,99.80,99.70,99.80,98.79,98.79,98.79,98.89,99.09,99.19,99.27,99.37,99.47,99.46,98.71,98.71,98.71,98.79,99.14,98.89,98.99,99.25,99.09,99.09,99.09,99.09,99.09,98.89,98.79,98.79,98.49,98.49,98.59,98.59,98.59,98.64,98.79,98.89,99.03,98.99,99.09,99.09,99.09,98.94,98.99,98.79,99.19,99.09,99.09,99.09,99.09,99.09,99.09,99.25,99.28,99.46,99.46,99.46,99.19,99.19,99.19,99.29,96.22,96.07,96.57,96.27,96.17,96.07,96.14,96.37,96.36,96.57,96.57,96.47,96.77,96.46,96.46,97.18,97.18,97.42,96.67,96.98,96.88,96.89,97.08,97.18,97.38,97.32,96.89,97.28,97.18,97.08,97.08,96.72,97.28,97.28,97.08,97.08,97.08,97.08,97.18,97.18,97.18,98.03,96.88,97.27,96.87,96.88,97.18,97.18,97.18,96.98,96.98,96.88,97.08,96.98,96.98,97.64,97.64,97.64,97.64,97.53,97.78,97.98,97.68,97.63,97.75,97.78
B-LC169948,98.59,98.82,98.69,98.79,98.69,99.50,99.80,99.90,99.90,99.60,99.60,99.80,99.80,,99.90,100.00,98.99,98.99,98.99,99.09,99.29,99.40,99.48,99.58,99.68,99.68,98.93,98.93,98.93,98.99,99.36,99.09,99.19,99.46,99.29,99.29,99.29,99.29,99.29,99.09,98.99,98.99,98.69,98.69,98.79,98.79,98.79,98.84,98.99,99.09,99.25,99.19,99.29,99.29,99.29,99.14,99.19,98.99,99.40,99.29,99.29,99.29,99.29,99.29,99.29,99.46,99.49,99.68,99.68,99.68,99.40,99.40,99.40,99.50,96.42,96.27,96.77,96.47,96.37,96.27,96.35,96.57,96.57,96.77,96.77,96.67,96.98,96.68,96.68,97.38,97.38,97.63,96.88,97.18,97.08,97.11,97.28,97.38,97.58,97.53,97.11,97.48,97.38,97.28,97.28,96.93,97.48,97.48,97.28,97.28,97.28,97.28,97.38,97.38,97.38,98.24,97.08,97.47,97.07,97.08,97.38,97.38,97.38,97.18,97.18,97.08,97.28,97.18,97.18,97.86,97.86,97.86,97.86,97.75,97.98,98.18,97.88,97.83,97.96,97.98
B-LC169970,98.49,98.71,98.59,98.69,98.59,99.40,99.70,99.80,99.80,99.50,99.50,99.70,99.70,99.90,,99.90,98.89,98.89,98.89,98.99,99.19,99.29,99.37,99.48,99.57,99.57,98.82,98.82,98.82,98.89,99.25,98.99,99.09,99.36,99.19,99.19,99.19,99.19,99.19,98.99,98.89,98.89,98.59,98.59,98.69,98.69,98.69,98.74,98.89,98.99,99.14,99.09,99.19,99.19,99.19,99.04,99.09,98.89,99.29,99.19,99.19,99.19,99.19,99.19,99.19,99.36,99.39,99.57,99.57,99.57,99.29,99.29,99.29,99.40,96.32,96.17,96.67,96.37,96.27,96.17,96.24,96.47,96.46,96.67,96.67,96.57,96.88,96.57,96.57,97.28,97.28,97.53,96.77,97.08,96.98,97.00,97.18,97.28,97.48,97.43,97.00,97.38,97.28,97.18,97.18,96.82,97.38,97.38,97.18,97.18,97.18,97.18,97.28,97.28,97.28,98.14,96.98,97.37,96.97,96.98,97.28,97.28,97.28,97.08,97.08,96.98,97.18,97.08,97.08,97.75,97.75,97.75,97.75,97.64,97.88,98.08,97.78,97.73,97.86,97.88
B-LC169959,98.59,98.82,98.69,98.79,98.69,99.50,99.80,99.90,99.90,99.60,99.60,99.80,99.80,100.00,99.90,,98.99,98.99,98.99,99.09,99.29,99.40,99.48,99.58,99.68,99.68,98.93,98.93,98.93,98.99,99.36,99.09,99.19,99.46,99.29,99.29,99.29,99.29,99.29,99.09,98.99,98.99,98.69,98.69,98.79,98.79,98.79,98.84,98.99,99.09,99.25,99.19,99.29,99.29,99.29,99.14,99.19,98.99,99.40,99.29,99.29,99.29,99.29,99.29,99.29,99.46,99.49,99.68,99.68,99.68,99.40,99.40,99.40,99.50,96.42,96.27,96.77,96.47,96.37,96.27,96.35,96.57,96.57,96.77,96.77,96.67,96.98,96.68,96.68,97.38,97.38,97.63,96.88,97.18,97.08,97.11,97.28,97.38,97.58,97.53,97.11,97.48,97.38,97.28,97.28,96.93,97.48,97.48,97.28,97.28,97.28,97.28,97.38,97.38,97.38,98.24,97.08,97.47,97.07,97.08,97.38,97.38,97.38,97.18,97.18,97.08,97.28,97.18,97.18,97.86,97.86,97.86,97.86,97.75,97.98,98.18,97.88,97.83,97.96,97.98
B-KC443364,98.99,99.14,99.09,99.19,99.09,98.49,98.99,99.09,99.09,98.59,98.59,98.79,98.79,98.99,98.89,98.99,,100.00,98.99,99.09,99.09,99.19,99.27,99.37,99.36,99.36,98.61,98.61,98.61,98.79,99.04,98.89,98.99,99.14,99.09,99.09,99.09,99.09,99.09,98.89,98.79,98.79,98.49,98.49,98.59,98.59,98.59,98.64,98.79,98.89,98.93,98.99,99.09,99.09,99.09,98.94,99.19,98.79,99.19,99.09,99.09,99.09,99.09,99.09,99.09,99.14,99.28,99.36,99.36,99.36,99.19,99.19,99.19,99.29,97.23,97.08,97.38,97.28,97.18,97.08,97.10,97.38,97.32,97.58,97.58,97.48,97.78,97.43,97.43,98.19,98.19,98.39,97.68,97.78,97.68,97.86,98.08,98.19,98.39,98.07,97.64,97.88,97.78,97.68,97.88,97.43,97.88,97.88,97.68,97.68,97.68,97.68,97.78,97.78,97.78,98.64,97.88,97.88,97.47,97.48,97.78,97.78,97.78,97.58,97.58,97.68,98.08,97.98,97.98,98.61,98.61,98.61,98.61,98.50,98.79,98.79,98.69,98.64,98.71,98.79
B-KC443219,98.99,99.14,99.09,99.19,99.09,98.49,98.99,99.09,99.09,98.59,98.59,98.79,98.79,98.99,98.89,98.99,100.00,,98.99,99.09,99.09,99.19,99.27,99.37,99.36,99.36,98.61,98.61,98.61,98.79,99.04,98.89,98.99,99.14,99.09,99.09,99.09,99.09,99.09,98.89,98.79,98.79,98.49,98.49,98.59,98.59,98.59,98.64,98.79,98.89,98.93,98.99,99.09,99.09,99.09,98.94,99.19,98.79,99.19,99.09,99.09,99.09,99.09,99.09,99.09,99.14,99.28,99.36,99.36,99.36,99.19,99.19,99.19,99.29,97.23,97.08,97.38,97.28,97.18,97.08,97.10,97.38,97.32,97.58,97.58,97.48,97.78,97.43,97.43,98.19,98.19,98.39,97.68,97.78,97.68,97.86,98.08,98.19,98.39,98.07,97.64,97.88,97.78,97.68,97.88,97.43,97.88,97.88,97.68,97.68,97.68,97.68,97.78,97.78,97.78,98.64,97.88,97.88,97.47,97.48,97.78,97.78,97.78,97.58,97.58,97.68,98.08,97.98,97.98,98.61,98.61,98.61,98.61,98.50,98.79,98.79,98.69,98.64,98.71,98.79
B-KJ639031,98.59,98.71,98.69,98.79,98.69,98.49,98.99,99.09,99.09,98.59,98.59,98.79,98.79,98.99,98.89,98.99,98.99,98.99,,99.90,99.09,99.19,99.27,99.37,99.36,99.36,98.61,98.61,98.61,98.79,99.04,98.89,98.99,99.14,99.09,99.09,99.09,99.09,99.09,98.89,98.79,98.79,98.69,98.69,98.79,98.79,98.79,98.64,98.79,98.89,98.93,98.99,99.09,99.09,99.09,98.94,99.19,98.79,99.19,99.09,99.09,99.09,99.09,99.09,99.09,99.14,99.28,99.36,99.36,99.36,99.19,99.19,99.19,99.29,96.42,96.37,96.67,96.57,96.47,96.27,96.24,96.57,96.68,96.98,96.98,96.88,96.98,96.78,96.78,97.38,97.38,97.53,96.88,96.98,96.88,97.00,97.28,97.38,97.58,97.43,97.00,97.48,97.38,97.28,97.28,96.93,97.48,97.48,97.28,97.28,97.28,97.28,97.38,97.38,97.38,98.24,97.28,97.27,96.87,96.88,97.18,97.18,97.18,96.98,96.98,97.08,97.48,97.58,97.58,97.75,97.75,97.75,97.75,97.64,97.98,98.18,97.88,97.83,97.86,97.98
B-KJ639020,98.69,98.82,98.79,98.89,98.79,98.59,99.09,99.19,99.19,98.69,98.69,98.89,98.89,99.09,98.99,99.09,99.09,99.09,99.90,,99.19,99.29,99.37,99.48,99.47,99.46,98.71,98.71,98.71,98.89,99.14,98.99,99.09,99.25,99.19,99.19,99.19,99.19,99.19,98.99,98.89,98.89,98.79,98.79,98.89,98.89,98.89,98.74,98.89,98.99,99.03,99.09,99.19,99.19,99.19,99.04,99.29,98.89,99.29,99.19,99.19,99.19,99.19,99.19,99.19,99.25,99.39,99.46,99.46,99.46,99.29,99.29,99.29,99.40,96.52,96.47,96.77,96.67,96.57,96.37,96.35,96.67,96.78,97.08,97.08,96.98,97.08,96.89,96.89,97.48,97.48,97.63,96.98,97.08,96.98,97.11,97.38,97.48,97.68,97.53,97.11,97.58,97.48,97.38,97.38,97.03,97.58,97.58,97.38,97.38,97.38,97.38,97.48,97.48,97.48,98.34,97.38,97.37,96.97,96.98,97.28,97.28,97.28,97.08,97.08,97.18,97.58,97.68,97.68,97.86,97.86,97.86,97.86,97.75,98.08,98.28,97.98,97.93,97.96,98.08
B-LC751826,98.69,98.82,98.79,98.89,98.79,98.79,99.29,99.40,99.40,98.89,98.89,99.09,99.09,99.29,99.19,99.29,99.09,99.09,99.09,99.19,,99.90,99.58,99.69,99.68,99.68,98.93,98.93,98.93,99.09,99.36,99.19,99.29,99.46,99.40,99.40,99.40,99.40,99.40,99.19,99.09,99.09,98.79,98.79,98.89,98.89,98.89,98.94,99.09,99.19,99.25,99.29,99.40,99.40,99.40,99.24,99.29,99.09,99.50,99.40,99.40,99.40,99.40,99.40,99.40,99.46,99.59,99.68,99.68,99.68,99.50,99.50,99.50,99.60,96.52,96.37,96.88,96.57,96.47,96.37,96.35,96.67,96.57,96.88,96.88,96.77,97.08,96.68,96.68,97.48,97.48,97.63,96.98,97.28,97.18,97.11,97.38,97.48,97.68,97.53,97.11,97.58,97.48,97.38,97.38,97.23,97.78,97.78,97.58,97.58,97.58,97.58,97.68,97.68,97.68,98.34,97.18,97.37,96.97,96.98,97.28,97.28,97.28,97.08,97.08,97.18,97.38,97.28,97.28,97.86,97.86,97.86,97.86,97.75,98.08,98.28,97.98,97.93,97.96,98.08
B-LC751796,98.79,98.93,98.89,98.99,98.89,98.89,99.40,99.50,99.50,98.99,98.99,99.19,99.19,99.40,99.29,99.40,99.19,99.19,99.19,99.29,99.90,,99.69,99.79,99.79,99.79,99.04,99.04,99.04,99.19,99.46,99.29,99.40,99.57,99.50,99.50,99.50,99.50,99.50,99.29,99.19,99.19,98.89,98.89,98.99,98.99,98.99,99.04,99.19,99.29,99.36,99.40,99.50,99.50,99.50,99.34,99.40,99.19,99.60,99.50,99.50,99.50,99.50,99.50,99.50,99.57,99.69,99.79,99.79,99.79,99.60,99.60,99.60,99.70,96.62,96.47,96.98,96.67,96.57,96.47,96.46,96.77,96.68,96.98,96.98,96.88,97.18,96.78,96.78,97.58,97.58,97.74,97.08,97.38,97.28,97.21,97.48,97.58,97.78,97.64,97.21,97.68,97.58,97.48,97.48,97.33,97.88,97.88,97.68,97.68,97.68,97.68,97.78,97.78,97.78,98.44,97.28,97.47,97.07,97.08,97.38,97.38,97.38,97.18,97.18,97.28,97.48,97.38,97.38,97.96,97.96,97.96,97.96,97.86,98.18,98.38,98.08,98.03,98.07,98.19
B-AB975904,98.85,99.01,98.95,99.06,98.95,98.95,99.48,99.58,99.58,99.06,99.06,99.27,99.27,99.48,99.37,99.48,99.27,99.27,99.27,99.37,99.58,99.69,,99.90,99.89,99.89,99.23,99.23,99.23,99.37,99.67,99.48,99.58,99.78,99.69,99.69,99.69,99.69,99.69,99.37,99.27,99.27,98.95,98.95,99.06,99.06,99.06,99.11,99.27,99.37,99.45,99.48,99.58,99.58,99.58,99.42,99.48,99.27,99.69,99.58,99.58,99.58,99.58,99.58,99.58,99.67,99.79,99.89,99.89,99.89,99.69,99.69,99.69,99.79,96.59,96.43,96.96,96.64,96.54,96.43,96.46,96.75,96.69,96.96,96.96,96.85,97.17,96.80,96.80,97.59,97.59,97.79,97.06,97.38,97.27,97.24,97.48,97.59,97.80,97.68,97.24,97.69,97.59,97.48,97.48,97.11,97.69,97.69,97.48,97.48,97.59,97.48,97.59,97.59,97.59,98.48,97.48,97.69,97.27,97.27,97.59,97.59,97.59,97.38,97.38,97.27,97.48,97.48,97.48,98.01,98.01,98.01,98.01,97.90,98.22,98.43,98.22,98.16,98.23,98.32
B-AB975903,98.95,99.12,99.06,99.16,99.06,99.06,99.58,99.69,99.69,99.16,99.16,99.37,99.37,99.58,99.48,99.58,99.37,99.37,99.37,99.48,99.69,99.79,99.90,,100.00,100.00,99.34,99.34,99.34,99.48,99.78,99.58,99.69,99.89,99.79,99.79,99.79,99.79,99.79,99.48,99.37,99.37,99.06,99.06,99.16,99.16,99.16,99.21,99.37,99.48,99.56,99.58,99.69,99.69,99.69,99.53,99.58,99.37,99.79,99.69,99.69,99.69,99.69,99.69,99.69,99.78,99.89,100.00,100.00,100.00,99.79,99.79,99.79,99.90,96.69,96.54,97.06,96.75,96.64,96.54,96.57,96.85,96.80,97.06,97.06,96.96,97.27,96.91,96.91,97.69,97.69,97.90,97.17,97.48,97.38,97.35,97.59,97.69,97.90,97.79,97.35,97.80,97.69,97.59,97.59,97.22,97.80,97.80,97.59,97.59,97.69,97.59,97.69,97.69,97.69,98.58,97.59,97.80,97.38,97.38,97.69,97.69,97.69,97.48,97.48,97.38,97.59,97.59,97.59,98.12,98.12,98.12,98.12,98.01,98.32,98.53,98.32,98.27,98.34,98.43
B-AB975875,98.93,99.12,99.04,99.15,99.04,99.15,99.68,99.79,99.79,99.25,99.25,99.47,99.47,99.68,99.57,99.68,99.36,99.36,99.36,99.47,99.68,99.79,99.89,100.00,,100.00,99.34,99.34,99.34,99.47,99.78,99.57,99.68,99.89,99.79,99.79,99.79,99.79,99.79,99.47,99.36,99.36,99.04,99.04,99.15,99.15,99.15,99.20,99.36,99.47,99.56,99.57,99.68,99.68,99.68,99.52,99.57,99.36,99.79,99.68,99.68,99.68,99.68,99.68,99.68,99.78,99.89,100.00,100.00,100.00,99.79,99.79,99.79,99.89,96.64,96.48,97.01,96.69,96.58,96.48,96.57,96.80,96.80,97.01,97.01,96.91,97.23,96.91,96.91,97.65,97.65,97.90,97.12,97.44,97.33,97.35,97.55,97.65,97.87,97.79,97.35,97.76,97.65,97.55,97.55,97.28,97.87,97.87,97.65,97.65,97.76,97.65,97.76,97.76,97.76,98.56,97.55,97.76,97.33,97.33,97.65,97.65,97.65,97.44,97.44,97.33,97.55,97.55,97.55,98.12,98.12,98.12,98.12,98.01,98.29,98.51,98.29,98.24,98.34,98.40
B-AB975873,98.93,99.12,99.03,99.14,99.03,99.14,99.68,99.79,99.79,99.25,99.25,99.46,99.46,99.68,99.57,99.68,99.36,99.36,99.36,99.46,99.68,99.79,99.89,100.00,100.00,,99.34,99.34,99.34,99.46,99.78,99.57,99.68,99.89,99.79,99.79,99.79,99.79,99.79,99.46,99.36,99.36,99.03,99.03,99.14,99.14,99.14,99.20,99.36,99.46,99.56,99.57,99.68,99.68,99.68,99.52,99.57,99.36,99.79,99.68,99.68,99.68,99.68,99.68,99.68,99.78,99.89,100.00,100.00,100.00,99.79,99.79,99.79,99.89,96.62,96.46,97.00,96.67,96.57,96.46,96.57,96.78,96.80,97.00,97.00,96.89,97.32,96.91,96.91,97.64,97.64,97.90,97.10,97.42,97.32,97.35,97.53,97.64,97.85,97.79,97.35,97.75,97.64,97.53,97.53,97.37,97.85,97.85,97.64,97.64,97.75,97.64,97.75,97.75,97.75,98.55,97.53,97.75,97.32,97.32,97.64,97.64,97.64,97.42,97.42,97.32,97.53,97.53,97.53,98.12,98.12,98.12,98.12,98.01,98.28,98.50,98.28,98.23,98.34,98.39
B-MG670786,98.18,98.39,98.29,98.39,98.29,98.39,98.93,99.04,99.04,98.50,98.50,98.71,98.71,98.93,98.82,98.93,98.61,98.61,98.61,98.71,98.93,99.04,99.23,99.34,99.34,99.34,,100.00,100.00,99.25,99.36,99.25,99.36,99.46,99.46,99.46,99.46,99.46,99.46,98.71,98.61,98.61,98.29,98.29,98.39,98.39,98.39,98.45,98.71,98.71,98.82,98.82,98.93,98.93,98.93,98.98,98.82,98.82,99.14,99.04,98.93,99.14,99.14,99.14,99.14,99.04,99.14,99.25,99.25,99.25,99.04,99.04,99.04,99.14,96.30,95.93,96.46,96.14,96.03,96.03,96.14,96.78,96.36,96.46,96.46,96.36,96.78,96.57,96.57,97.32,97.32,97.42,96.57,96.89,96.78,96.89,97.00,97.11,97.32,97.32,96.89,97.32,97.21,97.21,97.11,96.84,97.32,97.32,97.11,97.21,97.11,97.11,97.21,97.21,97.21,97.80,97.11,97.43,96.89,97.00,97.32,97.32,97.32,97.11,97.11,97.11,97.32,97.11,97.11,97.86,97.86,97.86,97.86,97.75,98.07,98.18,97.64,97.80,97.96,97.96
B-MG670785,98.18,98.39,98.29,98.39,98.29,98.39,98.93,99.04,99.04,98.50,98.50,98.71,98.71,98.93,98.82,98.93,98.61,98.61,98.61,98.71,98.93,99.04,99.23,99.34,99.34,99.34,100.00,,100.00,99.25,99.36,99.25,99.36,99.46,99.46,99.46,99.46,99.46,99.46,98.71,98.61,98.61,98.29,98.29,98.39,98.39,98.39,98.45,98.71,98.71,98.82,98.82,98.93,98.93,98.93,98.98,98.82,98.82,99.14,99.04,98.93,99.14,99.14,99.14,99.14,99.04,99.14,99.25,99.25,99.25,99.04,99.04,99.04,99.14,96.30,95.93,96.46,96.14,96.03,96.03,96.14,96.78,96.36,96.46,96.46,96.36,96.78,96.57,96.57,97.32,97.32,97.42,96.57,96.89,96.78,96.89,97.00,97.11,97.32,97.32,96.89,97.32,97.21,97.21,97.11,96.84,97.32,97.32,97.11,97.21,97.11,97.11,97.21,97.21,97.21,97.80,97.11,97.43,96.89,97.00,97.32,97.32,97.32,97.11,97.11,97.11,97.32,97.11,97.11,97.86,97.86,97.86,97.86,97.75,98.07,98.18,97.64,97.80,97.96,97.96
B-MG670782,98.18,98.39,98.29,98.39,98.29,98.39,98.93,99.04,99.04,98.50,98.50,98.71,98.71,98.93,98.82,98.93,98.61,98.61,98.61,98.71,98.93,99.04,99.23,99.34,99.34,99.34,100.00,100.00,,99.25,99.36,99.25,99.36,99.46,99.46,99.46,99.46,99.46,99.46,98.71,98.61,98.61,98.29,98.29,98.39,98.39,98.39,98.45,98.71,98.71,98.82,98.82,98.93,98.93,98.93,98.98,98.82,98.82,99.14,99.04,98.93,99.14,99.14,99.14,99.14,99.04,99.14,99.25,99.25,99.25,99.04,99.04,99.04,99.14,96.30,95.93,96.46,96.14,96.03,96.03,96.14,96.78,96.36,96.46,96.46,96.36,96.78,96.57,96.57,97.32,97.32,97.42,96.57,96.89,96.78,96.89,97.00,97.11,97.32,97.32,96.89,97.32,97.21,97.21,97.11,96.84,97.32,97.32,97.11,97.21,97.11,97.11,97.21,97.21,97.21,97.80,97.11,97.43,96.89,97.00,97.32,97.32,97.32,97.11,97.11,97.11,97.32,97.11,97.11,97.86,97.86,97.86,97.86,97.75,98.07,98.18,97.64,97.80,97.96,97.96
B-KU059796,98.39,98.71,98.49,98.59,98.49,98.49,98.99,99.09,99.09,98.59,98.59,98.79,98.79,98.99,98.89,98.99,98.79,98.79,98.79,98.89,99.09,99.19,99.37,99.48,99.47,99.46,99.25,99.25,99.25,,99.68,99.50,99.60,99.79,99.70,99.70,99.70,99.70,99.70,98.89,98.79,98.79,98.49,98.49,98.59,98.59,98.59,98.64,98.89,98.89,99.14,98.99,99.09,99.09,99.09,98.94,98.99,98.99,99.19,99.09,99.09,99.29,99.29,99.29,99.29,99.36,99.28,99.57,99.57,99.57,99.19,99.19,99.19,99.29,96.42,96.07,96.57,96.27,96.17,96.17,96.24,96.67,96.46,96.57,96.57,96.47,96.77,96.57,96.57,97.38,97.38,97.53,96.67,96.98,96.88,97.00,97.08,97.18,97.38,97.43,97.00,97.28,97.18,97.18,97.08,96.72,97.28,97.28,97.08,97.08,97.08,97.08,97.18,97.18,97.18,98.03,97.08,97.27,96.87,96.88,97.18,97.18,97.18,96.98,96.98,97.08,97.28,97.18,97.18,97.96,97.96,97.96,97.96,97.86,97.98,98.18,97.68,97.83,98.07,97.98
B-MG670778,98.61,98.82,98.71,98.82,98.71,98.82,99.36,99.46,99.46,98.93,98.93,99.14,99.14,99.36,99.25,99.36,99.04,99.04,99.04,99.14,99.36,99.46,99.67,99.78,99.78,99.78,99.36,99.36,99.36,99.68,,99.68,99.79,99.89,99.89,99.89,99.89,99.89,99.89,99.14,99.04,99.04,98.71,98.71,98.82,98.82,98.82,98.87,99.14,99.14,99.25,99.25,99.36,99.36,99.36,99.41,99.25,99.25,99.57,99.46,99.36,99.57,99.57,99.57,99.57,99.46,99.57,99.68,99.68,99.68,99.46,99.46,99.46,99.57,96.52,96.14,96.68,96.36,96.25,96.25,96.35,96.78,96.57,96.68,96.68,96.57,97.00,96.68,96.68,97.53,97.53,97.63,96.78,97.11,97.00,97.11,97.21,97.32,97.53,97.53,97.11,97.53,97.43,97.43,97.32,97.05,97.53,97.53,97.32,97.43,97.32,97.32,97.43,97.43,97.43,98.23,97.32,97.64,97.11,97.21,97.53,97.53,97.53,97.32,97.32,97.32,97.53,97.32,97.32,98.07,98.07,98.07,98.07,97.96,98.29,98.39,97.86,98.02,98.18,98.18
B-KX880433,98.49,98.71,98.59,98.69,98.59,98.59,99.09,99.19,99.19,98.69,98.69,98.89,98.89,99.09,98.99,99.09,98.89,98.89,98.89,98.99,99.19,99.29,99.48,99.58,99.57,99.57,99.25,99.25,99.25,99.50,99.68,,99.90,99.79,99.80,99.80,99.80,99.80,99.80,98.99,98.89,98.89,98.99,98.99,99.09,99.09,99.09,99.14,98.99,98.99,99.14,99.09,99.19,99.19,99.19,99.04,99.09,99.09,99.29,99.19,99.19,99.40,99.40,99.40,99.40,99.36,99.39,99.57,99.57,99.57,99.29,99.29,99.29,99.40,96.52,96.17,96.67,96.37,96.27,96.27,96.24,96.88,96.46,96.67,96.67,96.57,96.88,96.57,96.57,97.48,97.48,97.53,96.77,97.08,96.98,97.00,97.18,97.28,97.48,97.43,97.00,97.38,97.28,97.18,97.18,96.82,97.38,97.38,97.18,97.18,97.18,97.18,97.28,97.28,97.28,98.14,97.18,97.37,96.97,96.98,97.28,97.28,97.28,97.08,97.08,97.18,97.38,97.28,97.28,97.96,97.96,97.96,97.96,97.86,98.08,98.28,97.78,97.93,98.07,98.08
B-LC260299,98.59,98.82,98.69,98.79,98.69,98.69,99.19,99.29,99.29,98.79,98.79,98.99,98.99,99.19,99.09,99.19,98.99,98.99,98.99,99.09,99.29,99.40,99.58,99.69,99.68,99.68,99.36,99.36,99.36,99.60,99.79,99.90,,99.89,99.90,99.90,99.90,99.90,99.90,99.09,98.99,98.99,98.89,98.89,98.99,98.99,98.99,99.04,99.09,99.09,99.25,99.19,99.29,99.29,99.29,99.14,99.19,99.19,99.40,99.29,99.29,99.50,99.50,99.50,99.50,99.46,99.49,99.68,99.68,99.68,99.40,99.40,99.40,99.50,96.62,96.27,96.77,96.47,96.37,96.37,96.35,96.98,96.57,96.77,96.77,96.67,96.98,96.68,96.68,97.58,97.58,97.63,96.88,97.18,97.08,97.11,97.28,97.38,97.58,97.53,97.11,97.48,97.38,97.28,97.28,96.93,97.48,97.48,97.28,97.28,97.28,97.28,97.38,97.38,97.38,98.24,97.28,97.47,97.07,97.08,97.38,97.38,97.38,97.18,97.18,97.28,97.48,97.38,97.38,98.07,98.07,98.07,98.07,97.96,98.18,98.38,97.88,98.03,98.18,98.19
B-MG670769,98.71,98.93,98.82,98.93,98.82,98.93,99.46,99.57,99.57,99.04,99.04,99.25,99.25,99.46,99.36,99.46,99.14,99.14,99.14,99.25,99.46,99.57,99.78,99.89,99.89,99.89,99.46,99.46,99.46,99.79,99.89,99.79,99.89,,100.00,100.00,100.00,100.00,100.00,99.25,99.14,99.14,98.82,98.82,98.93,98.93,98.93,98.98,99.25,99.25,99.36,99.36,99.46,99.46,99.46,99.52,99.36,99.36,99.68,99.57,99.46,99.68,99.68,99.68,99.68,99.57,99.68,99.79,99.79,99.79,99.57,99.57,99.57,99.68,96.62,96.25,96.78,96.46,96.36,96.36,96.46,96.89,96.68,96.78,96.78,96.68,97.11,96.78,96.78,97.64,97.64,97.74,96.89,97.21,97.11,97.21,97.32,97.43,97.64,97.64,97.21,97.64,97.53,97.53,97.43,97.16,97.64,97.64,97.43,97.53,97.43,97.43,97.53,97.53,97.53,98.34,97.43,97.75,97.21,97.32,97.64,97.64,97.64,97.43,97.43,97.43,97.64,97.43,97.43,98.18,98.18,98.18,98.18,98.07,98.39,98.50,97.96,98.12,98.29,98.29
B-LC325468,98.69,98.93,98.79,98.89,98.79,98.79,99.29,99.40,99.40,98.89,98.89,99.09,99.09,99.29,99.19,99.29,99.09,99.09,99.09,99.19,99.40,99.50,99.69,99.79,99.79,99.79,99.46,99.46,99.46,99.70,99.89,99.80,99.90,100.00,,100.00,100.00,100.00,100.00,99.19,99.09,99.09,98.79,98.79,98.89,98.89,98.89,98.94,99.19,99.19,99.36,99.29,99.40,99.40,99.40,99.24,99.29,99.29,99.50,99.40,99.40,99.60,99.60,99.60,99.60,99.57,99.59,99.79,99.79,99.79,99.50,99.50,99.50,99.60,96.72,96.37,96.88,96.57,96.47,96.47,96.46,96.88,96.68,96.88,96.88,96.77,97.08,96.78,96.78,97.68,97.68,97.74,96.98,97.28,97.18,97.21,97.38,97.48,97.68,97.64,97.21,97.58,97.48,97.38,97.38,97.03,97.58,97.58,97.38,97.38,97.38,97.38,97.48,97.48,97.48,98.34,97.38,97.58,97.17,97.18,97.48,97.48,97.48,97.28,97.28,97.38,97.58,97.48,97.48,98.18,98.18,98.18,98.18,98.07,98.28,98.48,97.98,98.14,98.29,98.29
B-LC086733,98.69,98.93,98.79,98.89,98.79,98.79,99.29,99.40,99.40,98.89,98.89,99.09,99.09,99.29,99.19,99.29,99.09,99.09,99.09,99.19,99.40,99.50,99.69,99.79,99.79,99.79,99.46,99.46,99.46,99.70,99.89,99.80,99.90,100.00,100.00,,100.00,100.00,100.00,99.19,99.09,99.09,98.79,98.79,98.89,98.89,98.89,98.94,99.19,99.19,99.36,99.29,99.40,99.40,99.40,99.24,99.29,99.29,99.50,99.40,99.40,99.60,99.60,99.60,99.60,99.57,99.59,99.79,99.79,99.79,99.50,99.50,99.50,99.60,96.72,96.37,96.88,96.57,96.47,96.47,96.46,96.88,96.68,96.88,96.88,96.77,97.08,96.78,96.78,97.68,97.68,97.74,96.98,97.28,97.18,97.21,97.38,97.48,97.68,97.64,97.21,97.58,97.48,97.38,97.38,97.03,97.58,97.58,97.38,97.38,97.38,97.38,97.48,97.48,97.48,98.34,97.38,97.58,97.17,97.18,97.48,97.48,97.48,97.28,97.28,97.38,97.58,97.48,97.48,98.18,98.18,98.18,98.18,98.07,98.28,98.48,97.98,98.14,98.29,98.29
B-LC086722,98.69,98.93,98.79,98.89,98.79,98.79,99.29,99.40,99.40,98.89,98.89,99.09,99.09,99.29,99.19,99.29,99.09,99.09,99.09,99.19,99.40,99.50,99.69,99.79,99.79,99.79,99.46,99.46,99.46,99.70,99.89,99.80,99.90,100.00,100.00,100.00,,100.00,100.00,99.19,99.09,99.09,98.79,98.79,98.89,98.89,98.89,98.94,99.19,99.19,99.36,99.29,99.40,99.40,99.40,99.24,99.29,99.29,99.50,99.40,99.40,99.60,99.60,99.60,99.60,99.57,99.59,99.79,99.79,99.79,99.50,99.50,99.50,99.60,96.72,96.37,96.88,96.57,96.47,96.47,96.46,96.88,96.68,96.88,96.88,96.77,97.08,96.78,96.78,97.68,97.68,97.74,96.98,97.28,97.18,97.21,97.38,97.48,97.68,97.64,97.21,97.58,97.48,97.38,97.38,97.03,97.58,97.58,97.38,97.38,97.38,97.38,97.48,97.48,97.48,98.34,97.38,97.58,97.17,97.18,97.48,97.48,97.48,97.28,97.28,97.38,97.58,97.48,97.48,98.18,98.18,98.18,98.18,98.07,98.28,98.48,97.98,98.14,98.29,98.29
B-KU059785,98.69,98.93,98.79,98.89,98.79,98.79,99.29,99.40,99.40,98.89,98.89,99.09,99.09,99.29,99.19,99.29,99.09,99.09,99.09,99.19,99.40,99.50,99.69,99.79,99.79,99.79,99.46,99.46,99.46,99.70,99.89,99.80,99.90,100.00,100.00,100.00,100.00,,100.00,99.19,99.09,99.09,98.79,98.79,98.89,98.89,98.89,98.94,99.19,99.19,99.36,99.29,99.40,99.40,99.40,99.24,99.29,99.29,99.50,99.40,99.40,99.60,99.60,99.60,99.60,99.57,99.59,99.79,99.79,99.79,99.50,99.50,99.50,99.60,96.72,96.37,96.88,96.57,96.47,96.47,96.46,96.88,96.68,96.88,96.88,96.77,97.08,96.78,96.78,97.68,97.68,97.74,96.98,97.28,97.18,97.21,97.38,97.48,97.68,97.64,97.21,97.58,97.48,97.38,97.38,97.03,97.58,97.58,97.38,97.38,97.38,97.38,97.48,97.48,97.48,98.34,97.38,97.58,97.17,97.18,97.48,97.48,97.48,97.28,97.28,97.38,97.58,97.48,97.48,98.18,98.18,98.18,98.18,98.07,98.28,98.48,97.98,98.14,98.29,98.29
B-KU059774,98.69,98.93,98.79,98.89,98.79,98.79,99.29,99.40,99.40,98.89,98.89,99.09,99.09,99.29,99.19,99.29,99.09,99.09,99.09,99.19,99.40,99.50,99.69,99.79,99.79,99.79,99.46,99.46,99.46,99.70,99.89,99.80,99.90,100.00,100.00,100.00,100.00,100.00,,99.19,99.09,99.09,98.79,98.79,98.89,98.89,98.89,98.94,99.19,99.19,99.36,99.29,99.40,99.40,99.40,99.24,99.29,99.29,99.50,99.40,99.40,99.60,99.60,99.60,99.60,99.57,99.59,99.79,99.79,99.79,99.50,99.50,99.50,99.60,96.72,96.37,96.88,96.57,96.47,96.47,96.46,96.88,96.68,96.88,96.88,96.77,97.08,96.78,96.78,97.68,97.68,97.74,96.98,97.28,97.18,97.21,97.38,97.48,97.68,97.64,97.21,97.58,97.48,97.38,97.38,97.03,97.58,97.58,97.38,97.38,97.38,97.38,97.48,97.48,97.48,98.34,97.38,97.58,97.17,97.18,97.48,97.48,97.48,97.28,97.28,97.38,97.58,97.48,97.48,98.18,98.18,98.18,98.18,98.07,98.28,98.48,97.98,98.14,98.29,98.29
B-LC541990,98.49,98.61,98.59,98.69,98.59,98.79,99.09,99.19,99.19,98.69,98.69,98.89,98.89,99.09,98.99,99.09,98.89,98.89,98.89,98.99,99.19,99.29,99.37,99.48,99.47,99.46,98.71,98.71,98.71,98.89,99.14,98.99,99.09,99.25,99.19,99.19,99.19,99.19,99.19,,99.90,99.90,98.79,98.79,98.89,98.89,98.89,98.94,99.09,99.19,99.25,99.29,99.40,99.40,99.40,99.24,99.50,99.09,99.29,99.19,99.40,99.40,99.40,99.40,99.40,99.46,99.39,99.46,99.46,99.46,99.50,99.50,99.50,99.60,96.32,96.17,96.88,96.57,96.47,96.37,96.35,96.47,96.36,96.67,96.67,96.57,96.88,96.46,96.46,97.28,97.28,97.42,96.77,97.08,97.08,96.89,97.18,97.28,97.48,97.32,96.89,97.58,97.48,97.58,97.58,96.82,97.58,97.58,97.18,97.18,97.18,97.18,97.28,97.28,97.28,98.14,96.98,97.17,96.77,96.77,97.08,97.08,97.08,96.88,96.88,97.18,97.18,97.28,97.28,97.64,97.64,97.64,97.64,97.53,97.88,98.08,97.78,97.73,97.75,97.88
B-LC228334,98.39,98.50,98.49,98.59,98.49,98.69,98.99,99.09,99.09,98.59,98.59,98.79,98.79,98.99,98.89,98.99,98.79,98.79,98.79,98.89,99.09,99.19,99.27,99.37,99.36,99.36,98.61,98.61,98.61,98.79,99.04,98.89,98.99,99.14,99.09,99.09,99.09,99.09,99.09,99.90,,100.00,98.69,98.69,98.79,98.79,98.79,98.84,98.99,99.09,99.14,99.19,99.29,99.29,99.29,99.14,99.40,98.99,99.19,99.09,99.29,99.29,99.29,99.29,99.29,99.36,99.28,99.36,99.36,99.36,99.40,99.40,99.40,99.50,96.22,96.07,96.77,96.47,96.37,96.27,96.24,96.57,96.25,96.57,96.57,96.47,96.77,96.36,96.36,97.18,97.18,97.31,96.67,96.98,96.98,96.78,97.08,97.18,97.38,97.21,96.78,97.48,97.38,97.48,97.48,96.72,97.48,97.48,97.08,97.08,97.08,97.08,97.18,97.18,97.18,98.03,96.88,97.07,96.67,96.67,96.98,96.98,96.98,96.77,96.77,97.08,97.28,97.18,97.18,97.53,97.53,97.53,97.53,97.43,97.78,97.98,97.68,97.63,97.64,97.78
B-LC228323,98.39,98.50,98.49,98.59,98.49,98.69,98.99,99.09,99.09,98.59,98.59,98.79,98.79,98.99,98.89,98.99,98.79,98.79,98.79,98.89,99.09,99.19,99.27,99.37,99.36,99.36,98.61,98.61,98.61,98.79,99.04,98.89,98.99,99.14,99.09,99.09,99.09,99.09,99.09,99.90,100.00,,98.69,98.69,98.79,98.79,98.79,98.84,98.99,99.09,99.14,99.19,99.29,99.29,99.29,99.14,99.40,98.99,99.19,99.09,99.29,99.29,99.29,99.29,99.29,99.36,99.28,99.36,99.36,99.36,99.40,99.40,99.40,99.50,96.22,96.07,96.77,96.47,96.37,96.27,96.24,96.57,96.25,96.57,96.57,96.47,96.77,96.36,96.36,97.18,97.18,97.31,96.67,96.98,96.98,96.78,97.08,97.18,97.38,97.21,96.78,97.48,97.38,97.48,97.48,96.72,97.48,97.48,97.08,97.08,97.08,97.08,97.18,97.18,97.18,98.03,96.88,97.07,96.67,96.67,96.98,96.98,96.98,96.77,96.77,97.08,97.28,97.18,97.18,97.53,97.53,97.53,97.53,97.43,97.78,97.98,97.68,97.63,97.64,97.78
B-OP850410,98.08,98.18,98.19,98.29,98.19,98.19,98.69,98.79,98.79,98.29,98.29,98.49,98.49,98.69,98.59,98.69,98.49,98.49,98.69,98.79,98.79,98.89,98.95,99.06,99.04,99.03,98.29,98.29,98.29,98.49,98.71,98.99,98.89,98.82,98.79,98.79,98.79,98.79,98.79,98.79,98.69,98.69,,99.80,99.90,99.90,99.90,99.55,99.29,99.40,99.25,99.29,99.40,99.40,99.40,98.84,98.89,98.69,98.89,98.79,98.99,98.99,98.99,98.99,98.99,99.04,98.98,99.04,99.04,99.04,99.09,99.09,99.09,99.19,95.92,95.87,96.37,96.07,95.97,95.77,95.71,96.27,96.14,96.47,96.47,96.57,96.47,96.25,96.25,96.88,96.88,96.99,96.37,96.67,96.57,96.46,96.98,96.88,97.08,96.89,96.46,96.98,96.88,96.77,96.77,96.62,96.98,96.98,96.77,96.77,96.77,96.77,96.88,96.88,96.88,97.73,96.98,96.97,96.57,96.57,96.88,96.88,96.88,96.67,96.67,96.77,96.98,97.08,97.08,97.21,97.21,97.21,97.21,97.32,97.47,97.68,97.38,97.33,97.32,97.48
B-OP850407,98.08,98.18,98.19,98.29,98.19,98.19,98.69,98.79,98.79,98.29,98.29,98.49,98.49,98.69,98.59,98.69,98.49,98.49,98.69,98.79,98.79,98.89,98.95,99.06,99.04,99.03,98.29,98.29,98.29,98.49,98.71,98.99,98.89,98.82,98.79,98.79,98.79,98.79,98.79,98.79,98.69,98.69,99.80,,99.90,99.90,99.90,99.55,99.29,99.40,99.25,99.29,99.40,99.40,99.40,98.84,98.89,98.69,98.89,98.79,98.99,98.99,98.99,98.99,98.99,99.04,98.98,99.04,99.04,99.04,99.09,99.09,99.09,99.19,95.92,95.87,96.37,96.07,95.97,95.77,95.71,96.27,96.36,96.67,96.67,96.57,96.47,96.25,96.25,96.88,96.88,96.99,96.37,96.67,96.57,96.46,96.98,96.88,97.08,96.89,96.46,96.98,96.88,96.77,96.77,96.62,96.98,96.98,96.77,96.77,96.77,96.77,96.88,96.88,96.88,97.73,96.98,96.97,96.57,96.57,96.88,96.88,96.88,96.67,96.67,96.77,96.98,97.08,97.08,97.21,97.21,97.21,97.21,97.32,97.47,97.68,97.38,97.33,97.32,97.48
B-OP850409,98.19,98.29,98.29,98.39,98.29,98.29,98.79,98.89,98.89,98.39,98.39,98.59,98.59,98.79,98.69,98.79,98.59,98.59,98.79,98.89,98.89,98.99,99.06,99.16,99.15,99.14,98.39,98.39,98.39,98.59,98.82,99.09,98.99,98.93,98.89,98.89,98.89,98.89,98.89,98.89,98.79,98.79,99.90,99.90,,100.00,100.00,99.65,99.40,99.50,99.36,99.40,99.50,99.50,99.50,98.94,98.99,98.79,98.99,98.89,99.09,99.09,99.09,99.09,99.09,99.14,99.08,99.14,99.14,99.14,99.19,99.19,99.19,99.29,96.02,95.97,96.47,96.17,96.07,95.87,95.82,96.37,96.25,96.57,96.57,96.67,96.57,96.36,96.36,96.98,96.98,97.10,96.47,96.77,96.67,96.57,97.08,96.98,97.18,97.00,96.57,97.08,96.98,96.88,96.88,96.72,97.08,97.08,96.88,96.88,96.88,96.88,96.98,96.98,96.98,97.83,97.08,97.07,96.67,96.67,96.98,96.98,96.98,96.77,96.77,96.88,97.08,97.18,97.18,97.32,97.32,97.32,97.32,97.43,97.58,97.78,97.48,97.43,97.43,97.58
B-OP850408,98.19,98.29,98.29,98.39,98.29,98.29,98.79,98.89,98.89,98.39,98.39,98.59,98.59,98.79,98.69,98.79,98.59,98.59,98.79,98.89,98.89,98.99,99.06,99.16,99.15,99.14,98.39,98.39,98.39,98.59,98.82,99.09,98.99,98.93,98.89,98.89,98.89,98.89,98.89,98.89,98.79,98.79,99.90,99.90,100.00,,100.00,99.65,99.40,99.50,99.36,99.40,99.50,99.50,99.50,98.94,98.99,98.79,98.99,98.89,99.09,99.09,99.09,99.09,99.09,99.14,99.08,99.14,99.14,99.14,99.19,99.19,99.19,99.29,96.02,95.97,96.47,96.17,96.07,95.87,95.82,96.37,96.25,96.57,96.57,96.67,96.57,96.36,96.36,96.98,96.98,97.10,96.47,96.77,96.67,96.57,97.08,96.98,97.18,97.00,96.57,97.08,96.98,96.88,96.88,96.72,97.08,97.08,96.88,96.88,96.88,96.88,96.98,96.98,96.98,97.83,97.08,97.07,96.67,96.67,96.98,96.98,96.98,96.77,96.77,96.88,97.08,97.18,97.18,97.32,97.32,97.32,97.32,97.43,97.58,97.78,97.48,97.43,97.43,97.58
B-OP850405,98.19,98.29,98.29,98.39,98.29,98.29,98.79,98.89,98.89,98.39,98.39,98.59,98.59,98.79,98.69,98.79,98.59,98.59,98.79,98.89,98.89,98.99,99.06,99.16,99.15,99.14,98.39,98.39,98.39,98.59,98.82,99.09,98.99,98.93,98.89,98.89,98.89,98.89,98.89,98.89,98.79,98.79,99.90,99.90,100.00,100.00,,99.65,99.40,99.50,99.36,99.40,99.50,99.50,99.50,98.94,98.99,98.79,98.99,98.89,99.09,99.09,99.09,99.09,99.09,99.14,99.08,99.14,99.14,99.14,99.19,99.19,99.19,99.29,96.02,95.97,96.47,96.17,96.07,95.87,95.82,96.37,96.25,96.57,96.57,96.67,96.57,96.36,96.36,96.98,96.98,97.10,96.47,96.77,96.67,96.57,97.08,96.98,97.18,97.00,96.57,97.08,96.98,96.88,96.88,96.72,97.08,97.08,96.88,96.88,96.88,96.88,96.98,96.98,96.98,97.83,97.08,97.07,96.67,96.67,96.98,96.98,96.98,96.77,96.77,96.88,97.08,97.18,97.18,97.32,97.32,97.32,97.32,97.43,97.58,97.78,97.48,97.43,97.43,97.58
B-PX211669,98.24,98.34,98.34,98.44,98.34,98.34,98.84,98.94,98.94,98.44,98.44,98.64,98.64,98.84,98.74,98.84,98.64,98.64,98.64,98.74,98.94,99.04,99.11,99.21,99.20,99.20,98.45,98.45,98.45,98.64,98.87,99.14,99.04,98.98,98.94,98.94,98.94,98.94,98.94,98.94,98.84,98.84,99.55,99.55,99.65,99.65,99.65,,99.45,99.55,99.41,99.45,99.55,99.55,99.55,99.14,99.04,98.84,99.04,98.94,99.14,99.14,99.14,99.14,99.14,99.20,99.13,99.20,99.20,99.20,99.24,99.24,99.24,99.34,96.22,95.92,96.42,96.12,96.02,95.92,95.87,96.42,96.30,96.62,96.62,96.52,96.62,96.41,96.41,97.03,97.03,97.15,96.52,96.82,96.72,96.62,97.13,97.03,97.23,97.05,96.62,97.13,97.03,96.93,96.93,96.93,97.13,97.13,96.93,96.93,96.93,96.93,97.03,97.03,97.03,98.03,96.93,97.12,96.72,96.72,97.03,97.03,97.03,96.82,96.82,96.72,96.93,97.03,97.03,97.37,97.37,97.37,97.37,97.48,97.63,97.83,97.53,97.53,97.48,97.63
B-LC514478,98.39,98.61,98.49,98.59,98.49,98.49,98.99,99.09,99.09,98.59,98.59,98.79,98.79,98.99,98.89,98.99,98.79,98.79,98.79,98.89,99.09,99.19,99.27,99.37,99.36,99.36,98.71,98.71,98.71,98.89,99.14,98.99,99.09,99.25,99.19,99.19,99.19,99.19,99.19,99.09,98.99,98.99,99.29,99.29,99.40,99.40,99.40,99.45,,99.70,99.68,99.60,99.70,99.70,99.70,99.14,99.19,98.99,99.19,99.09,99.29,99.29,99.29,99.29,99.29,99.46,99.28,99.46,99.46,99.46,99.40,99.40,99.40,99.50,96.22,96.07,96.57,96.27,96.17,96.27,96.14,96.37,96.57,96.77,96.77,96.67,96.77,96.68,96.68,97.18,97.18,97.42,96.67,96.98,96.88,96.89,97.28,97.18,97.38,97.32,96.89,97.28,97.18,97.08,97.08,96.93,97.28,97.28,97.08,97.08,97.08,97.08,97.18,97.18,97.18,98.03,97.08,97.27,96.87,96.88,97.18,97.18,97.18,96.98,96.98,96.88,97.08,97.18,97.18,97.64,97.64,97.64,97.64,97.75,97.78,97.98,97.68,97.63,97.75,97.78
B-LC514500,98.49,98.61,98.59,98.69,98.59,98.59,99.09,99.19,99.19,98.69,98.69,98.89,98.89,99.09,98.99,99.09,98.89,98.89,98.89,98.99,99.19,99.29,99.37,99.48,99.47,99.46,98.71,98.71,98.71,98.89,99.14,98.99,99.09,99.25,99.19,99.19,99.19,99.19,99.19,99.19,99.09,99.09,99.40,99.40,99.50,99.50,99.50,99.55,99.70,,99.68,99.70,99.80,99.80,99.80,99.24,99.29,99.09,99.29,99.19,99.40,99.40,99.40,99.40,99.40,99.46,99.39,99.46,99.46,99.46,99.50,99.50,99.50,99.60,96.32,96.17,96.67,96.37,96.27,96.17,96.14,96.47,96.57,96.88,96.88,96.77,96.88,96.68,96.68,97.28,97.28,97.42,96.77,97.08,96.98,96.89,97.38,97.28,97.48,97.32,96.89,97.38,97.28,97.18,97.18,97.03,97.38,97.38,97.18,97.18,97.18,97.18,97.28,97.28,97.28,98.14,97.18,97.37,96.97,96.98,97.38,97.38,97.38,97.08,97.08,96.98,97.18,97.28,97.28,97.64,97.64,97.64,97.64,97.75,97.88,98.08,97.78,97.73,97.75,97.88
B-MZ546120,98.50,98.71,98.60,98.71,98.60,98.71,99.25,99.36,99.36,98.82,98.82,99.03,99.03,99.25,99.14,99.25,98.93,98.93,98.93,99.03,99.25,99.36,99.45,99.56,99.56,99.56,98.82,98.82,98.82,99.14,99.25,99.14,99.25,99.36,99.36,99.36,99.36,99.36,99.36,99.25,99.14,99.14,99.25,99.25,99.36,99.36,99.36,99.41,99.68,99.68,,99.79,99.89,99.89,99.89,99.52,99.36,99.14,99.46,99.36,99.46,99.46,99.46,99.46,99.46,99.57,99.46,99.57,99.57,99.57,99.57,99.57,99.57,99.68,96.19,96.03,96.56,96.24,96.13,96.13,96.24,96.46,96.46,96.56,96.56,96.46,96.89,96.56,96.56,97.21,97.21,97.52,96.67,96.99,96.89,96.99,97.31,97.21,97.42,97.42,96.99,97.42,97.31,97.31,97.21,97.15,97.42,97.42,97.21,97.31,97.21,97.21,97.31,97.31,97.31,98.12,97.21,97.53,96.99,97.10,97.42,97.42,97.42,97.21,97.21,96.99,97.21,97.21,97.21,97.74,97.74,97.74,97.74,97.85,97.96,98.07,97.74,97.69,97.85,97.85
B-KU550313,98.59,98.71,98.69,98.79,98.69,98.69,99.19,99.29,99.29,98.79,98.79,98.99,98.99,99.19,99.09,99.19,98.99,98.99,98.99,99.09,99.29,99.40,99.48,99.58,99.57,99.57,98.82,98.82,98.82,98.99,99.25,99.09,99.19,99.36,99.29,99.29,99.29,99.29,99.29,99.29,99.19,99.19,99.29,99.29,99.40,99.40,99.40,99.45,99.60,99.70,99.79,,99.90,99.90,99.90,99.34,99.40,99.19,99.40,99.29,99.50,99.50,99.50,99.50,99.50,99.57,99.49,99.57,99.57,99.57,99.60,99.60,99.60,99.70,96.42,96.27,96.77,96.47,96.37,96.27,96.24,96.57,96.46,96.77,96.77,96.67,96.98,96.57,96.57,97.38,97.38,97.53,96.88,97.18,97.08,97.21,97.48,97.38,97.58,97.43,97.00,97.48,97.38,97.28,97.28,97.13,97.48,97.48,97.28,97.28,97.28,97.28,97.38,97.38,97.38,98.24,97.28,97.47,97.07,97.08,97.38,97.38,97.38,97.18,97.18,97.08,97.28,97.38,97.38,97.75,97.75,97.75,97.75,97.86,97.98,98.18,97.88,97.83,97.86,97.98
B-KX880422,98.69,98.82,98.79,98.89,98.79,98.79,99.29,99.40,99.40,98.89,98.89,99.09,99.09,99.29,99.19,99.29,99.09,99.09,99.09,99.19,99.40,99.50,99.58,99.69,99.68,99.68,98.93,98.93,98.93,99.09,99.36,99.19,99.29,99.46,99.40,99.40,99.40,99.40,99.40,99.40,99.29,99.29,99.40,99.40,99.50,99.50,99.50,99.55,99.70,99.80,99.89,99.90,,100.00,100.00,99.45,99.50,99.29,99.50,99.40,99.60,99.60,99.60,99.60,99.60,99.68,99.59,99.68,99.68,99.68,99.70,99.70,99.70,99.80,96.52,96.37,96.88,96.57,96.47,96.37,96.35,96.67,96.57,96.88,96.88,96.77,97.08,96.68,96.68,97.48,97.48,97.63,96.98,97.28,97.18,97.11,97.58,97.48,97.68,97.53,97.11,97.58,97.48,97.38,97.38,97.23,97.58,97.58,97.38,97.38,97.38,97.38,97.48,97.48,97.48,98.34,97.38,97.58,97.17,97.18,97.48,97.48,97.48,97.28,97.28,97.18,97.38,97.48,97.48,97.86,97.86,97.86,97.86,97.96,98.08,98.28,97.98,97.93,97.96,98.08
B-KU550314,98.69,98.82,98.79,98.89,98.79,98.79,99.29,99.40,99.40,98.89,98.89,99.09,99.09,99.29,99.19,99.29,99.09,99.09,99.09,99.19,99.40,99.50,99.58,99.69,99.68,99.68,98.93,98.93,98.93,99.09,99.36,99.19,99.29,99.46,99.40,99.40,99.40,99.40,99.40,99.40,99.29,99.29,99.40,99.40,99.50,99.50,99.50,99.55,99.70,99.80,99.89,99.90,100.00,,100.00,99.45,99.50,99.29,99.50,99.40,99.60,99.60,99.60,99.60,99.60,99.68,99.59,99.68,99.68,99.68,99.70,99.70,99.70,99.80,96.52,96.37,96.88,96.57,96.47,96.37,96.35,96.67,96.57,96.88,96.88,96.77,97.08,96.68,96.68,97.48,97.48,97.63,96.98,97.28,97.18,97.11,97.58,97.48,97.68,97.53,97.11,97.58,97.48,97.38,97.38,97.23,97.58,97.58,97.38,97.38,97.38,97.38,97.48,97.48,97.48,98.34,97.38,97.58,97.17,97.18,97.48,97.48,97.48,97.28,97.28,97.18,97.38,97.48,97.48,97.86,97.86,97.86,97.86,97.96,98.08,98.28,97.98,97.93,97.96,98.08
B-KU550311,98.69,98.82,98.79,98.89,98.79,98.79,99.29,99.40,99.40,98.89,98.89,99.09,99.09,99.29,99.19,99.29,99.09,99.09,99.09,99.19,99.40,99.50,99.58,99.69,99.68,99.68,98.93,98.93,98.93,99.09,99.36,99.19,99.29,99.46,99.40,99.40,99.40,99.40,99.40,99.40,99.29,99.29,99.40,99.40,99.50,99.50,99.50,99.55,99.70,99.80,99.89,99.90,100.00,100.00,,99.45,99.50,99.29,99.50,99.40,99.60,99.60,99.60,99.60,99.60,99.68,99.59,99.68,99.68,99.68,99.70,99.70,99.70,99.80,96.52,96.37,96.88,96.57,96.47,96.37,96.35,96.67,96.57,96.88,96.88,96.77,97.08,96.68,96.68,97.48,97.48,97.63,96.98,97.28,97.18,97.11,97.58,97.48,97.68,97.53,97.11,97.58,97.48,97.38,97.38,97.23,97.58,97.58,97.38,97.38,97.38,97.38,97.48,97.48,97.48,98.34,97.38,97.58,97.17,97.18,97.48,97.48,97.48,97.28,97.28,97.18,97.38,97.48,97.48,97.86,97.86,97.86,97.86,97.96,98.08,98.28,97.98,97.93,97.96,98.08
B-PX211671,98.54,98.87,98.64,98.74,98.64,98.64,99.14,99.24,99.24,98.74,98.74,98.94,98.94,99.14,99.04,99.14,98.94,98.94,98.94,99.04,99.24,99.34,99.42,99.53,99.52,99.52,98.98,98.98,98.98,98.94,99.41,99.04,99.14,99.52,99.24,99.24,99.24,99.24,99.24,99.24,99.14,99.14,98.84,98.84,98.94,98.94,98.94,99.14,99.14,99.24,99.52,99.34,99.45,99.45,99.45,,99.34,99.14,99.34,99.24,99.45,99.45,99.45,99.45,99.45,99.73,99.44,99.73,99.73,99.73,99.55,99.55,99.55,99.65,96.52,96.22,96.72,96.42,96.32,96.22,96.41,96.52,96.62,96.72,96.72,96.62,96.93,96.73,96.73,97.33,97.33,97.69,96.82,97.13,97.03,97.16,97.23,97.33,97.53,97.59,97.16,97.43,97.33,97.23,97.23,97.03,97.43,97.43,97.23,97.23,97.23,97.23,97.33,97.33,97.33,98.34,97.03,97.22,96.82,96.82,97.13,97.13,97.13,96.93,96.93,97.03,97.43,97.13,97.13,97.91,97.91,97.91,97.91,97.80,98.13,98.13,97.83,97.83,98.02,97.93
B-MH520738,98.59,98.71,98.69,98.79,98.69,98.69,99.19,99.29,99.29,98.79,98.79,98.99,98.99,99.19,99.09,99.19,99.19,99.19,99.19,99.29,99.29,99.40,99.48,99.58,99.57,99.57,98.82,98.82,98.82,98.99,99.25,99.09,99.19,99.36,99.29,99.29,99.29,99.29,99.29,99.50,99.40,99.40,98.89,98.89,98.99,98.99,98.99,99.04,99.19,99.29,99.36,99.40,99.50,99.50,99.50,99.34,,99.19,99.40,99.29,99.50,99.50,99.50,99.50,99.50,99.57,99.49,99.57,99.57,99.57,99.60,99.60,99.60,99.70,96.62,96.47,96.98,96.67,96.57,96.67,96.67,96.77,96.89,97.18,97.18,97.08,97.18,97.00,97.00,97.58,97.58,97.74,97.08,97.38,97.28,97.21,97.48,97.58,97.78,97.64,97.21,97.68,97.58,97.48,97.68,97.03,97.68,97.68,97.28,97.28,97.28,97.28,97.38,97.38,97.38,98.24,97.28,97.47,97.07,97.08,97.38,97.38,97.38,97.18,97.18,97.48,97.48,97.58,97.58,97.96,97.96,97.96,97.96,97.86,98.18,98.38,98.08,98.03,98.07,98.19
B-MW715612,98.59,98.50,98.69,98.59,98.49,98.49,98.99,99.09,99.09,98.59,98.59,98.79,98.79,98.99,98.89,98.99,98.79,98.79,98.79,98.89,99.09,99.19,99.27,99.37,99.36,99.36,98.82,98.82,98.82,98.99,99.25,99.09,99.19,99.36,99.29,99.29,99.29,99.29,99.29,99.09,98.99,98.99,98.69,98.69,98.79,98.79,98.79,98.84,98.99,99.09,99.14,99.19,99.29,99.29,99.29,99.14,99.19,,99.40,99.29,99.50,99.70,99.70,99.70,99.70,99.36,99.28,99.36,99.36,99.36,99.40,99.40,99.40,99.50,96.42,96.07,96.57,96.27,96.17,96.07,96.03,96.57,96.25,96.57,96.57,96.47,96.77,96.36,96.36,97.38,97.38,97.31,96.67,96.98,96.88,96.78,97.08,97.18,97.38,97.21,96.78,97.28,97.18,97.08,97.08,96.72,97.28,97.28,97.08,97.08,97.08,97.08,97.18,97.18,97.18,98.03,97.08,97.27,96.87,96.88,97.18,97.18,97.18,96.98,96.98,97.08,97.28,97.18,97.18,97.75,97.75,97.75,97.75,97.64,97.98,98.18,97.68,97.83,97.86,97.98
B-LC469553,98.99,99.04,99.09,98.99,98.89,98.89,99.40,99.50,99.50,98.99,98.99,99.19,99.19,99.40,99.29,99.40,99.19,99.19,99.19,99.29,99.50,99.60,99.69,99.79,99.79,99.79,99.14,99.14,99.14,99.19,99.57,99.29,99.40,99.68,99.50,99.50,99.50,99.50,99.50,99.29,99.19,99.19,98.89,98.89,98.99,98.99,98.99,99.04,99.19,99.29,99.46,99.40,99.50,99.50,99.50,99.34,99.40,99.40,,99.90,99.70,99.50,99.50,99.50,99.50,99.68,99.69,99.89,99.89,99.89,99.60,99.60,99.60,99.70,96.62,96.47,96.98,96.67,96.57,96.47,96.57,96.77,96.78,96.98,96.98,96.88,97.18,96.89,96.89,97.58,97.58,97.85,97.08,97.38,97.28,97.32,97.48,97.58,97.78,97.75,97.32,97.68,97.58,97.48,97.48,97.13,97.68,97.68,97.48,97.48,97.48,97.48,97.58,97.58,97.58,98.44,97.28,97.47,97.07,97.08,97.38,97.38,97.38,97.18,97.18,97.28,97.48,97.38,97.38,98.07,98.07,98.07,98.07,97.96,98.18,98.38,98.08,98.03,98.18,98.19
B-LC260301,98.89,98.93,98.99,98.89,98.79,98.79,99.29,99.40,99.40,98.89,98.89,99.09,99.09,99.29,99.19,99.29,99.09,99.09,99.09,99.19,99.40,99.50,99.58,99.69,99.68,99.68,99.04,99.04,99.04,99.09,99.46,99.19,99.29,99.57,99.40,99.40,99.40,99.40,99.40,99.19,99.09,99.09,98.79,98.79,98.89,98.89,98.89,98.94,99.09,99.19,99.36,99.29,99.40,99.40,99.40,99.24,99.29,99.29,99.90,,99.60,99.40,99.40,99.40,99.40,99.57,99.59,99.79,99.79,99.79,99.50,99.50,99.50,99.60,96.52,96.37,96.88,96.57,96.47,96.37,96.46,96.67,96.68,96.88,96.88,96.77,97.08,96.78,96.78,97.48,97.48,97.74,96.98,97.28,97.18,97.21,97.38,97.48,97.68,97.64,97.21,97.58,97.48,97.38,97.38,97.03,97.58,97.58,97.38,97.38,97.38,97.38,97.48,97.48,97.48,98.34,97.18,97.37,96.97,96.98,97.28,97.28,97.28,97.08,97.08,97.18,97.38,97.28,97.28,97.96,97.96,97.96,97.96,97.86,98.08,98.28,97.98,97.93,98.07,98.08
B-MH704731,98.89,98.82,98.99,98.89,98.79,98.79,99.29,99.40,99.40,98.89,98.89,99.09,99.09,99.29,99.19,99.29,99.09,99.09,99.09,99.19,99.40,99.50,99.58,99.69,99.68,99.68,98.93,98.93,98.93,99.09,99.36,99.19,99.29,99.46,99.40,99.40,99.40,99.40,99.40,99.40,99.29,99.29,98.99,98.99,99.09,99.09,99.09,99.14,99.29,99.40,99.46,99.50,99.60,99.60,99.60,99.45,99.50,99.50,99.70,99.60,,99.60,99.60,99.60,99.60,99.68,99.59,99.68,99.68,99.68,99.70,99.70,99.70,99.80,96.52,96.37,96.88,96.57,96.47,96.37,96.35,96.67,96.57,96.88,96.88,96.77,97.08,96.68,96.68,97.48,97.48,97.63,96.98,97.28,97.18,97.11,97.38,97.48,97.68,97.53,97.11,97.58,97.48,97.38,97.38,97.03,97.58,97.58,97.38,97.38,97.38,97.38,97.48,97.48,97.48,98.34,97.18,97.37,96.97,96.98,97.28,97.28,97.28,97.08,97.08,97.18,97.38,97.28,97.28,97.86,97.86,97.86,97.86,97.75,98.08,98.28,97.98,97.93,97.96,98.08
B-KU550312,98.69,98.82,98.79,98.89,98.79,98.79,99.29,99.40,99.40,98.89,98.89,99.09,99.09,99.29,99.19,99.29,99.09,99.09,99.09,99.19,99.40,99.50,99.58,99.69,99.68,99.68,99.14,99.14,99.14,99.29,99.57,99.40,99.50,99.68,99.60,99.60,99.60,99.60,99.60,99.40,99.29,99.29,98.99,98.99,99.09,99.09,99.09,99.14,99.29,99.40,99.46,99.50,99.60,99.60,99.60,99.45,99.50,99.70,99.50,99.40,99.60,,100.00,100.00,100.00,99.68,99.59,99.68,99.68,99.68,99.70,99.70,99.70,99.80,96.72,96.37,96.88,96.57,96.47,96.37,96.35,96.88,96.57,96.88,96.88,96.77,97.08,96.68,96.68,97.68,97.68,97.63,96.98,97.28,97.18,97.11,97.38,97.48,97.68,97.53,97.11,97.58,97.48,97.38,97.38,97.03,97.58,97.58,97.38,97.38,97.38,97.38,97.48,97.48,97.48,98.34,97.38,97.58,97.17,97.18,97.48,97.48,97.48,97.28,97.28,97.38,97.58,97.48,97.48,98.07,98.07,98.07,98.07,97.96,98.28,98.48,97.98,98.14,98.18,98.29
B-KU550310,98.69,98.82,98.79,98.89,98.79,98.79,99.29,99.40,99.40,98.89,98.89,99.09,99.09,99.29,99.19,99.29,99.09,99.09,99.09,99.19,99.40,99.50,99.58,99.69,99.68,99.68,99.14,99.14,99.14,99.29,99.57,99.40,99.50,99.68,99.60,99.60,99.60,99.60,99.60,99.40,99.29,99.29,98.99,98.99,99.09,99.09,99.09,99.14,99.29,99.40,99.46,99.50,99.60,99.60,99.60,99.45,99.50,99.70,99.50,99.40,99.60,100.00,,100.00,100.00,99.68,99.59,99.68,99.68,99.68,99.70,99.70,99.70,99.80,96.72,96.37,96.88,96.57,96.47,96.37,96.35,96.88,96.57,96.88,96.88,96.77,97.08,96.68,96.68,97.68,97.68,97.63,96.98,97.28,97.18,97.11,97.38,97.48,97.68,97.53,97.11,97.58,97.48,97.38,97.38,97.03,97.58,97.58,97.38,97.38,97.38,97.38,97.48,97.48,97.48,98.34,97.38,97.58,97.17,97.18,97.48,97.48,97.48,97.28,97.28,97.38,97.58,97.48,97.48,98.07,98.07,98.07,98.07,97.96,98.28,98.48,97.98,98.14,98.18,98.29
B-KU870413,98.69,98.82,98.79,98.89,98.79,98.79,99.29,99.40,99.40,98.89,98.89,99.09,99.09,99.29,99.19,99.29,99.09,99.09,99.09,99.19,99.40,99.50,99.58,99.69,99.68,99.68,99.14,99.14,99.14,99.29,99.57,99.40,99.50,99.68,99.60,99.60,99.60,99.60,99.60,99.40,99.29,99.29,98.99,98.99,99.09,99.09,99.09,99.14,99.29,99.40,99.46,99.50,99.60,99.60,99.60,99.45,99.50,99.70,99.50,99.40,99.60,100.00,100.00,,100.00,99.68,99.59,99.68,99.68,99.68,99.70,99.70,99.70,99.80,96.72,96.37,96.88,96.57,96.47,96.37,96.35,96.88,96.57,96.88,96.88,96.77,97.08,96.68,96.68,97.68,97.68,97.63,96.98,97.28,97.18,97.11,97.38,97.48,97.68,97.53,97.11,97.58,97.48,97.38,97.38,97.03,97.58,97.58,97.38,97.38,97.38,97.38,97.48,97.48,97.48,98.34,97.38,97.58,97.17,97.18,97.48,97.48,97.48,97.28,97.28,97.38,97.58,97.48,97.48,98.07,98.07,98.07,98.07,97.96,98.28,98.48,97.98,98.14,98.18,98.29
B-KU870391,98.69,98.82,98.79,98.89,98.79,98.79,99.29,99.40,99.40,98.89,98.89,99.09,99.09,99.29,99.19,99.29,99.09,99.09,99.09,99.19,99.40,99.50,99.58,99.69,99.68,99.68,99.14,99.14,99.14,99.29,99.57,99.40,99.50,99.68,99.60,99.60,99.60,99.60,99.60,99.40,99.29,99.29,98.99,98.99,99.09,99.09,99.09,99.14,99.29,99.40,99.46,99.50,99.60,99.60,99.60,99.45,99.50,99.70,99.50,99.40,99.60,100.00,100.00,100.00,,99.68,99.59,99.68,99.68,99.68,99.70,99.70,99.70,99.80,96.72,96.37,96.88,96.57,96.47,96.37,96.35,96.88,96.57,96.88,96.88,96.77,97.08,96.68,96.68,97.68,97.68,97.63,96.98,97.28,97.18,97.11,97.38,97.48,97.68,97.53,97.11,97.58,97.48,97.38,97.38,97.03,97.58,97.58,97.38,97.38,97.38,97.38,97.48,97.48,97.48,98.34,97.38,97.58,97.17,97.18,97.48,97.48,97.48,97.28,97.28,97.38,97.58,97.48,97.48,98.07,98.07,98.07,98.07,97.96,98.28,98.48,97.98,98.14,98.18,98.29
B-MF997043,98.71,98.93,98.82,98.93,98.82,98.93,99.46,99.57,99.57,99.04,99.04,99.25,99.25,99.46,99.36,99.46,99.14,99.14,99.14,99.25,99.46,99.57,99.67,99.78,99.78,99.78,99.04,99.04,99.04,99.36,99.46,99.36,99.46,99.57,99.57,99.57,99.57,99.57,99.57,99.46,99.36,99.36,99.04,99.04,99.14,99.14,99.14,99.20,99.46,99.46,99.57,99.57,99.68,99.68,99.68,99.73,99.57,99.36,99.68,99.57,99.68,99.68,99.68,99.68,99.68,,99.68,99.79,99.79,99.79,99.79,99.79,99.79,99.89,96.41,96.25,96.78,96.46,96.36,96.36,96.46,96.68,96.68,96.78,96.78,96.68,97.11,96.78,96.78,97.43,97.43,97.74,96.89,97.21,97.11,97.21,97.32,97.43,97.64,97.64,97.21,97.64,97.53,97.53,97.43,97.16,97.64,97.64,97.43,97.53,97.43,97.43,97.53,97.53,97.53,98.34,97.21,97.53,97.00,97.11,97.43,97.43,97.43,97.21,97.21,97.21,97.43,97.21,97.21,97.96,97.96,97.96,97.96,97.86,98.18,98.29,97.96,97.91,98.07,98.07
B-AB848012,98.88,99.04,98.98,99.08,98.98,98.98,99.49,99.59,99.59,99.08,99.08,99.28,99.28,99.49,99.39,99.49,99.28,99.28,99.28,99.39,99.59,99.69,99.79,99.89,99.89,99.89,99.14,99.14,99.14,99.28,99.57,99.39,99.49,99.68,99.59,99.59,99.59,99.59,99.59,99.39,99.28,99.28,98.98,98.98,99.08,99.08,99.08,99.13,99.28,99.39,99.46,99.49,99.59,99.59,99.59,99.44,99.49,99.28,99.69,99.59,99.59,99.59,99.59,99.59,99.59,99.68,,99.89,99.89,99.89,99.69,99.69,99.69,99.80,96.68,96.52,97.03,96.73,96.63,96.52,96.57,96.83,96.78,97.03,97.03,96.93,97.24,96.89,96.89,97.65,97.65,97.85,97.14,97.44,97.34,97.32,97.55,97.65,97.85,97.75,97.32,97.75,97.65,97.55,97.55,97.19,97.75,97.75,97.55,97.55,97.55,97.55,97.65,97.65,97.65,98.52,97.34,97.55,97.14,97.14,97.44,97.44,97.44,97.24,97.24,97.34,97.55,97.44,97.44,98.07,98.07,98.07,98.07,97.96,98.26,98.47,98.16,98.11,98.18,98.26
B-MG573366,98.93,99.14,99.04,99.14,99.04,99.14,99.68,99.79,99.79,99.25,99.25,99.46,99.46,99.68,99.57,99.68,99.36,99.36,99.36,99.46,99.68,99.79,99.89,100.00,100.00,100.00,99.25,99.25,99.25,99.57,99.68,99.57,99.68,99.79,99.79,99.79,99.79,99.79,99.79,99.46,99.36,99.36,99.04,99.04,99.14,99.14,99.14,99.20,99.46,99.46,99.57,99.57,99.68,99.68,99.68,99.73,99.57,99.36,99.89,99.79,99.68,99.68,99.68,99.68,99.68,99.79,99.89,,100.00,100.00,99.79,99.79,99.79,99.89,96.63,96.47,97.00,96.68,96.57,96.57,96.67,96.90,96.89,97.00,97.00,96.90,97.32,97.00,97.00,97.64,97.64,97.96,97.11,97.43,97.32,97.43,97.54,97.64,97.86,97.86,97.43,97.75,97.64,97.64,97.54,97.38,97.86,97.86,97.64,97.75,97.64,97.64,97.75,97.75,97.75,98.55,97.43,97.75,97.22,97.32,97.64,97.64,97.64,97.43,97.43,97.43,97.64,97.43,97.43,98.18,98.18,98.18,98.18,98.07,98.39,98.50,98.18,98.13,98.29,98.29
B-MG573365,98.93,99.14,99.04,99.14,99.04,99.14,99.68,99.79,99.79,99.25,99.25,99.46,99.46,99.68,99.57,99.68,99.36,99.36,99.36,99.46,99.68,99.79,99.89,100.00,100.00,100.00,99.25,99.25,99.25,99.57,99.68,99.57,99.68,99.79,99.79,99.79,99.79,99.79,99.79,99.46,99.36,99.36,99.04,99.04,99.14,99.14,99.14,99.20,99.46,99.46,99.57,99.57,99.68,99.68,99.68,99.73,99.57,99.36,99.89,99.79,99.68,99.68,99.68,99.68,99.68,99.79,99.89,100.00,,100.00,99.79,99.79,99.79,99.89,96.63,96.47,97.00,96.68,96.57,96.57,96.67,96.90,96.89,97.00,97.00,96.90,97.32,97.00,97.00,97.64,97.64,97.96,97.11,97.43,97.32,97.43,97.54,97.64,97.86,97.86,97.43,97.75,97.64,97.64,97.54,97.38,97.86,97.86,97.64,97.75,97.64,97.64,97.75,97.75,97.75,98.55,97.43,97.75,97.22,97.32,97.64,97.64,97.64,97.43,97.43,97.43,97.64,97.43,97.43,98.18,98.18,98.18,98.18,98.07,98.39,98.50,98.18,98.13,98.29,98.29
B-KY616891,98.93,99.14,99.04,99.14,99.04,99.14,99.68,99.79,99.79,99.25,99.25,99.46,99.46,99.68,99.57,99.68,99.36,99.36,99.36,99.46,99.68,99.79,99.89,100.00,100.00,100.00,99.25,99.25,99.25,99.57,99.68,99.57,99.68,99.79,99.79,99.79,99.79,99.79,99.79,99.46,99.36,99.36,99.04,99.04,99.14,99.14,99.14,99.20,99.46,99.46,99.57,99.57,99.68,99.68,99.68,99.73,99.57,99.36,99.89,99.79,99.68,99.68,99.68,99.68,99.68,99.79,99.89,100.00,100.00,,99.79,99.79,99.79,99.89,96.62,96.46,97.00,96.68,96.57,96.57,96.67,96.89,96.89,97.00,97.00,96.89,97.32,97.00,97.00,97.64,97.64,97.96,97.11,97.43,97.32,97.43,97.53,97.64,97.86,97.86,97.43,97.86,97.75,97.75,97.64,97.37,97.86,97.86,97.64,97.75,97.64,97.64,97.75,97.75,97.75,98.55,97.43,97.75,97.21,97.32,97.64,97.64,97.64,97.43,97.43,97.43,97.64,97.43,97.43,98.18,98.18,98.18,98.18,98.07,98.39,98.50,98.18,98.12,98.29,98.29
B-LC260305,98.79,98.93,98.89,98.99,98.89,98.89,99.40,99.50,99.50,98.99,98.99,99.19,99.19,99.40,99.29,99.40,99.19,99.19,99.19,99.29,99.50,99.60,99.69,99.79,99.79,99.79,99.04,99.04,99.04,99.19,99.46,99.29,99.40,99.57,99.50,99.50,99.50,99.50,99.50,99.50,99.40,99.40,99.09,99.09,99.19,99.19,99.19,99.24,99.40,99.50,99.57,99.60,99.70,99.70,99.70,99.55,99.60,99.40,99.60,99.50,99.70,99.70,99.70,99.70,99.70,99.79,99.69,99.79,99.79,99.79,,99.80,99.80,99.90,96.62,96.47,96.98,96.67,96.57,96.47,96.46,96.77,96.68,97.18,97.18,97.08,97.18,96.78,96.78,97.58,97.58,97.74,97.08,97.38,97.28,97.21,97.48,97.58,97.78,97.64,97.21,97.68,97.58,97.48,97.48,97.13,97.68,97.68,97.48,97.48,97.48,97.48,97.58,97.58,97.58,98.44,97.28,97.47,97.07,97.08,97.38,97.38,97.38,97.18,97.18,97.28,97.48,97.38,97.38,97.96,97.96,97.96,97.96,97.86,98.18,98.38,98.08,98.03,98.07,98.19
B-MH704730,98.79,98.93,98.89,98.99,98.89,98.89,99.40,99.50,99.50,98.99,98.99,99.19,99.19,99.40,99.29,99.40,99.19,99.19,99.19,99.29,99.50,99.60,99.69,99.79,99.79,99.79,99.04,99.04,99.04,99.19,99.46,99.29,99.40,99.57,99.50,99.50,99.50,99.50,99.50,99.50,99.40,99.40,99.09,99.09,99.19,99.19,99.19,99.24,99.40,99.50,99.57,99.60,99.70,99.70,99.70,99.55,99.60,99.40,99.60,99.50,99.70,99.70,99.70,99.70,99.70,99.79,99.69,99.79,99.79,99.79,99.80,,99.80,99.90,96.62,96.47,96.98,96.67,96.57,96.47,96.46,96.77,96.68,96.98,96.98,96.88,97.18,96.78,96.78,97.58,97.58,97.74,97.08,97.38,97.28,97.21,97.48,97.58,97.78,97.64,97.21,97.68,97.58,97.48,97.48,97.13,97.68,97.68,97.48,97.48,97.48,97.48,97.58,97.58,97.58,98.44,97.28,97.47,97.07,97.08,97.38,97.38,97.38,97.18,97.18,97.28,97.48,97.38,97.38,97.96,97.96,97.96,97.96,97.86,98.18,98.38,98.08,98.03,98.07,98.19
B-MH520736,98.79,98.93,98.89,98.99,98.89,98.89,99.40,99.50,99.50,98.99,98.99,99.19,99.19,99.40,99.29,99.40,99.19,99.19,99.19,99.29,99.50,99.60,99.69,99.79,99.79,99.79,99.04,99.04,99.04,99.19,99.46,99.29,99.40,99.57,99.50,99.50,99.50,99.50,99.50,99.50,99.40,99.40,99.09,99.09,99.19,99.19,99.19,99.24,99.40,99.50,99.57,99.60,99.70,99.70,99.70,99.55,99.60,99.40,99.60,99.50,99.70,99.70,99.70,99.70,99.70,99.79,99.69,99.79,99.79,99.79,99.80,99.80,,99.90,96.62,96.47,96.98,96.67,96.57,96.47,96.46,96.77,96.68,96.98,96.98,96.88,97.18,96.78,96.78,97.58,97.58,97.74,97.08,97.38,97.28,97.21,97.48,97.58,97.78,97.64,97.21,97.68,97.58,97.48,97.48,97.13,97.68,97.68,97.48,97.48,97.48,97.48,97.58,97.58,97.58,98.44,97.28,97.47,97.07,97.08,97.38,97.38,97.38,97.18,97.18,97.28,97.48,97.38,97.38,97.96,97.96,97.96,97.96,97.86,98.18,98.38,98.08,98.03,98.07,98.19
B-LC228312,98.89,99.04,98.99,99.09,98.99,98.99,99.50,99.60,99.60,99.09,99.09,99.29,99.29,99.50,99.40,99.50,99.29,99.29,99.29,99.40,99.60,99.70,99.79,99.90,99.89,99.89,99.14,99.14,99.14,99.29,99.57,99.40,99.50,99.68,99.60,99.60,99.60,99.60,99.60,99.60,99.50,99.50,99.19,99.19,99.29,99.29,99.29,99.34,99.50,99.60,99.68,99.70,99.80,99.80,99.80,99.65,99.70,99.50,99.70,99.60,99.80,99.80,99.80,99.80,99.80,99.89,99.80,99.89,99.89,99.89,99.90,99.90,99.90,,96.72,96.57,97.08,96.77,96.67,96.57,96.57,96.88,96.78,97.08,97.08,96.98,97.28,96.89,96.89,97.68,97.68,97.85,97.18,97.48,97.38,97.32,97.58,97.68,97.88,97.75,97.32,97.78,97.68,97.58,97.58,97.23,97.78,97.78,97.58,97.58,97.58,97.58,97.68,97.68,97.68,98.54,97.38,97.58,97.17,97.18,97.48,97.48,97.48,97.28,97.28,97.38,97.58,97.48,97.48,98.07,98.07,98.07,98.07,97.96,98.28,98.48,98.19,98.14,98.18,98.29
A-PX211733,96.42,96.41,96.52,96.62,96.52,95.92,96.42,96.52,96.52,96.02,96.02,96.22,96.22,96.42,96.32,96.42,97.23,97.23,96.42,96.52,96.52,96.62,96.59,96.69,96.64,96.62,96.30,96.30,96.30,96.42,96.52,96.52,96.62,96.62,96.72,96.72,96.72,96.72,96.72,96.32,96.22,96.22,95.92,95.92,96.02,96.02,96.02,96.22,96.22,96.32,96.19,96.42,96.52,96.52,96.52,96.52,96.62,96.42,96.62,96.52,96.52,96.72,96.72,96.72,96.72,96.41,96.68,96.63,96.63,96.62,96.62,96.62,96.62,96.72,,99.14,99.04,99.34,99.24,97.03,96.94,97.63,97.91,97.93,97.93,97.83,98.14,98.23,98.23,98.44,98.44,98.33,98.03,98.14,98.03,98.87,98.44,98.54,98.74,98.34,98.45,97.13,97.23,96.93,97.13,96.62,97.13,97.13,96.93,96.93,96.93,96.93,97.03,97.03,97.03,96.42,97.53,97.32,97.12,96.72,97.03,97.03,97.03,97.03,97.03,97.33,97.53,97.03,97.03,97.59,97.59,97.59,97.59,97.48,97.83,97.83,97.53,97.93,97.70,97.83
A-LC514522,96.27,96.25,96.37,96.47,96.37,95.97,96.27,96.37,96.37,95.87,95.87,96.07,96.07,96.27,96.17,96.27,97.08,97.08,96.37,96.47,96.37,96.47,96.43,96.54,96.48,96.46,95.93,95.93,95.93,96.07,96.14,96.17,96.27,96.25,96.37,96.37,96.37,96.37,96.37,96.17,96.07,96.07,95.87,95.87,95.97,95.97,95.97,95.92,96.07,96.17,96.03,96.27,96.37,96.37,96.37,96.22,96.47,96.07,96.47,96.37,96.37,96.37,96.37,96.37,96.37,96.25,96.52,96.47,96.47,96.46,96.47,96.47,96.47,96.57,99.14,,99.29,99.60,99.50,96.88,96.78,97.28,97.96,97.98,97.98,97.88,97.98,98.07,98.07,98.08,98.08,98.17,97.88,97.98,97.88,98.71,98.29,98.39,98.59,98.18,98.29,96.98,97.08,96.77,96.98,96.32,96.98,96.98,96.77,96.77,96.77,96.77,96.88,96.88,96.88,96.12,97.28,96.97,96.77,96.37,96.67,96.67,96.67,96.67,96.67,96.98,97.28,96.77,96.77,97.21,97.21,97.21,97.21,97.11,97.47,97.47,97.38,97.53,97.32,97.48
A-PP862043,96.57,96.57,96.67,96.77,96.67,96.47,96.77,96.88,96.88,96.37,96.37,96.57,96.57,96.77,96.67,96.77,97.38,97.38,96.67,96.77,96.88,96.98,96.96,97.06,97.01,97.00,96.46,96.46,96.46,96.57,96.68,96.67,96.77,96.78,96.88,96.88,96.88,96.88,96.88,96.88,96.77,96.77,96.37,96.37,96.47,96.47,96.47,96.42,96.57,96.67,96.56,96.77,96.88,96.88,96.88,96.72,96.98,96.57,96.98,96.88,96.88,96.88,96.88,96.88,96.88,96.78,97.03,97.00,97.00,97.00,96.98,96.98,96.98,97.08,99.04,99.29,,99.70,99.60,96.77,96.67,97.18,97.64,97.68,97.68,97.58,98.08,97.96,97.96,97.98,97.98,98.06,97.78,98.08,97.98,98.61,98.19,98.29,98.49,98.29,98.18,96.88,96.98,96.88,97.08,96.42,96.88,96.88,96.67,96.67,96.67,96.67,96.77,96.77,96.77,96.22,97.18,96.87,96.67,96.27,96.57,96.57,96.57,96.57,96.57,96.88,97.18,97.08,97.08,97.32,97.32,97.32,97.32,97.21,97.58,97.58,97.48,97.63,97.43,97.58
A-PP861989,96.47,96.46,96.57,96.67,96.57,96.17,96.47,96.57,96.57,96.07,96.07,96.27,96.27,96.47,96.37,96.47,97.28,97.28,96.57,96.67,96.57,96.67,96.64,96.75,96.69,96.67,96.14,96.14,96.14,96.27,96.36,96.37,96.47,96.46,96.57,96.57,96.57,96.57,96.57,96.57,96.47,96.47,96.07,96.07,96.17,96.17,96.17,96.12,96.27,96.37,96.24,96.47,96.57,96.57,96.57,96.42,96.67,96.27,96.67,96.57,96.57,96.57,96.57,96.57,96.57,96.46,96.73,96.68,96.68,96.68,96.67,96.67,96.67,96.77,99.34,99.60,99.70,,99.90,97.08,97.00,97.48,97.96,97.98,97.98,97.88,98.19,98.29,98.29,98.29,98.29,98.39,98.08,98.19,98.08,98.93,98.49,98.59,98.79,98.39,98.50,97.18,97.28,97.18,97.38,96.52,97.18,97.18,96.98,96.98,96.98,96.98,97.08,97.08,97.08,96.32,97.48,97.17,96.97,96.57,96.88,96.88,96.88,96.88,96.88,97.18,97.48,97.18,97.18,97.43,97.43,97.43,97.43,97.32,97.68,97.68,97.58,97.73,97.53,97.68
A-OP850404,96.37,96.36,96.47,96.57,96.47,96.07,96.37,96.47,96.47,95.97,95.97,96.17,96.17,96.37,96.27,96.37,97.18,97.18,96.47,96.57,96.47,96.57,96.54,96.64,96.58,96.57,96.03,96.03,96.03,96.17,96.25,96.27,96.37,96.36,96.47,96.47,96.47,96.47,96.47,96.47,96.37,96.37,95.97,95.97,96.07,96.07,96.07,96.02,96.17,96.27,96.13,96.37,96.47,96.47,96.47,96.32,96.57,96.17,96.57,96.47,96.47,96.47,96.47,96.47,96.47,96.36,96.63,96.57,96.57,96.57,96.57,96.57,96.57,96.67,99.24,99.50,99.60,99.90,,96.98,96.89,97.38,97.86,97.88,97.88,97.78,98.08,98.18,98.18,98.19,98.19,98.28,97.98,98.08,97.98,98.82,98.39,98.49,98.69,98.29,98.39,97.08,97.18,97.08,97.28,96.42,97.08,97.08,96.88,96.88,96.88,96.88,96.98,96.98,96.98,96.22,97.38,97.07,96.87,96.47,96.77,96.77,96.77,96.77,96.77,97.08,97.38,97.08,97.08,97.32,97.32,97.32,97.32,97.21,97.58,97.58,97.48,97.63,97.43,97.58
A-LC514511,96.47,96.57,96.57,96.67,96.57,95.77,96.27,96.37,96.37,95.87,95.87,96.07,96.07,96.27,96.17,96.27,97.08,97.08,96.27,96.37,96.37,96.47,96.43,96.54,96.48,96.46,96.03,96.03,96.03,96.17,96.25,96.27,96.37,96.36,96.47,96.47,96.47,96.47,96.47,96.37,96.27,96.27,95.77,95.77,95.87,95.87,95.87,95.92,96.27,96.17,96.13,96.27,96.37,96.37,96.37,96.22,96.67,96.07,96.47,96.37,96.37,96.37,96.37,96.37,96.37,96.36,96.52,96.57,96.57,96.57,96.47,96.47,96.47,96.57,97.03,96.88,96.77,97.08,96.98,,99.68,96.88,97.11,97.08,97.08,96.98,97.48,97.43,97.43,97.68,97.68,97.85,98.39,98.49,98.39,97.86,97.98,98.08,98.29,97.43,97.64,96.98,96.88,96.57,96.77,96.12,96.98,96.98,96.57,96.57,96.57,96.57,96.67,96.67,96.67,96.32,96.98,96.77,96.36,96.17,96.47,96.47,96.47,96.47,96.47,96.98,96.98,96.77,96.77,97.43,97.43,97.43,97.43,97.32,97.37,97.37,97.18,97.13,97.21,97.28
A-MH182459,96.46,96.67,96.57,96.67,96.57,95.82,96.35,96.46,96.46,95.92,95.92,96.14,96.14,96.35,96.24,96.35,97.10,97.10,96.24,96.35,96.35,96.46,96.46,96.57,96.57,96.57,96.14,96.14,96.14,96.24,96.35,96.24,96.35,96.46,96.46,96.46,96.46,96.46,96.46,96.35,96.24,96.24,95.71,95.71,95.82,95.82,95.82,95.87,96.14,96.14,96.24,96.24,96.35,96.35,96.35,96.41,96.67,96.03,96.57,96.46,96.35,96.35,96.35,96.35,96.35,96.46,96.57,96.67,96.67,96.67,96.46,96.46,96.46,96.57,96.94,96.78,96.67,97.00,96.89,99.68,,96.89,97.32,97.21,97.21,97.10,97.53,97.42,97.42,97.64,97.64,97.85,98.28,98.39,98.28,97.85,97.96,98.07,98.28,97.42,97.64,97.21,97.10,96.89,97.00,96.41,97.21,97.21,96.78,96.89,96.78,96.78,96.89,96.89,96.89,96.30,97.21,97.10,96.57,96.46,96.78,96.78,96.78,96.78,96.78,97.21,97.21,97.00,97.00,97.75,97.75,97.75,97.75,97.64,97.75,97.64,97.42,97.37,97.53,97.53
A-KC443004,96.57,96.68,96.67,96.77,96.67,96.07,96.57,96.67,96.67,96.17,96.17,96.37,96.37,96.57,96.47,96.57,97.38,97.38,96.57,96.67,96.67,96.77,96.75,96.85,96.80,96.78,96.78,96.78,96.78,96.67,96.78,96.88,96.98,96.89,96.88,96.88,96.88,96.88,96.88,96.47,96.57,96.57,96.27,96.27,96.37,96.37,96.37,96.42,96.37,96.47,96.46,96.57,96.67,96.67,96.67,96.52,96.77,96.57,96.77,96.67,96.67,96.88,96.88,96.88,96.88,96.68,96.83,96.90,96.90,96.89,96.77,96.77,96.77,96.88,97.63,97.28,97.18,97.48,97.38,96.88,96.89,,97.43,97.58,97.58,97.48,97.78,97.75,97.75,98.59,98.59,98.60,97.88,97.98,97.88,98.18,98.29,98.39,98.59,97.96,97.96,97.28,97.18,97.08,97.08,96.62,97.28,97.28,97.08,97.08,97.08,97.08,97.18,97.18,97.18,96.42,97.68,97.47,97.27,96.88,97.18,97.18,97.18,97.18,97.18,97.28,97.88,97.18,97.18,97.86,97.86,97.86,97.86,97.75,97.98,97.98,97.68,97.83,97.96,97.98
A-MN479897,96.46,96.68,96.57,96.68,96.57,96.03,96.57,96.68,96.68,96.14,96.14,96.36,96.36,96.57,96.46,96.57,97.32,97.32,96.68,96.78,96.57,96.68,96.69,96.80,96.80,96.80,96.36,96.36,96.36,96.46,96.57,96.46,96.57,96.68,96.68,96.68,96.68,96.68,96.68,96.36,96.25,96.25,96.14,96.36,96.25,96.25,96.25,96.30,96.57,96.57,96.46,96.46,96.57,96.57,96.57,96.62,96.89,96.25,96.78,96.68,96.57,96.57,96.57,96.57,96.57,96.68,96.78,96.89,96.89,96.89,96.68,96.68,96.68,96.78,97.91,97.96,97.64,97.96,97.86,97.11,97.32,97.43,,99.68,99.68,99.36,98.29,99.04,99.04,98.18,98.18,98.39,98.07,98.18,98.07,98.82,98.50,98.61,98.82,98.61,98.82,97.32,97.21,97.00,97.11,96.95,97.32,97.32,97.32,97.43,97.32,97.32,97.43,97.43,97.43,96.52,97.53,97.64,97.32,97.00,97.32,97.32,97.32,97.32,97.32,97.11,97.53,97.11,97.11,97.64,97.64,97.64,97.64,97.53,97.86,97.75,97.64,97.59,97.75,97.75
A-PP861987,96.77,96.78,96.88,96.98,96.88,96.27,96.77,96.88,96.88,96.37,96.37,96.57,96.57,96.77,96.67,96.77,97.58,97.58,96.98,97.08,96.88,96.98,96.96,97.06,97.01,97.00,96.46,96.46,96.46,96.57,96.68,96.67,96.77,96.78,96.88,96.88,96.88,96.88,96.88,96.67,96.57,96.57,96.47,96.67,96.57,96.57,96.57,96.62,96.77,96.88,96.56,96.77,96.88,96.88,96.88,96.72,97.18,96.57,96.98,96.88,96.88,96.88,96.88,96.88,96.88,96.78,97.03,97.00,97.00,97.00,97.18,96.98,96.98,97.08,97.93,97.98,97.68,97.98,97.88,97.08,97.21,97.58,99.68,,100.00,99.70,98.19,98.93,98.93,98.39,98.39,98.49,98.08,98.19,98.08,98.71,98.49,98.59,98.79,98.50,98.71,97.48,97.38,97.08,97.28,97.03,97.48,97.48,97.48,97.48,97.48,97.48,97.58,97.58,97.58,96.82,97.68,97.68,97.47,97.08,97.38,97.38,97.38,97.38,97.38,97.28,97.68,97.38,97.38,97.75,97.75,97.75,97.75,97.64,97.98,97.98,97.88,97.83,97.86,97.98
A-OP850403,96.77,96.78,96.88,96.98,96.88,96.27,96.77,96.88,96.88,96.37,96.37,96.57,96.57,96.77,96.67,96.77,97.58,97.58,96.98,97.08,96.88,96.98,96.96,97.06,97.01,97.00,96.46,96.46,96.46,96.57,96.68,96.67,96.77,96.78,96.88,96.88,96.88,96.88,96.88,96.67,96.57,96.57,96.47,96.67,96.57,96.57,96.57,96.62,96.77,96.88,96.56,96.77,96.88,96.88,96.88,96.72,97.18,96.57,96.98,96.88,96.88,96.88,96.88,96.88,96.88,96.78,97.03,97.00,97.00,97.00,97.18,96.98,96.98,97.08,97.93,97.98,97.68,97.98,97.88,97.08,97.21,97.58,99.68,100.00,,99.70,98.19,98.93,98.93,98.39,98.39,98.49,98.08,98.19,98.08,98.71,98.49,98.59,98.79,98.50,98.71,97.48,97.38,97.08,97.28,97.03,97.48,97.48,97.48,97.48,97.48,97.48,97.58,97.58,97.58,96.82,97.68,97.68,97.47,97.08,97.38,97.38,97.38,97.38,97.38,97.28,97.68,97.38,97.38,97.75,97.75,97.75,97.75,97.64,97.98,97.98,97.88,97.83,97.86,97.98
A-PP861977,96.67,96.68,96.77,96.88,96.77,96.17,96.67,96.77,96.77,96.27,96.27,96.47,96.47,96.67,96.57,96.67,97.48,97.48,96.88,96.98,96.77,96.88,96.85,96.96,96.91,96.89,96.36,96.36,96.36,96.47,96.57,96.57,96.67,96.68,96.77,96.77,96.77,96.77,96.77,96.57,96.47,96.47,96.57,96.57,96.67,96.67,96.67,96.52,96.67,96.77,96.46,96.67,96.77,96.77,96.77,96.62,97.08,96.47,96.88,96.77,96.77,96.77,96.77,96.77,96.77,96.68,96.93,96.90,96.90,96.89,97.08,96.88,96.88,96.98,97.83,97.88,97.58,97.88,97.78,96.98,97.10,97.48,99.36,99.70,99.70,,98.08,98.82,98.82,98.29,98.29,98.39,97.98,98.08,97.98,98.61,98.39,98.49,98.69,98.39,98.61,97.38,97.28,96.98,97.18,96.93,97.38,97.38,97.38,97.38,97.38,97.38,97.48,97.48,97.48,96.72,97.58,97.58,97.37,96.98,97.28,97.28,97.28,97.28,97.28,97.38,97.58,97.28,97.28,97.64,97.64,97.64,97.64,97.53,97.88,97.88,97.78,97.73,97.75,97.88
A-LC105585,97.18,97.11,97.28,97.38,97.28,96.47,96.98,97.08,97.08,96.57,96.57,96.77,96.77,96.98,96.88,96.98,97.78,97.78,96.98,97.08,97.08,97.18,97.17,97.27,97.23,97.32,96.78,96.78,96.78,96.77,97.00,96.88,96.98,97.11,97.08,97.08,97.08,97.08,97.08,96.88,96.77,96.77,96.47,96.47,96.57,96.57,96.57,96.62,96.77,96.88,96.89,96.98,97.08,97.08,97.08,96.93,97.18,96.77,97.18,97.08,97.08,97.08,97.08,97.08,97.08,97.11,97.24,97.32,97.32,97.32,97.18,97.18,97.18,97.28,98.14,97.98,98.08,98.19,98.08,97.48,97.53,97.78,98.29,98.19,98.19,98.08,,98.61,98.61,98.59,98.59,98.82,98.49,98.59,98.49,99.04,98.89,98.99,99.19,98.82,98.82,97.48,97.38,97.08,97.28,97.13,97.58,97.58,97.38,97.38,97.38,97.38,97.48,97.48,97.48,97.03,97.68,97.68,97.27,97.08,97.38,97.38,97.38,97.38,97.38,97.28,97.68,97.18,97.18,97.86,97.86,97.86,97.86,97.75,97.98,97.98,97.88,97.83,97.96,97.98
A-MG670783,96.57,96.78,96.68,96.78,96.68,96.14,96.68,96.78,96.78,96.25,96.25,96.46,96.46,96.68,96.57,96.68,97.43,97.43,96.78,96.89,96.68,96.78,96.80,96.91,96.91,96.91,96.57,96.57,96.57,96.57,96.68,96.57,96.68,96.78,96.78,96.78,96.78,96.78,96.78,96.46,96.36,96.36,96.25,96.25,96.36,96.36,96.36,96.41,96.68,96.68,96.56,96.57,96.68,96.68,96.68,96.73,97.00,96.36,96.89,96.78,96.68,96.68,96.68,96.68,96.68,96.78,96.89,97.00,97.00,97.00,96.78,96.78,96.78,96.89,98.23,98.07,97.96,98.29,98.18,97.43,97.42,97.75,99.04,98.93,98.93,98.82,98.61,,100.00,98.50,98.50,98.71,98.39,98.50,98.39,99.14,98.82,98.93,99.14,98.93,99.14,97.43,97.32,97.11,97.21,97.05,97.43,97.43,97.43,97.53,97.43,97.43,97.53,97.53,97.53,96.41,97.64,97.53,97.21,96.89,97.21,97.21,97.21,97.21,97.21,97.21,97.64,97.21,97.21,97.75,97.75,97.75,97.75,97.64,97.96,97.86,97.75,97.70,97.86,97.86
A-MG670780,96.57,96.78,96.68,96.78,96.68,96.14,96.68,96.78,96.78,96.25,96.25,96.46,96.46,96.68,96.57,96.68,97.43,97.43,96.78,96.89,96.68,96.78,96.80,96.91,96.91,96.91,96.57,96.57,96.57,96.57,96.68,96.57,96.68,96.78,96.78,96.78,96.78,96.78,96.78,96.46,96.36,96.36,96.25,96.25,96.36,96.36,96.36,96.41,96.68,96.68,96.56,96.57,96.68,96.68,96.68,96.73,97.00,96.36,96.89,96.78,96.68,96.68,96.68,96.68,96.68,96.78,96.89,97.00,97.00,97.00,96.78,96.78,96.78,96.89,98.23,98.07,97.96,98.29,98.18,97.43,97.42,97.75,99.04,98.93,98.93,98.82,98.61,100.00,,98.50,98.50,98.71,98.39,98.50,98.39,99.14,98.82,98.93,99.14,98.93,99.14,97.43,97.32,97.11,97.21,97.05,97.43,97.43,97.43,97.53,97.43,97.43,97.53,97.53,97.53,96.41,97.64,97.53,97.21,96.89,97.21,97.21,97.21,97.21,97.21,97.21,97.64,97.21,97.21,97.75,97.75,97.75,97.75,97.64,97.96,97.86,97.75,97.70,97.86,97.86
A-KU356582,97.38,97.43,97.48,97.58,97.48,96.88,97.38,97.48,97.48,96.98,96.98,97.18,97.18,97.38,97.28,97.38,98.19,98.19,97.38,97.48,97.48,97.58,97.59,97.69,97.65,97.64,97.32,97.32,97.32,97.38,97.53,97.48,97.58,97.64,97.68,97.68,97.68,97.68,97.68,97.28,97.18,97.18,96.88,96.88,96.98,96.98,96.98,97.03,97.18,97.28,97.21,97.38,97.48,97.48,97.48,97.33,97.58,97.38,97.58,97.48,97.48,97.68,97.68,97.68,97.68,97.43,97.65,97.64,97.64,97.64,97.58,97.58,97.58,97.68,98.44,98.08,97.98,98.29,98.19,97.68,97.64,98.59,98.18,98.39,98.39,98.29,98.59,98.50,98.50,,100.00,99.57,98.69,98.79,98.69,98.93,99.09,99.19,99.40,98.71,98.93,98.08,97.98,97.68,97.88,97.43,98.08,98.08,97.88,97.88,97.88,97.88,97.98,97.98,97.98,97.23,98.49,98.28,97.88,97.68,97.98,97.98,97.98,97.98,97.98,98.08,98.49,97.98,97.98,98.61,98.61,98.61,98.61,98.50,98.79,98.79,98.49,98.64,98.71,98.79
A-HQ641361,97.38,97.43,97.48,97.58,97.48,96.88,97.38,97.48,97.48,96.98,96.98,97.18,97.18,97.38,97.28,97.38,98.19,98.19,97.38,97.48,97.48,97.58,97.59,97.69,97.65,97.64,97.32,97.32,97.32,97.38,97.53,97.48,97.58,97.64,97.68,97.68,97.68,97.68,97.68,97.28,97.18,97.18,96.88,96.88,96.98,96.98,96.98,97.03,97.18,97.28,97.21,97.38,97.48,97.48,97.48,97.33,97.58,97.38,97.58,97.48,97.48,97.68,97.68,97.68,97.68,97.43,97.65,97.64,97.64,97.64,97.58,97.58,97.58,97.68,98.44,98.08,97.98,98.29,98.19,97.68,97.64,98.59,98.18,98.39,98.39,98.29,98.59,98.50,98.50,100.00,,99.57,98.69,98.79,98.69,98.93,99.09,99.19,99.40,98.71,98.93,98.08,97.98,97.68,97.88,97.43,98.08,98.08,97.88,97.88,97.88,97.88,97.98,97.98,97.98,97.23,98.49,98.28,97.88,97.68,97.98,97.98,97.98,97.98,97.98,98.08,98.49,97.98,97.98,98.61,98.61,98.61,98.61,98.50,98.79,98.79,98.49,98.64,98.71,98.79
A-KR705198,97.53,97.74,97.63,97.74,97.63,97.10,97.63,97.74,97.74,97.20,97.20,97.42,97.42,97.63,97.53,97.63,98.39,98.39,97.53,97.63,97.63,97.74,97.79,97.90,97.90,97.90,97.42,97.42,97.42,97.53,97.63,97.53,97.63,97.74,97.74,97.74,97.74,97.74,97.74,97.42,97.31,97.31,96.99,96.99,97.10,97.10,97.10,97.15,97.42,97.42,97.52,97.53,97.63,97.63,97.63,97.69,97.74,97.31,97.85,97.74,97.63,97.63,97.63,97.63,97.63,97.74,97.85,97.96,97.96,97.96,97.74,97.74,97.74,97.85,98.33,98.17,98.06,98.39,98.28,97.85,97.85,98.60,98.39,98.49,98.49,98.39,98.82,98.71,98.71,99.57,99.57,,98.82,98.92,98.82,99.14,99.25,99.35,99.57,98.92,99.14,98.28,98.17,97.96,98.06,97.80,98.28,98.28,98.17,98.28,98.17,98.17,98.28,98.28,98.28,97.37,98.49,98.39,97.85,97.74,98.06,98.06,98.06,98.06,98.06,98.06,98.49,97.96,97.96,98.71,98.71,98.71,98.71,98.60,98.92,98.82,98.71,98.66,98.82,98.82
A-KU199278,96.88,96.89,96.98,97.08,96.98,96.37,96.88,96.98,96.98,96.47,96.47,96.67,96.67,96.88,96.77,96.88,97.68,97.68,96.88,96.98,96.98,97.08,97.06,97.17,97.12,97.10,96.57,96.57,96.57,96.67,96.78,96.77,96.88,96.89,96.98,96.98,96.98,96.98,96.98,96.77,96.67,96.67,96.37,96.37,96.47,96.47,96.47,96.52,96.67,96.77,96.67,96.88,96.98,96.98,96.98,96.82,97.08,96.67,97.08,96.98,96.98,96.98,96.98,96.98,96.98,96.89,97.14,97.11,97.11,97.11,97.08,97.08,97.08,97.18,98.03,97.88,97.78,98.08,97.98,98.39,98.28,97.88,98.07,98.08,98.08,97.98,98.49,98.39,98.39,98.69,98.69,98.82,,99.70,99.60,98.82,98.99,99.09,99.29,98.39,98.61,97.58,97.48,97.18,97.38,96.93,97.58,97.58,97.38,97.38,97.38,97.38,97.48,97.48,97.48,96.72,97.78,97.58,97.17,96.98,97.28,97.28,97.28,97.28,97.28,97.58,97.78,97.28,97.28,97.86,97.86,97.86,97.86,97.75,98.08,98.08,97.98,97.93,97.96,98.08
A-KU248413,96.98,97.00,97.08,97.18,97.08,96.67,97.18,97.28,97.28,96.77,96.77,96.98,96.98,97.18,97.08,97.18,97.78,97.78,96.98,97.08,97.28,97.38,97.38,97.48,97.44,97.42,96.89,96.89,96.89,96.98,97.11,97.08,97.18,97.21,97.28,97.28,97.28,97.28,97.28,97.08,96.98,96.98,96.67,96.67,96.77,96.77,96.77,96.82,96.98,97.08,96.99,97.18,97.28,97.28,97.28,97.13,97.38,96.98,97.38,97.28,97.28,97.28,97.28,97.28,97.28,97.21,97.44,97.43,97.43,97.43,97.38,97.38,97.38,97.48,98.14,97.98,98.08,98.19,98.08,98.49,98.39,97.98,98.18,98.19,98.19,98.08,98.59,98.50,98.50,98.79,98.79,98.92,99.70,,99.90,98.93,99.09,99.19,99.40,98.50,98.71,97.68,97.58,97.28,97.48,97.03,97.68,97.68,97.48,97.48,97.48,97.48,97.58,97.58,97.58,96.82,97.88,97.68,97.27,97.08,97.38,97.38,97.38,97.38,97.38,97.68,97.88,97.38,97.38,97.96,97.96,97.96,97.96,97.86,98.18,98.18,98.08,98.03,98.07,98.19
A-KU248402,96.88,96.89,96.98,97.08,96.98,96.67,97.08,97.18,97.18,96.67,96.67,96.88,96.88,97.08,96.98,97.08,97.68,97.68,96.88,96.98,97.18,97.28,97.27,97.38,97.33,97.32,96.78,96.78,96.78,96.88,97.00,96.98,97.08,97.11,97.18,97.18,97.18,97.18,97.18,97.08,96.98,96.98,96.57,96.57,96.67,96.67,96.67,96.72,96.88,96.98,96.89,97.08,97.18,97.18,97.18,97.03,97.28,96.88,97.28,97.18,97.18,97.18,97.18,97.18,97.18,97.11,97.34,97.32,97.32,97.32,97.28,97.28,97.28,97.38,98.03,97.88,97.98,98.08,97.98,98.39,98.28,97.88,98.07,98.08,98.08,97.98,98.49,98.39,98.39,98.69,98.69,98.82,99.60,99.90,,98.82,98.99,99.09,99.29,98.39,98.61,97.58,97.48,97.18,97.38,96.93,97.58,97.58,97.38,97.38,97.38,97.38,97.48,97.48,97.48,96.72,97.78,97.58,97.17,96.98,97.28,97.28,97.28,97.28,97.28,97.58,97.78,97.28,97.28,97.86,97.86,97.86,97.86,97.75,98.08,98.08,97.98,97.93,97.96,98.08
A-KF716418,97.00,97.21,97.11,97.21,97.11,96.57,97.11,97.21,97.21,96.68,96.68,96.89,96.89,97.11,97.00,97.11,97.86,97.86,97.00,97.11,97.11,97.21,97.24,97.35,97.35,97.35,96.89,96.89,96.89,97.00,97.11,97.00,97.11,97.21,97.21,97.21,97.21,97.21,97.21,96.89,96.78,96.78,96.46,96.46,96.57,96.57,96.57,96.62,96.89,96.89,96.99,97.21,97.11,97.11,97.11,97.16,97.21,96.78,97.32,97.21,97.11,97.11,97.11,97.11,97.11,97.21,97.32,97.43,97.43,97.43,97.21,97.21,97.21,97.32,98.87,98.71,98.61,98.93,98.82,97.86,97.85,98.18,98.82,98.71,98.71,98.61,99.04,99.14,99.14,98.93,98.93,99.14,98.82,98.93,98.82,,99.25,99.36,99.57,99.14,99.36,97.86,97.75,97.75,97.86,97.27,97.86,97.86,97.64,97.75,97.64,97.64,97.75,97.75,97.75,96.84,98.07,97.96,97.64,97.32,97.64,97.64,97.64,97.64,97.64,97.64,98.07,97.43,97.43,98.18,98.18,98.18,98.18,98.07,98.39,98.29,98.18,98.12,98.29,98.29
A-KC178741,97.28,97.32,97.38,97.48,97.38,96.77,97.28,97.38,97.38,96.88,96.88,97.08,97.08,97.28,97.18,97.28,98.08,98.08,97.28,97.38,97.38,97.48,97.48,97.59,97.55,97.53,97.00,97.00,97.00,97.08,97.21,97.18,97.28,97.32,97.38,97.38,97.38,97.38,97.38,97.18,97.08,97.08,96.98,96.98,97.08,97.08,97.08,97.13,97.28,97.38,97.31,97.48,97.58,97.58,97.58,97.23,97.48,97.08,97.48,97.38,97.38,97.38,97.38,97.38,97.38,97.32,97.55,97.54,97.54,97.53,97.48,97.48,97.48,97.58,98.44,98.29,98.19,98.49,98.39,97.98,97.96,98.29,98.50,98.49,98.49,98.39,98.89,98.82,98.82,99.09,99.09,99.25,98.99,99.09,98.99,99.25,,99.50,99.70,98.82,99.04,97.98,97.88,97.58,97.78,97.33,97.98,97.98,97.78,97.78,97.78,97.78,97.88,97.88,97.88,97.13,98.39,98.18,97.78,97.58,97.88,97.88,97.88,97.88,97.88,97.78,98.19,97.68,97.68,98.29,98.29,98.29,98.29,98.18,98.48,98.48,98.39,98.34,98.39,98.49
A-KC442971,97.38,97.43,97.48,97.58,97.48,96.88,97.38,97.48,97.48,96.98,96.98,97.18,97.18,97.38,97.28,97.38,98.19,98.19,97.38,97.48,97.48,97.58,97.59,97.69,97.65,97.64,97.11,97.11,97.11,97.18,97.32,97.28,97.38,97.43,97.48,97.48,97.48,97.48,97.48,97.28,97.18,97.18,96.88,96.88,96.98,96.98,96.98,97.03,97.18,97.28,97.21,97.38,97.48,97.48,97.48,97.33,97.58,97.18,97.58,97.48,97.48,97.48,97.48,97.48,97.48,97.43,97.65,97.64,97.64,97.64,97.58,97.58,97.58,97.68,98.54,98.39,98.29,98.59,98.49,98.08,98.07,98.39,98.61,98.59,98.59,98.49,98.99,98.93,98.93,99.19,99.19,99.35,99.09,99.19,99.09,99.36,99.50,,99.80,98.93,99.14,98.08,97.98,97.68,97.88,97.43,98.08,98.08,97.88,97.88,97.88,97.88,97.98,97.98,97.98,97.23,98.29,98.08,97.68,97.48,97.78,97.78,97.78,97.78,97.78,98.08,98.29,97.78,97.78,98.39,98.39,98.39,98.39,98.29,98.59,98.59,98.49,98.44,98.50,98.59
A-KC442960,97.58,97.64,97.68,97.78,97.68,97.08,97.58,97.68,97.68,97.18,97.18,97.38,97.38,97.58,97.48,97.58,98.39,98.39,97.58,97.68,97.68,97.78,97.80,97.90,97.87,97.85,97.32,97.32,97.32,97.38,97.53,97.48,97.58,97.64,97.68,97.68,97.68,97.68,97.68,97.48,97.38,97.38,97.08,97.08,97.18,97.18,97.18,97.23,97.38,97.48,97.42,97.58,97.68,97.68,97.68,97.53,97.78,97.38,97.78,97.68,97.68,97.68,97.68,97.68,97.68,97.64,97.85,97.86,97.86,97.86,97.78,97.78,97.78,97.88,98.74,98.59,98.49,98.79,98.69,98.29,98.28,98.59,98.82,98.79,98.79,98.69,99.19,99.14,99.14,99.40,99.40,99.57,99.29,99.40,99.29,99.57,99.70,99.80,,99.14,99.36,98.29,98.19,97.88,98.08,97.63,98.29,98.29,98.08,98.08,98.08,98.08,98.19,98.19,98.19,97.43,98.49,98.28,97.88,97.68,97.98,97.98,97.98,97.98,97.98,98.08,98.49,97.98,97.98,98.61,98.61,98.61,98.61,98.50,98.79,98.79,98.69,98.64,98.71,98.79
A-KF716416,97.43,97.64,97.53,97.64,97.53,97.00,97.53,97.64,97.64,97.11,97.11,97.32,97.32,97.53,97.43,97.53,98.07,98.07,97.43,97.53,97.53,97.64,97.68,97.79,97.79,97.79,97.32,97.32,97.32,97.43,97.53,97.43,97.53,97.64,97.64,97.64,97.64,97.64,97.64,97.32,97.21,97.21,96.89,96.89,97.00,97.00,97.00,97.05,97.32,97.32,97.42,97.43,97.53,97.53,97.53,97.59,97.64,97.21,97.75,97.64,97.53,97.53,97.53,97.53,97.53,97.64,97.75,97.86,97.86,97.86,97.64,97.64,97.64,97.75,98.34,98.18,98.29,98.39,98.29,97.43,97.42,97.96,98.61,98.50,98.50,98.39,98.82,98.93,98.93,98.71,98.71,98.92,98.39,98.50,98.39,99.14,98.82,98.93,99.14,,99.57,97.86,97.75,97.53,97.64,97.70,97.86,97.86,97.86,97.96,97.86,97.86,97.96,97.96,97.96,97.27,97.86,97.75,97.43,97.32,97.64,97.64,97.64,97.43,97.43,97.43,97.86,97.21,97.21,97.96,97.96,97.96,97.96,97.86,98.18,98.29,97.96,97.91,98.07,98.07
A-KF716415,97.00,97.21,97.11,97.21,97.11,96.57,97.11,97.21,97.21,96.68,96.68,96.89,96.89,97.11,97.00,97.11,97.64,97.64,97.00,97.11,97.11,97.21,97.24,97.35,97.35,97.35,96.89,96.89,96.89,97.00,97.11,97.00,97.11,97.21,97.21,97.21,97.21,97.21,97.21,96.89,96.78,96.78,96.46,96.46,96.57,96.57,96.57,96.62,96.89,96.89,96.99,97.00,97.11,97.11,97.11,97.16,97.21,96.78,97.32,97.21,97.11,97.11,97.11,97.11,97.11,97.21,97.32,97.43,97.43,97.43,97.21,97.21,97.21,97.32,98.45,98.29,98.18,98.50,98.39,97.64,97.64,97.96,98.82,98.71,98.71,98.61,98.82,99.14,99.14,98.93,98.93,99.14,98.61,98.71,98.61,99.36,99.04,99.14,99.36,99.57,,97.86,97.75,97.53,97.64,97.48,97.86,97.86,97.86,97.96,97.86,97.86,97.96,97.96,97.96,96.84,97.86,97.75,97.43,97.11,97.43,97.43,97.43,97.43,97.43,97.43,97.86,97.21,97.21,97.96,97.96,97.96,97.96,97.86,98.18,98.29,97.96,97.91,98.07,98.07
A-LC105574,97.48,97.64,97.58,97.68,97.58,96.98,97.48,97.58,97.58,97.08,97.08,97.28,97.28,97.48,97.38,97.48,97.88,97.88,97.48,97.58,97.58,97.68,97.69,97.80,97.76,97.75,97.32,97.32,97.32,97.28,97.53,97.38,97.48,97.64,97.58,97.58,97.58,97.58,97.58,97.58,97.48,97.48,96.98,96.98,97.08,97.08,97.08,97.13,97.28,97.38,97.42,97.48,97.58,97.58,97.58,97.43,97.68,97.28,97.68,97.58,97.58,97.58,97.58,97.58,97.58,97.64,97.75,97.75,97.75,97.86,97.68,97.68,97.68,97.78,97.13,96.98,96.88,97.18,97.08,96.98,97.21,97.28,97.32,97.48,97.48,97.38,97.48,97.43,97.43,98.08,98.08,98.28,97.58,97.68,97.58,97.86,97.98,98.08,98.29,97.86,97.86,,99.90,99.19,99.40,98.03,98.99,98.99,98.59,98.59,98.59,98.59,98.69,98.69,98.69,97.33,97.78,97.58,97.17,96.98,97.28,97.28,97.28,97.28,97.28,97.78,97.98,97.48,97.48,98.18,98.18,98.18,98.18,98.07,98.28,98.48,98.19,98.14,98.29,98.29
A-KJ752158,97.38,97.53,97.48,97.58,97.48,96.88,97.38,97.48,97.48,96.98,96.98,97.18,97.18,97.38,97.28,97.38,97.78,97.78,97.38,97.48,97.48,97.58,97.59,97.69,97.65,97.64,97.21,97.21,97.21,97.18,97.43,97.28,97.38,97.53,97.48,97.48,97.48,97.48,97.48,97.48,97.38,97.38,96.88,96.88,96.98,96.98,96.98,97.03,97.18,97.28,97.31,97.38,97.48,97.48,97.48,97.33,97.58,97.18,97.58,97.48,97.48,97.48,97.48,97.48,97.48,97.53,97.65,97.64,97.64,97.75,97.58,97.58,97.58,97.68,97.23,97.08,96.98,97.28,97.18,96.88,97.10,97.18,97.21,97.38,97.38,97.28,97.38,97.32,97.32,97.98,97.98,98.17,97.48,97.58,97.48,97.75,97.88,97.98,98.19,97.75,97.75,99.90,,99.09,99.29,97.93,98.89,98.89,98.49,98.49,98.49,98.49,98.59,98.59,98.59,97.23,97.68,97.47,97.07,96.88,97.18,97.18,97.18,97.18,97.18,97.88,97.88,97.38,97.38,98.07,98.07,98.07,98.07,97.96,98.18,98.38,98.08,98.03,98.18,98.19
A-MG181895,97.28,97.53,97.38,97.48,97.38,96.77,97.28,97.38,97.38,96.88,96.88,97.08,97.08,97.28,97.18,97.28,97.68,97.68,97.28,97.38,97.38,97.48,97.48,97.59,97.55,97.53,97.21,97.21,97.21,97.18,97.43,97.18,97.28,97.53,97.38,97.38,97.38,97.38,97.38,97.58,97.48,97.48,96.77,96.77,96.88,96.88,96.88,96.93,97.08,97.18,97.31,97.28,97.38,97.38,97.38,97.23,97.48,97.08,97.48,97.38,97.38,97.38,97.38,97.38,97.38,97.53,97.55,97.64,97.64,97.75,97.48,97.48,97.48,97.58,96.93,96.77,96.88,97.18,97.08,96.57,96.89,97.08,97.00,97.08,97.08,96.98,97.08,97.11,97.11,97.68,97.68,97.96,97.18,97.28,97.18,97.75,97.58,97.68,97.88,97.53,97.53,99.19,99.09,,99.40,97.63,98.59,98.59,98.19,98.19,98.19,98.19,98.29,98.29,98.29,97.13,97.38,97.37,96.97,96.77,97.08,97.08,97.08,97.08,97.08,97.38,97.58,97.28,97.28,97.86,97.86,97.86,97.86,97.75,97.88,98.08,97.78,97.73,97.96,97.88
A-MG181774,97.28,97.43,97.38,97.48,97.38,96.77,97.28,97.38,97.38,96.88,96.88,97.08,97.08,97.28,97.18,97.28,97.88,97.88,97.28,97.38,97.38,97.48,97.48,97.59,97.55,97.53,97.11,97.11,97.11,97.08,97.32,97.18,97.28,97.43,97.38,97.38,97.38,97.38,97.38,97.58,97.48,97.48,96.77,96.77,96.88,96.88,96.88,96.93,97.08,97.18,97.21,97.28,97.38,97.38,97.38,97.23,97.68,97.08,97.48,97.38,97.38,97.38,97.38,97.38,97.38,97.43,97.55,97.54,97.54,97.64,97.48,97.48,97.48,97.58,97.13,96.98,97.08,97.38,97.28,96.77,97.00,97.08,97.11,97.28,97.28,97.18,97.28,97.21,97.21,97.88,97.88,98.06,97.38,97.48,97.38,97.86,97.78,97.88,98.08,97.64,97.64,99.40,99.29,99.40,,97.73,98.59,98.59,98.19,98.19,98.19,98.19,98.29,98.29,98.29,97.13,97.58,97.58,97.17,96.98,97.28,97.28,97.28,97.28,97.28,97.58,97.78,97.48,97.48,97.96,97.96,97.96,97.96,97.86,98.08,98.28,97.98,97.93,98.07,98.08
A-PX211731,96.93,97.16,97.03,97.13,97.03,96.42,96.93,97.03,97.03,96.52,96.52,96.72,96.72,96.93,96.82,96.93,97.43,97.43,96.93,97.03,97.23,97.33,97.11,97.22,97.28,97.37,96.84,96.84,96.84,96.72,97.05,96.82,96.93,97.16,97.03,97.03,97.03,97.03,97.03,96.82,96.72,96.72,96.62,96.62,96.72,96.72,96.72,96.93,96.93,97.03,97.15,97.13,97.23,97.23,97.23,97.03,97.03,96.72,97.13,97.03,97.03,97.03,97.03,97.03,97.03,97.16,97.19,97.38,97.38,97.37,97.13,97.13,97.13,97.23,96.62,96.32,96.42,96.52,96.42,96.12,96.41,96.62,96.95,97.03,97.03,96.93,97.13,97.05,97.05,97.43,97.43,97.80,96.93,97.03,96.93,97.27,97.33,97.43,97.63,97.70,97.48,98.03,97.93,97.63,97.73,,99.04,99.04,99.24,99.24,99.24,99.24,99.34,99.34,99.34,96.93,97.13,96.92,96.52,96.32,96.62,96.62,96.62,96.62,96.62,96.93,97.33,97.03,97.03,97.59,97.59,97.59,97.59,97.70,97.63,97.83,97.53,97.53,97.70,97.63
A-OP717889,97.48,97.64,97.58,97.68,97.58,96.98,97.48,97.58,97.58,97.08,97.08,97.28,97.28,97.48,97.38,97.48,97.88,97.88,97.48,97.58,97.78,97.88,97.69,97.80,97.87,97.85,97.32,97.32,97.32,97.28,97.53,97.38,97.48,97.64,97.58,97.58,97.58,97.58,97.58,97.58,97.48,97.48,96.98,96.98,97.08,97.08,97.08,97.13,97.28,97.38,97.42,97.48,97.58,97.58,97.58,97.43,97.68,97.28,97.68,97.58,97.58,97.58,97.58,97.58,97.58,97.64,97.75,97.86,97.86,97.86,97.68,97.68,97.68,97.78,97.13,96.98,96.88,97.18,97.08,96.98,97.21,97.28,97.32,97.48,97.48,97.38,97.58,97.43,97.43,98.08,98.08,98.28,97.58,97.68,97.58,97.86,97.98,98.08,98.29,97.86,97.86,98.99,98.89,98.59,98.59,99.04,,100.00,99.60,99.60,99.60,99.60,99.70,99.70,99.70,97.33,97.78,97.58,97.17,96.98,97.28,97.28,97.28,97.28,97.28,97.78,97.98,97.48,97.48,98.18,98.18,98.18,98.18,98.07,98.28,98.48,98.19,98.14,98.29,98.29
A-OP717886,97.48,97.64,97.58,97.68,97.58,96.98,97.48,97.58,97.58,97.08,97.08,97.28,97.28,97.48,97.38,97.48,97.88,97.88,97.48,97.58,97.78,97.88,97.69,97.80,97.87,97.85,97.32,97.32,97.32,97.28,97.53,97.38,97.48,97.64,97.58,97.58,97.58,97.58,97.58,97.58,97.48,97.48,96.98,96.98,97.08,97.08,97.08,97.13,97.28,97.38,97.42,97.48,97.58,97.58,97.58,97.43,97.68,97.28,97.68,97.58,97.58,97.58,97.58,97.58,97.58,97.64,97.75,97.86,97.86,97.86,97.68,97.68,97.68,97.78,97.13,96.98,96.88,97.18,97.08,96.98,97.21,97.28,97.32,97.48,97.48,97.38,97.58,97.43,97.43,98.08,98.08,98.28,97.58,97.68,97.58,97.86,97.98,98.08,98.29,97.86,97.86,98.99,98.89,98.59,98.59,99.04,100.00,,99.60,99.60,99.60,99.60,99.70,99.70,99.70,97.33,97.78,97.58,97.17,96.98,97.28,97.28,97.28,97.28,97.28,97.78,97.98,97.48,97.48,98.18,98.18,98.18,98.18,98.07,98.28,98.48,98.19,98.14,98.29,98.29
A-LC569352,97.28,97.43,97.38,97.48,97.38,96.77,97.28,97.38,97.38,96.88,96.88,97.08,97.08,97.28,97.18,97.28,97.68,97.68,97.28,97.38,97.58,97.68,97.48,97.59,97.65,97.64,97.11,97.11,97.11,97.08,97.32,97.18,97.28,97.43,97.38,97.38,97.38,97.38,97.38,97.18,97.08,97.08,96.77,96.77,96.88,96.88,96.88,96.93,97.08,97.18,97.21,97.28,97.38,97.38,97.38,97.23,97.28,97.08,97.48,97.38,97.38,97.38,97.38,97.38,97.38,97.43,97.55,97.64,97.64,97.64,97.48,97.48,97.48,97.58,96.93,96.77,96.67,96.98,96.88,96.57,96.78,97.08,97.32,97.48,97.48,97.38,97.38,97.43,97.43,97.88,97.88,98.17,97.38,97.48,97.38,97.64,97.78,97.88,98.08,97.86,97.86,98.59,98.49,98.19,98.19,99.24,99.60,99.60,,99.80,99.80,99.80,99.90,99.90,99.90,97.13,97.58,97.37,96.97,96.77,97.08,97.08,97.08,97.08,97.08,97.38,97.78,97.28,97.28,97.96,97.96,97.96,97.96,97.86,98.08,98.28,97.98,97.93,98.07,98.08
A-LC569380,97.28,97.53,97.38,97.48,97.38,96.77,97.28,97.38,97.38,96.88,96.88,97.08,97.08,97.28,97.18,97.28,97.68,97.68,97.28,97.38,97.58,97.68,97.48,97.59,97.65,97.64,97.21,97.21,97.21,97.08,97.43,97.18,97.28,97.53,97.38,97.38,97.38,97.38,97.38,97.18,97.08,97.08,96.77,96.77,96.88,96.88,96.88,96.93,97.08,97.18,97.31,97.28,97.38,97.38,97.38,97.23,97.28,97.08,97.48,97.38,97.38,97.38,97.38,97.38,97.38,97.53,97.55,97.75,97.75,97.75,97.48,97.48,97.48,97.58,96.93,96.77,96.67,96.98,96.88,96.57,96.89,97.08,97.43,97.48,97.48,97.38,97.38,97.53,97.53,97.88,97.88,98.28,97.38,97.48,97.38,97.75,97.78,97.88,98.08,97.96,97.96,98.59,98.49,98.19,98.19,99.24,99.60,99.60,99.80,,99.80,99.80,99.90,99.90,99.90,97.13,97.58,97.37,96.97,96.77,97.08,97.08,97.08,97.08,97.08,97.58,97.78,97.28,97.28,98.07,98.07,98.07,98.07,97.96,98.08,98.28,97.98,97.93,98.18,98.08
A-LC477600,97.28,97.43,97.38,97.48,97.38,96.77,97.28,97.38,97.38,96.88,96.88,97.08,97.08,97.28,97.18,97.28,97.68,97.68,97.28,97.38,97.58,97.68,97.59,97.69,97.76,97.75,97.11,97.11,97.11,97.08,97.32,97.18,97.28,97.43,97.38,97.38,97.38,97.38,97.38,97.18,97.08,97.08,96.77,96.77,96.88,96.88,96.88,96.93,97.08,97.18,97.21,97.28,97.38,97.38,97.38,97.23,97.28,97.08,97.48,97.38,97.38,97.38,97.38,97.38,97.38,97.43,97.55,97.64,97.64,97.64,97.48,97.48,97.48,97.58,96.93,96.77,96.67,96.98,96.88,96.57,96.78,97.08,97.32,97.48,97.48,97.38,97.38,97.43,97.43,97.88,97.88,98.17,97.38,97.48,97.38,97.64,97.78,97.88,98.08,97.86,97.86,98.59,98.49,98.19,98.19,99.24,99.60,99.60,99.80,99.80,,99.80,99.90,99.90,99.90,97.13,97.58,97.37,96.97,96.77,97.08,97.08,97.08,97.08,97.08,97.38,97.78,97.28,97.28,97.96,97.96,97.96,97.96,97.86,98.08,98.28,97.98,97.93,98.07,98.08
A-LC228345,97.28,97.43,97.38,97.48,97.38,96.77,97.28,97.38,97.38,96.88,96.88,97.08,97.08,97.28,97.18,97.28,97.68,97.68,97.28,97.38,97.58,97.68,97.48,97.59,97.65,97.64,97.11,97.11,97.11,97.08,97.32,97.18,97.28,97.43,97.38,97.38,97.38,97.38,97.38,97.18,97.08,97.08,96.77,96.77,96.88,96.88,96.88,96.93,97.08,97.18,97.21,97.28,97.38,97.38,97.38,97.23,97.28,97.08,97.48,97.38,97.38,97.38,97.38,97.38,97.38,97.43,97.55,97.64,97.64,97.64,97.48,97.48,97.48,97.58,96.93,96.77,96.67,96.98,96.88,96.57,96.78,97.08,97.32,97.48,97.48,97.38,97.38,97.43,97.43,97.88,97.88,98.17,97.38,97.48,97.38,97.64,97.78,97.88,98.08,97.86,97.86,98.59,98.49,98.19,98.19,99.24,99.60,99.60,99.80,99.80,99.80,,99.90,99.90,99.90,97.13,97.58,97.37,96.97,96.77,97.08,97.08,97.08,97.08,97.08,97.38,97.78,97.28,97.28,97.96,97.96,97.96,97.96,97.86,98.08,98.28,97.98,97.93,98.07,98.08
A-LC569397,97.38,97.53,97.48,97.58,97.48,96.88,97.38,97.48,97.48,96.98,96.98,97.18,97.18,97.38,97.28,97.38,97.78,97.78,97.38,97.48,97.68,97.78,97.59,97.69,97.76,97.75,97.21,97.21,97.21,97.18,97.43,97.28,97.38,97.53,97.48,97.48,97.48,97.48,97.48,97.28,97.18,97.18,96.88,96.88,96.98,96.98,96.98,97.03,97.18,97.28,97.31,97.38,97.48,97.48,97.48,97.33,97.38,97.18,97.58,97.48,97.48,97.48,97.48,97.48,97.48,97.53,97.65,97.75,97.75,97.75,97.58,97.58,97.58,97.68,97.03,96.88,96.77,97.08,96.98,96.67,96.89,97.18,97.43,97.58,97.58,97.48,97.48,97.53,97.53,97.98,97.98,98.28,97.48,97.58,97.48,97.75,97.88,97.98,98.19,97.96,97.96,98.69,98.59,98.29,98.29,99.34,99.70,99.70,99.90,99.90,99.90,99.90,,100.00,100.00,97.23,97.68,97.47,97.07,96.88,97.18,97.18,97.18,97.18,97.18,97.48,97.88,97.38,97.38,98.07,98.07,98.07,98.07,97.96,98.18,98.38,98.08,98.03,98.18,98.19
A-LC228378,97.38,97.53,97.48,97.58,97.48,96.88,97.38,97.48,97.48,96.98,96.98,97.18,97.18,97.38,97.28,97.38,97.78,97.78,97.38,97.48,97.68,97.78,97.59,97.69,97.76,97.75,97.21,97.21,97.21,97.18,97.43,97.28,97.38,97.53,97.48,97.48,97.48,97.48,97.48,97.28,97.18,97.18,96.88,96.88,96.98,96.98,96.98,97.03,97.18,97.28,97.31,97.38,97.48,97.48,97.48,97.33,97.38,97.18,97.58,97.48,97.48,97.48,97.48,97.48,97.48,97.53,97.65,97.75,97.75,97.75,97.58,97.58,97.58,97.68,97.03,96.88,96.77,97.08,96.98,96.67,96.89,97.18,97.43,97.58,97.58,97.48,97.48,97.53,97.53,97.98,97.98,98.28,97.48,97.58,97.48,97.75,97.88,97.98,98.19,97.96,97.96,98.69,98.59,98.29,98.29,99.34,99.70,99.70,99.90,99.90,99.90,99.90,100.00,,100.00,97.23,97.68,97.47,97.07,96.88,97.18,97.18,97.18,97.18,97.18,97.48,97.88,97.38,97.38,98.07,98.07,98.07,98.07,97.96,98.18,98.38,98.08,98.03,98.18,98.19
A-LC228356,97.38,97.53,97.48,97.58,97.48,96.88,97.38,97.48,97.48,96.98,96.98,97.18,97.18,97.38,97.28,97.38,97.78,97.78,97.38,97.48,97.68,97.78,97.59,97.69,97.76,97.75,97.21,97.21,97.21,97.18,97.43,97.28,97.38,97.53,97.48,97.48,97.48,97.48,97.48,97.28,97.18,97.18,96.88,96.88,96.98,96.98,96.98,97.03,97.18,97.28,97.31,97.38,97.48,97.48,97.48,97.33,97.38,97.18,97.58,97.48,97.48,97.48,97.48,97.48,97.48,97.53,97.65,97.75,97.75,97.75,97.58,97.58,97.58,97.68,97.03,96.88,96.77,97.08,96.98,96.67,96.89,97.18,97.43,97.58,97.58,97.48,97.48,97.53,97.53,97.98,97.98,98.28,97.48,97.58,97.48,97.75,97.88,97.98,98.19,97.96,97.96,98.69,98.59,98.29,98.29,99.34,99.70,99.70,99.90,99.90,99.90,99.90,100.00,100.00,,97.23,97.68,97.47,97.07,96.88,97.18,97.18,97.18,97.18,97.18,97.48,97.88,97.38,97.38,98.07,98.07,98.07,98.07,97.96,98.18,98.38,98.08,98.03,98.18,98.19
B-PX211748,99.24,99.20,99.34,99.45,99.34,97.73,98.24,98.34,98.34,97.83,97.83,98.03,98.03,98.24,98.14,98.24,98.64,98.64,98.24,98.34,98.34,98.44,98.48,98.58,98.56,98.55,97.80,97.80,97.80,98.03,98.23,98.14,98.24,98.34,98.34,98.34,98.34,98.34,98.34,98.14,98.03,98.03,97.73,97.73,97.83,97.83,97.83,98.03,98.03,98.14,98.12,98.24,98.34,98.34,98.34,98.34,98.24,98.03,98.44,98.34,98.34,98.34,98.34,98.34,98.34,98.34,98.52,98.55,98.55,98.55,98.44,98.44,98.44,98.54,96.42,96.12,96.22,96.32,96.22,96.32,96.30,96.42,96.52,96.82,96.82,96.72,97.03,96.41,96.41,97.23,97.23,97.37,96.72,96.82,96.72,96.84,97.13,97.23,97.43,97.27,96.84,97.33,97.23,97.13,97.13,96.93,97.33,97.33,97.13,97.13,97.13,97.13,97.23,97.23,97.23,,96.93,97.12,96.72,96.72,97.03,97.03,97.03,96.82,96.82,96.72,97.13,96.82,96.82,97.37,97.37,97.37,97.37,97.27,97.63,97.83,97.53,97.53,97.48,97.63
A-KC443342,97.08,97.21,97.18,97.28,97.18,96.57,97.08,97.18,97.18,96.67,96.67,96.88,96.88,97.08,96.98,97.08,97.88,97.88,97.28,97.38,97.18,97.28,97.48,97.59,97.55,97.53,97.11,97.11,97.11,97.08,97.32,97.18,97.28,97.43,97.38,97.38,97.38,97.38,97.38,96.98,96.88,96.88,96.98,96.98,97.08,97.08,97.08,96.93,97.08,97.18,97.21,97.28,97.38,97.38,97.38,97.03,97.28,97.08,97.28,97.18,97.18,97.38,97.38,97.38,97.38,97.21,97.34,97.43,97.43,97.43,97.28,97.28,97.28,97.38,97.53,97.28,97.18,97.48,97.38,96.98,97.21,97.68,97.53,97.68,97.68,97.58,97.68,97.64,97.64,98.49,98.49,98.49,97.78,97.88,97.78,98.07,98.39,98.29,98.49,97.86,97.86,97.78,97.68,97.38,97.58,97.13,97.78,97.78,97.58,97.58,97.58,97.58,97.68,97.68,97.68,96.93,,98.79,98.38,98.19,98.49,98.49,98.49,98.49,98.49,97.78,98.39,98.08,98.08,98.39,98.39,98.39,98.39,98.29,98.48,98.48,98.39,98.54,98.71,98.69
A-KJ721755,97.07,97.32,97.17,97.27,97.17,96.97,97.47,97.58,97.58,97.07,97.07,97.27,97.27,97.47,97.37,97.47,97.88,97.88,97.27,97.37,97.37,97.47,97.69,97.80,97.76,97.75,97.43,97.43,97.43,97.27,97.64,97.37,97.47,97.75,97.58,97.58,97.58,97.58,97.58,97.17,97.07,97.07,96.97,96.97,97.07,97.07,97.07,97.12,97.27,97.37,97.53,97.47,97.58,97.58,97.58,97.22,97.47,97.27,97.47,97.37,97.37,97.58,97.58,97.58,97.58,97.53,97.55,97.75,97.75,97.75,97.47,97.47,97.47,97.58,97.32,96.97,96.87,97.17,97.07,96.77,97.10,97.47,97.64,97.68,97.68,97.58,97.68,97.53,97.53,98.28,98.28,98.39,97.58,97.68,97.58,97.96,98.18,98.08,98.28,97.75,97.75,97.58,97.47,97.37,97.58,96.92,97.58,97.58,97.37,97.37,97.37,97.37,97.47,97.47,97.47,97.12,98.79,,99.39,98.99,99.29,99.29,99.29,99.29,99.29,97.78,97.98,97.68,97.68,98.29,98.29,98.29,98.29,98.18,98.28,98.28,98.18,98.33,98.61,98.48
A-KJ721752,96.67,96.78,96.77,96.87,96.77,96.57,97.27,97.17,97.17,96.67,96.67,96.87,96.87,97.07,96.97,97.07,97.47,97.47,96.87,96.97,96.97,97.07,97.27,97.38,97.33,97.32,96.89,96.89,96.89,96.87,97.11,96.97,97.07,97.21,97.17,97.17,97.17,97.17,97.17,96.77,96.67,96.67,96.57,96.57,96.67,96.67,96.67,96.72,96.87,96.97,96.99,97.07,97.17,97.17,97.17,96.82,97.07,96.87,97.07,96.97,96.97,97.17,97.17,97.17,97.17,97.00,97.14,97.22,97.22,97.21,97.07,97.07,97.07,97.17,97.12,96.77,96.67,96.97,96.87,96.36,96.57,97.27,97.32,97.47,97.47,97.37,97.27,97.21,97.21,97.88,97.88,97.85,97.17,97.27,97.17,97.64,97.78,97.68,97.88,97.43,97.43,97.17,97.07,96.97,97.17,96.52,97.17,97.17,96.97,96.97,96.97,96.97,97.07,97.07,97.07,96.72,98.38,99.39,,98.59,98.89,98.89,98.89,98.89,98.89,97.37,97.58,97.27,97.27,97.75,97.75,97.75,97.75,97.64,97.88,97.88,97.78,97.93,98.07,98.08
A-KC178736,96.67,96.89,96.77,96.88,96.77,96.57,97.08,97.18,97.18,96.88,96.88,96.88,96.88,97.08,96.98,97.08,97.48,97.48,96.88,96.98,96.98,97.08,97.27,97.38,97.33,97.32,97.00,97.00,97.00,96.88,97.21,96.98,97.08,97.32,97.18,97.18,97.18,97.18,97.18,96.77,96.67,96.67,96.57,96.57,96.67,96.67,96.67,96.72,96.88,96.98,97.10,97.08,97.18,97.18,97.18,96.82,97.08,96.88,97.08,96.98,96.98,97.18,97.18,97.18,97.18,97.11,97.14,97.32,97.32,97.32,97.08,97.08,97.08,97.18,96.72,96.37,96.27,96.57,96.47,96.17,96.46,96.88,97.00,97.08,97.08,96.98,97.08,96.89,96.89,97.68,97.68,97.74,96.98,97.08,96.98,97.32,97.58,97.48,97.68,97.32,97.11,96.98,96.88,96.77,96.98,96.32,96.98,96.98,96.77,96.77,96.77,96.77,96.88,96.88,96.88,96.72,98.19,98.99,98.59,,99.29,99.29,99.29,99.09,99.09,97.18,97.38,97.08,97.08,97.64,97.64,97.64,97.64,97.53,97.68,97.68,97.58,97.73,97.96,97.88
A-KC443760,96.98,97.21,97.08,97.18,97.08,96.88,97.38,97.48,97.48,96.98,96.98,97.18,97.18,97.38,97.28,97.38,97.78,97.78,97.18,97.28,97.28,97.38,97.59,97.69,97.65,97.64,97.32,97.32,97.32,97.18,97.53,97.28,97.38,97.64,97.48,97.48,97.48,97.48,97.48,97.08,96.98,96.98,96.88,96.88,96.98,96.98,96.98,97.03,97.18,97.38,97.42,97.38,97.48,97.48,97.48,97.13,97.38,97.18,97.38,97.28,97.28,97.48,97.48,97.48,97.48,97.43,97.44,97.64,97.64,97.64,97.38,97.38,97.38,97.48,97.03,96.67,96.57,96.88,96.77,96.47,96.78,97.18,97.32,97.38,97.38,97.28,97.38,97.21,97.21,97.98,97.98,98.06,97.28,97.38,97.28,97.64,97.88,97.78,97.98,97.64,97.43,97.28,97.18,97.08,97.28,96.62,97.28,97.28,97.08,97.08,97.08,97.08,97.18,97.18,97.18,97.03,98.49,99.29,98.89,99.29,,100.00,100.00,99.40,99.40,97.48,97.88,97.38,97.38,97.96,97.96,97.96,97.96,97.86,97.98,97.98,97.88,98.03,98.29,98.19
A-KC443628,96.98,97.21,97.08,97.18,97.08,96.88,97.38,97.48,97.48,96.98,96.98,97.18,97.18,97.38,97.28,97.38,97.78,97.78,97.18,97.28,97.28,97.38,97.59,97.69,97.65,97.64,97.32,97.32,97.32,97.18,97.53,97.28,97.38,97.64,97.48,97.48,97.48,97.48,97.48,97.08,96.98,96.98,96.88,96.88,96.98,96.98,96.98,97.03,97.18,97.38,97.42,97.38,97.48,97.48,97.48,97.13,97.38,97.18,97.38,97.28,97.28,97.48,97.48,97.48,97.48,97.43,97.44,97.64,97.64,97.64,97.38,97.38,97.38,97.48,97.03,96.67,96.57,96.88,96.77,96.47,96.78,97.18,97.32,97.38,97.38,97.28,97.38,97.21,97.21,97.98,97.98,98.06,97.28,97.38,97.28,97.64,97.88,97.78,97.98,97.64,97.43,97.28,97.18,97.08,97.28,96.62,97.28,97.28,97.08,97.08,97.08,97.08,97.18,97.18,97.18,97.03,98.49,99.29,98.89,99.29,100.00,,100.00,99.40,99.40,97.48,97.88,97.38,97.38,97.96,97.96,97.96,97.96,97.86,97.98,97.98,97.88,98.03,98.29,98.19
A-KC443320,96.98,97.21,97.08,97.18,97.08,96.88,97.38,97.48,97.48,96.98,96.98,97.18,97.18,97.38,97.28,97.38,97.78,97.78,97.18,97.28,97.28,97.38,97.59,97.69,97.65,97.64,97.32,97.32,97.32,97.18,97.53,97.28,97.38,97.64,97.48,97.48,97.48,97.48,97.48,97.08,96.98,96.98,96.88,96.88,96.98,96.98,96.98,97.03,97.18,97.38,97.42,97.38,97.48,97.48,97.48,97.13,97.38,97.18,97.38,97.28,97.28,97.48,97.48,97.48,97.48,97.43,97.44,97.64,97.64,97.64,97.38,97.38,97.38,97.48,97.03,96.67,96.57,96.88,96.77,96.47,96.78,97.18,97.32,97.38,97.38,97.28,97.38,97.21,97.21,97.98,97.98,98.06,97.28,97.38,97.28,97.64,97.88,97.78,97.98,97.64,97.43,97.28,97.18,97.08,97.28,96.62,97.28,97.28,97.08,97.08,97.08,97.08,97.18,97.18,97.18,97.03,98.49,99.29,98.89,99.29,100.00,100.00,,99.40,99.40,97.48,97.88,97.38,97.38,97.96,97.96,97.96,97.96,97.86,97.98,97.98,97.88,98.03,98.29,98.19
A-KC443452,96.77,97.00,96.88,96.98,96.88,96.67,97.18,97.28,97.28,96.77,96.77,96.98,96.98,97.18,97.08,97.18,97.58,97.58,96.98,97.08,97.08,97.18,97.38,97.48,97.44,97.42,97.11,97.11,97.11,96.98,97.32,97.08,97.18,97.43,97.28,97.28,97.28,97.28,97.28,96.88,96.77,96.77,96.67,96.67,96.77,96.77,96.77,96.82,96.98,97.08,97.21,97.18,97.28,97.28,97.28,96.93,97.18,96.98,97.18,97.08,97.08,97.28,97.28,97.28,97.28,97.21,97.24,97.43,97.43,97.43,97.18,97.18,97.18,97.28,97.03,96.67,96.57,96.88,96.77,96.47,96.78,97.18,97.32,97.38,97.38,97.28,97.38,97.21,97.21,97.98,97.98,98.06,97.28,97.38,97.28,97.64,97.88,97.78,97.98,97.43,97.43,97.28,97.18,97.08,97.28,96.62,97.28,97.28,97.08,97.08,97.08,97.08,97.18,97.18,97.18,96.82,98.49,99.29,98.89,99.09,99.40,99.40,99.40,,100.00,97.68,97.68,97.38,97.38,97.96,97.96,97.96,97.96,97.86,97.98,97.98,97.88,98.03,98.29,98.19
A-KC443197,96.77,97.00,96.88,96.98,96.88,96.67,97.18,97.28,97.28,96.77,96.77,96.98,96.98,97.18,97.08,97.18,97.58,97.58,96.98,97.08,97.08,97.18,97.38,97.48,97.44,97.42,97.11,97.11,97.11,96.98,97.32,97.08,97.18,97.43,97.28,97.28,97.28,97.28,97.28,96.88,96.77,96.77,96.67,96.67,96.77,96.77,96.77,96.82,96.98,97.08,97.21,97.18,97.28,97.28,97.28,96.93,97.18,96.98,97.18,97.08,97.08,97.28,97.28,97.28,97.28,97.21,97.24,97.43,97.43,97.43,97.18,97.18,97.18,97.28,97.03,96.67,96.57,96.88,96.77,96.47,96.78,97.18,97.32,97.38,97.38,97.28,97.38,97.21,97.21,97.98,97.98,98.06,97.28,97.38,97.28,97.64,97.88,97.78,97.98,97.43,97.43,97.28,97.18,97.08,97.28,96.62,97.28,97.28,97.08,97.08,97.08,97.08,97.18,97.18,97.18,96.82,98.49,99.29,98.89,99.09,99.40,99.40,99.40,100.00,,97.68,97.68,97.38,97.38,97.96,97.96,97.96,97.96,97.86,97.98,97.98,97.88,98.03,98.29,98.19
A-MG181664,96.88,97.00,96.98,97.08,96.98,96.57,97.08,97.18,97.18,96.67,96.67,96.88,96.88,97.08,96.98,97.08,97.68,97.68,97.08,97.18,97.18,97.28,97.27,97.38,97.33,97.32,97.11,97.11,97.11,97.08,97.32,97.18,97.28,97.43,97.38,97.38,97.38,97.38,97.38,97.18,97.08,97.08,96.77,96.77,96.88,96.88,96.88,96.72,96.88,96.98,96.99,97.08,97.18,97.18,97.18,97.03,97.48,97.08,97.28,97.18,97.18,97.38,97.38,97.38,97.38,97.21,97.34,97.43,97.43,97.43,97.28,97.28,97.28,97.38,97.33,96.98,96.88,97.18,97.08,96.98,97.21,97.28,97.11,97.28,97.28,97.38,97.28,97.21,97.21,98.08,98.08,98.06,97.58,97.68,97.58,97.64,97.78,98.08,98.08,97.43,97.43,97.78,97.88,97.38,97.58,96.93,97.78,97.78,97.38,97.58,97.38,97.38,97.48,97.48,97.48,96.72,97.78,97.78,97.37,97.18,97.48,97.48,97.48,97.68,97.68,,97.98,97.48,97.48,98.18,98.18,98.18,98.18,98.07,98.28,98.28,97.98,98.34,98.50,98.49
A-HQ657135,97.28,97.43,97.38,97.48,97.38,96.77,97.28,97.38,97.38,96.88,96.88,97.08,97.08,97.28,97.18,97.28,98.08,98.08,97.48,97.58,97.38,97.48,97.48,97.59,97.55,97.53,97.32,97.32,97.32,97.28,97.53,97.38,97.48,97.64,97.58,97.58,97.58,97.58,97.58,97.18,97.28,97.28,96.98,96.98,97.08,97.08,97.08,96.93,97.08,97.18,97.21,97.28,97.38,97.38,97.38,97.43,97.48,97.28,97.48,97.38,97.38,97.58,97.58,97.58,97.58,97.43,97.55,97.64,97.64,97.64,97.48,97.48,97.48,97.58,97.53,97.28,97.18,97.48,97.38,96.98,97.21,97.88,97.53,97.68,97.68,97.58,97.68,97.64,97.64,98.49,98.49,98.49,97.78,97.88,97.78,98.07,98.19,98.29,98.49,97.86,97.86,97.98,97.88,97.58,97.78,97.33,97.98,97.98,97.78,97.78,97.78,97.78,97.88,97.88,97.88,97.13,98.39,97.98,97.58,97.38,97.88,97.88,97.88,97.68,97.68,97.98,,98.08,98.08,98.61,98.61,98.61,98.61,98.50,98.89,98.69,98.39,98.54,98.71,98.69
A-LC169992,97.18,97.21,97.28,97.38,97.28,96.67,97.18,97.28,97.28,96.77,96.77,96.98,96.98,97.18,97.08,97.18,97.98,97.98,97.58,97.68,97.28,97.38,97.48,97.59,97.55,97.53,97.11,97.11,97.11,97.18,97.32,97.28,97.38,97.43,97.48,97.48,97.48,97.48,97.48,97.28,97.18,97.18,97.08,97.08,97.18,97.18,97.18,97.03,97.18,97.28,97.21,97.38,97.48,97.48,97.48,97.13,97.58,97.18,97.38,97.28,97.28,97.48,97.48,97.48,97.48,97.21,97.44,97.43,97.43,97.43,97.38,97.38,97.38,97.48,97.03,96.77,97.08,97.18,97.08,96.77,97.00,97.18,97.11,97.38,97.38,97.28,97.18,97.21,97.21,97.98,97.98,97.96,97.28,97.38,97.28,97.43,97.68,97.78,97.98,97.21,97.21,97.48,97.38,97.28,97.48,97.03,97.48,97.48,97.28,97.28,97.28,97.28,97.38,97.38,97.38,96.82,98.08,97.68,97.27,97.08,97.38,97.38,97.38,97.38,97.38,97.48,98.08,,100.00,99.04,99.04,99.04,99.04,99.14,98.99,98.99,98.49,98.64,98.71,98.79
A-LC169981,97.18,97.21,97.28,97.38,97.28,96.67,97.18,97.28,97.28,96.77,96.77,96.98,96.98,97.18,97.08,97.18,97.98,97.98,97.58,97.68,97.28,97.38,97.48,97.59,97.55,97.53,97.11,97.11,97.11,97.18,97.32,97.28,97.38,97.43,97.48,97.48,97.48,97.48,97.48,97.28,97.18,97.18,97.08,97.08,97.18,97.18,97.18,97.03,97.18,97.28,97.21,97.38,97.48,97.48,97.48,97.13,97.58,97.18,97.38,97.28,97.28,97.48,97.48,97.48,97.48,97.21,97.44,97.43,97.43,97.43,97.38,97.38,97.38,97.48,97.03,96.77,97.08,97.18,97.08,96.77,97.00,97.18,97.11,97.38,97.38,97.28,97.18,97.21,97.21,97.98,97.98,97.96,97.28,97.38,97.28,97.43,97.68,97.78,97.98,97.21,97.21,97.48,97.38,97.28,97.48,97.03,97.48,97.48,97.28,97.28,97.28,97.28,97.38,97.38,97.38,96.82,98.08,97.68,97.27,97.08,97.38,97.38,97.38,97.38,97.38,97.48,98.08,100.00,,99.04,99.04,99.04,99.04,99.14,98.99,98.99,98.49,98.64,98.71,98.79
A-MN479820,97.75,97.96,97.86,97.96,97.86,97.32,97.86,97.96,97.96,97.43,97.43,97.64,97.64,97.86,97.75,97.86,98.61,98.61,97.75,97.86,97.86,97.96,98.01,98.12,98.12,98.12,97.86,97.86,97.86,97.96,98.07,97.96,98.07,98.18,98.18,98.18,98.18,98.18,98.18,97.64,97.53,97.53,97.21,97.21,97.32,97.32,97.32,97.37,97.64,97.64,97.74,97.75,97.86,97.86,97.86,97.91,97.96,97.75,98.07,97.96,97.86,98.07,98.07,98.07,98.07,97.96,98.07,98.18,98.18,98.18,97.96,97.96,97.96,98.07,97.59,97.21,97.32,97.43,97.32,97.43,97.75,97.86,97.64,97.75,97.75,97.64,97.86,97.75,97.75,98.61,98.61,98.71,97.86,97.96,97.86,98.18,98.29,98.39,98.61,97.96,97.96,98.18,98.07,97.86,97.96,97.59,98.18,98.18,97.96,98.07,97.96,97.96,98.07,98.07,98.07,97.37,98.39,98.29,97.75,97.64,97.96,97.96,97.96,97.96,97.96,98.18,98.61,99.04,99.04,,100.00,100.00,100.00,99.89,99.79,99.68,98.93,99.09,99.25,99.25
A-MN479808,97.75,97.96,97.86,97.96,97.86,97.32,97.86,97.96,97.96,97.43,97.43,97.64,97.64,97.86,97.75,97.86,98.61,98.61,97.75,97.86,97.86,97.96,98.01,98.12,98.12,98.12,97.86,97.86,97.86,97.96,98.07,97.96,98.07,98.18,98.18,98.18,98.18,98.18,98.18,97.64,97.53,97.53,97.21,97.21,97.32,97.32,97.32,97.37,97.64,97.64,97.74,97.75,97.86,97.86,97.86,97.91,97.96,97.75,98.07,97.96,97.86,98.07,98.07,98.07,98.07,97.96,98.07,98.18,98.18,98.18,97.96,97.96,97.96,98.07,97.59,97.21,97.32,97.43,97.32,97.43,97.75,97.86,97.64,97.75,97.75,97.64,97.86,97.75,97.75,98.61,98.61,98.71,97.86,97.96,97.86,98.18,98.29,98.39,98.61,97.96,97.96,98.18,98.07,97.86,97.96,97.59,98.18,98.18,97.96,98.07,97.96,97.96,98.07,98.07,98.07,97.37,98.39,98.29,97.75,97.64,97.96,97.96,97.96,97.96,97.96,98.18,98.61,99.04,99.04,100.00,,100.00,100.00,99.89,99.79,99.68,98.93,99.09,99.25,99.25
A-MN479807,97.75,97.96,97.86,97.96,97.86,97.32,97.86,97.96,97.96,97.43,97.43,97.64,97.64,97.86,97.75,97.86,98.61,98.61,97.75,97.86,97.86,97.96,98.01,98.12,98.12,98.12,97.86,97.86,97.86,97.96,98.07,97.96,98.07,98.18,98.18,98.18,98.18,98.18,98.18,97.64,97.53,97.53,97.21,97.21,97.32,97.32,97.32,97.37,97.64,97.64,97.74,97.75,97.86,97.86,97.86,97.91,97.96,97.75,98.07,97.96,97.86,98.07,98.07,98.07,98.07,97.96,98.07,98.18,98.18,98.18,97.96,97.96,97.96,98.07,97.59,97.21,97.32,97.43,97.32,97.43,97.75,97.86,97.64,97.75,97.75,97.64,97.86,97.75,97.75,98.61,98.61,98.71,97.86,97.96,97.86,98.18,98.29,98.39,98.61,97.96,97.96,98.18,98.07,97.86,97.96,97.59,98.18,98.18,97.96,98.07,97.96,97.96,98.07,98.07,98.07,97.37,98.39,98.29,97.75,97.64,97.96,97.96,97.96,97.96,97.96,98.18,98.61,99.04,99.04,100.00,100.00,,100.00,99.89,99.79,99.68,98.93,99.09,99.25,99.25
A-MN479761,97.75,97.96,97.86,97.96,97.86,97.32,97.86,97.96,97.96,97.43,97.43,97.64,97.64,97.86,97.75,97.86,98.61,98.61,97.75,97.86,97.86,97.96,98.01,98.12,98.12,98.12,97.86,97.86,97.86,97.96,98.07,97.96,98.07,98.18,98.18,98.18,98.18,98.18,98.18,97.64,97.53,97.53,97.21,97.21,97.32,97.32,97.32,97.37,97.64,97.64,97.74,97.75,97.86,97.86,97.86,97.91,97.96,97.75,98.07,97.96,97.86,98.07,98.07,98.07,98.07,97.96,98.07,98.18,98.18,98.18,97.96,97.96,97.96,98.07,97.59,97.21,97.32,97.43,97.32,97.43,97.75,97.86,97.64,97.75,97.75,97.64,97.86,97.75,97.75,98.61,98.61,98.71,97.86,97.96,97.86,98.18,98.29,98.39,98.61,97.96,97.96,98.18,98.07,97.86,97.96,97.59,98.18,98.18,97.96,98.07,97.96,97.96,98.07,98.07,98.07,97.37,98.39,98.29,97.75,97.64,97.96,97.96,97.96,97.96,97.96,98.18,98.61,99.04,99.04,100.00,100.00,100.00,,99.89,99.79,99.68,98.93,99.09,99.25,99.25
A-MN479816,97.64,97.86,97.75,97.86,97.75,97.21,97.75,97.86,97.86,97.32,97.32,97.53,97.53,97.75,97.64,97.75,98.50,98.50,97.64,97.75,97.75,97.86,97.90,98.01,98.01,98.01,97.75,97.75,97.75,97.86,97.96,97.86,97.96,98.07,98.07,98.07,98.07,98.07,98.07,97.53,97.43,97.43,97.32,97.32,97.43,97.43,97.43,97.48,97.75,97.75,97.85,97.86,97.96,97.96,97.96,97.80,97.86,97.64,97.96,97.86,97.75,97.96,97.96,97.96,97.96,97.86,97.96,98.07,98.07,98.07,97.86,97.86,97.86,97.96,97.48,97.11,97.21,97.32,97.21,97.32,97.64,97.75,97.53,97.64,97.64,97.53,97.75,97.64,97.64,98.50,98.50,98.60,97.75,97.86,97.75,98.07,98.18,98.29,98.50,97.86,97.86,98.07,97.96,97.75,97.86,97.70,98.07,98.07,97.86,97.96,97.86,97.86,97.96,97.96,97.96,97.27,98.29,98.18,97.64,97.53,97.86,97.86,97.86,97.86,97.86,98.07,98.50,99.14,99.14,99.89,99.89,99.89,99.89,,99.68,99.57,98.82,98.98,99.14,99.14
A-KJ721761,97.98,98.18,98.08,98.18,98.08,97.47,97.98,98.08,98.08,97.58,97.58,97.78,97.78,97.98,97.88,97.98,98.79,98.79,97.98,98.08,98.08,98.18,98.22,98.32,98.29,98.28,98.07,98.07,98.07,97.98,98.29,98.08,98.18,98.39,98.28,98.28,98.28,98.28,98.28,97.88,97.78,97.78,97.47,97.47,97.58,97.58,97.58,97.63,97.78,97.88,97.96,97.98,98.08,98.08,98.08,98.13,98.18,97.98,98.18,98.08,98.08,98.28,98.28,98.28,98.28,98.18,98.26,98.39,98.39,98.39,98.18,98.18,98.18,98.28,97.83,97.47,97.58,97.68,97.58,97.37,97.75,97.98,97.86,97.98,97.98,97.88,97.98,97.96,97.96,98.79,98.79,98.92,98.08,98.18,98.08,98.39,98.48,98.59,98.79,98.18,98.18,98.28,98.18,97.88,98.08,97.63,98.28,98.28,98.08,98.08,98.08,98.08,98.18,98.18,98.18,97.63,98.48,98.28,97.88,97.68,97.98,97.98,97.98,97.98,97.98,98.28,98.89,98.99,98.99,99.79,99.79,99.79,99.79,99.68,,99.80,99.09,99.24,99.46,99.39
A-KJ721757,98.18,98.29,98.28,98.38,98.28,97.68,98.18,98.28,98.28,97.78,97.78,97.98,97.98,98.18,98.08,98.18,98.79,98.79,98.18,98.28,98.28,98.38,98.43,98.53,98.51,98.50,98.18,98.18,98.18,98.18,98.39,98.28,98.38,98.50,98.48,98.48,98.48,98.48,98.48,98.08,97.98,97.98,97.68,97.68,97.78,97.78,97.78,97.83,97.98,98.08,98.07,98.18,98.28,98.28,98.28,98.13,98.38,98.18,98.38,98.28,98.28,98.48,98.48,98.48,98.48,98.29,98.47,98.50,98.50,98.50,98.38,98.38,98.38,98.48,97.83,97.47,97.58,97.68,97.58,97.37,97.64,97.98,97.75,97.98,97.98,97.88,97.98,97.86,97.86,98.79,98.79,98.82,98.08,98.18,98.08,98.29,98.48,98.59,98.79,98.29,98.29,98.48,98.38,98.08,98.28,97.83,98.48,98.48,98.28,98.28,98.28,98.28,98.38,98.38,98.38,97.83,98.48,98.28,97.88,97.68,97.98,97.98,97.98,97.98,97.98,98.28,98.69,98.99,98.99,99.68,99.68,99.68,99.68,99.57,99.80,,99.09,99.24,99.36,99.39
A-KC834690,97.88,97.96,97.98,98.08,97.98,97.38,97.88,97.98,97.98,97.48,97.48,97.68,97.68,97.88,97.78,97.88,98.69,98.69,97.88,97.98,97.98,98.08,98.22,98.32,98.29,98.28,97.64,97.64,97.64,97.68,97.86,97.78,97.88,97.96,97.98,97.98,97.98,97.98,97.98,97.78,97.68,97.68,97.38,97.38,97.48,97.48,97.48,97.53,97.68,97.78,97.74,97.88,97.98,97.98,97.98,97.83,98.08,97.68,98.08,97.98,97.98,97.98,97.98,97.98,97.98,97.96,98.16,98.18,98.18,98.18,98.08,98.08,98.08,98.19,97.53,97.38,97.48,97.58,97.48,97.18,97.42,97.68,97.64,97.88,97.88,97.78,97.88,97.75,97.75,98.49,98.49,98.71,97.98,98.08,97.98,98.18,98.39,98.49,98.69,97.96,97.96,98.19,98.08,97.78,97.98,97.53,98.19,98.19,97.98,97.98,97.98,97.98,98.08,98.08,98.08,97.53,98.39,98.18,97.78,97.58,97.88,97.88,97.88,97.88,97.88,97.98,98.39,98.49,98.49,98.93,98.93,98.93,98.93,98.82,99.09,99.09,,99.34,99.46,99.50
A-PX211768,97.83,97.91,97.93,98.03,97.93,97.33,97.83,97.93,97.93,97.43,97.43,97.63,97.63,97.83,97.73,97.83,98.64,98.64,97.83,97.93,97.93,98.03,98.16,98.27,98.24,98.23,97.80,97.80,97.80,97.83,98.02,97.93,98.03,98.12,98.14,98.14,98.14,98.14,98.14,97.73,97.63,97.63,97.33,97.33,97.43,97.43,97.43,97.53,97.63,97.73,97.69,97.83,97.93,97.93,97.93,97.83,98.03,97.83,98.03,97.93,97.93,98.14,98.14,98.14,98.14,97.91,98.11,98.13,98.13,98.12,98.03,98.03,98.03,98.14,97.93,97.53,97.63,97.73,97.63,97.13,97.37,97.83,97.59,97.83,97.83,97.73,97.83,97.70,97.70,98.64,98.64,98.66,97.93,98.03,97.93,98.12,98.34,98.44,98.64,97.91,97.91,98.14,98.03,97.73,97.93,97.53,98.14,98.14,97.93,97.93,97.93,97.93,98.03,98.03,98.03,97.53,98.54,98.33,97.93,97.73,98.03,98.03,98.03,98.03,98.03,98.34,98.54,98.64,98.64,99.09,99.09,99.09,99.09,98.98,99.24,99.24,99.34,,99.84,99.85
A-KJ918994,97.86,98.07,97.96,98.07,97.96,97.43,97.96,98.07,98.07,97.53,97.53,97.75,97.75,97.96,97.86,97.96,98.71,98.71,97.86,97.96,97.96,98.07,98.23,98.34,98.34,98.34,97.96,97.96,97.96,98.07,98.18,98.07,98.18,98.29,98.29,98.29,98.29,98.29,98.29,97.75,97.64,97.64,97.32,97.32,97.43,97.43,97.43,97.48,97.75,97.75,97.85,97.86,97.96,97.96,97.96,98.02,98.07,97.86,98.18,98.07,97.96,98.18,98.18,98.18,98.18,98.07,98.18,98.29,98.29,98.29,98.07,98.07,98.07,98.18,97.70,97.32,97.43,97.53,97.43,97.21,97.53,97.96,97.75,97.86,97.86,97.75,97.96,97.86,97.86,98.71,98.71,98.82,97.96,98.07,97.96,98.29,98.39,98.50,98.71,98.07,98.07,98.29,98.18,97.96,98.07,97.70,98.29,98.29,98.07,98.18,98.07,98.07,98.18,98.18,98.18,97.48,98.71,98.61,98.07,97.96,98.29,98.29,98.29,98.29,98.29,98.50,98.71,98.71,98.71,99.25,99.25,99.25,99.25,99.14,99.46,99.36,99.46,99.84,,100.00
A-KC443353,97.98,98.07,98.08,98.19,98.08,97.48,97.98,98.08,98.08,97.58,97.58,97.78,97.78,97.98,97.88,97.98,98.79,98.79,97.98,98.08,98.08,98.19,98.32,98.43,98.40,98.39,97.96,97.96,97.96,97.98,98.18,98.08,98.19,98.29,98.29,98.29,98.29,98.29,98.29,97.88,97.78,97.78,97.48,97.48,97.58,97.58,97.58,97.63,97.78,97.88,97.85,97.98,98.08,98.08,98.08,97.93,98.19,97.98,98.19,98.08,98.08,98.29,98.29,98.29,98.29,98.07,98.26,98.29,98.29,98.29,98.19,98.19,98.19,98.29,97.83,97.48,97.58,97.68,97.58,97.28,97.53,97.98,97.75,97.98,97.98,97.88,97.98,97.86,97.86,98.79,98.79,98.82,98.08,98.19,98.08,98.29,98.49,98.59,98.79,98.07,98.07,98.29,98.19,97.88,98.08,97.63,98.29,98.29,98.08,98.08,98.08,98.08,98.19,98.19,98.19,97.63,98.69,98.48,98.08,97.88,98.19,98.19,98.19,98.19,98.19,98.49,98.69,98.79,98.79,99.25,99.25,99.25,99.25,99.14,99.39,99.39,99.50,99.85,100.00,
