,B-LC386074,B-MT732496,B-MT410493,B-MT723915,B-LC169971,B-LC169960,B-LC169949,B-KF716428,B-KF716425,B-PX212177,B-LC514501,B-LC514512,B-PP862071,B-PP862125,B-OP850417,B-LC514523,B-LC086800,B-LC086789,B-LC086745,B-PX212192,B-LC086811,B-KJ919165,B-LC169993,B-LC169982,B-KC442972,B-LC105586,B-MH182464,B-KC442961,B-KU248414,B-KU248403,B-KC443453,B-KC443198,B-KC178750,B-PP862069,B-OP850416,B-PP862059,B-KC443761,B-KC443629,B-KC443321,B-KC178745,B-LC066670,B-LC066659,B-LC066648,B-MG573370,B-MG573369,B-AB848013,B-LC751938,B-LC751908,B-KY616894,B-AB975925,B-AB975954,B-AB975953,B-AB975923,B-OP850423,B-OP850418,B-OP850422,B-OP850421,B-OP850420,B-PX212113,B-LC514479,B-MZ546121,B-LC514490,B-MH704739,B-MF997044,B-LC228335,B-LC228324,B-LC541991,B-KU870416,B-KU870394,B-KU550318,B-KU550316,B-MH520744,B-LC260316,B-LC228313,B-MH704738,B-PX212115,B-MH520742,B-LC325469,B-KX880423,B-KU550320,B-KU550319,B-KU550317,A-KU199279,A-KC443365,A-KC443220,A-KF716431,A-KJ721745,A-MN479978,A-MN479974,A-MN479966,A-MN479965,A-MN479919,A-KJ721749,A-KC834668,A-PX212212,A-KJ919099,A-KC443354,A-HQ657136,A-KC443005,A-KU356583,A-HQ641362,A-KJ721741,A-KC443343,A-KR705199,B-MN480055,B-MW715615,B-MG701196,B-MG701193,A-KJ752159,A-LC260312,A-LC260310,A-KX880434,A-LC086734,A-LC086723,A-KJ639032,A-KJ639021,A-MG701199,A-MG701191,A-MG701195,A-LC469575,A-KU059797,A-KU059786,A-KU059775,A-MG701198,A-MG701182,A-LC105575,A-PX212175,A-LC569412,A-LC228346,A-LC477630,A-LC228379,A-LC228357,A-LC569457,A-LC569440,A-KJ721750,A-OP717989,A-OP717986,A-MG181665,A-MG181896,A-MG181775
B-LC386074,,100.00,99.05,99.43,99.62,99.62,99.62,93.94,93.56,94.32,94.52,94.52,94.33,94.33,94.52,94.52,94.33,94.33,94.33,94.13,94.33,94.32,93.38,93.38,94.52,93.76,93.38,94.33,94.71,94.71,93.95,93.95,93.95,94.33,94.33,94.33,94.33,94.33,94.33,94.52,94.52,94.52,94.52,94.52,94.52,94.14,93.95,93.95,93.94,93.95,94.14,94.14,94.14,93.76,93.76,93.95,93.95,93.95,93.47,93.76,94.13,93.95,94.14,93.94,93.76,93.57,93.95,94.33,94.33,94.14,93.95,94.14,93.95,94.14,94.33,94.22,94.52,94.33,94.52,94.52,94.52,94.52,85.44,89.04,89.22,88.83,88.47,88.45,88.45,88.45,88.45,88.45,88.47,90.36,90.25,90.15,90.36,89.04,88.85,89.22,89.22,89.04,89.04,89.02,92.80,91.68,92.05,92.05,87.90,86.96,86.96,86.96,87.15,87.15,87.15,87.15,87.50,87.50,87.12,87.33,87.33,87.33,87.33,87.31,87.31,90.55,90.63,90.17,90.17,90.17,90.17,89.98,90.17,90.17,90.74,90.55,90.55,90.74,90.74,90.55
B-MT732496,100.00,,99.05,99.43,99.62,99.62,99.62,93.94,93.56,94.32,94.52,94.52,94.33,94.33,94.52,94.52,94.33,94.33,94.33,94.13,94.33,94.32,93.38,93.38,94.52,93.76,93.38,94.33,94.71,94.71,93.95,93.95,93.95,94.33,94.33,94.33,94.33,94.33,94.33,94.52,94.52,94.52,94.52,94.52,94.52,94.14,93.95,93.95,93.94,93.95,94.14,94.14,94.14,93.76,93.76,93.95,93.95,93.95,93.47,93.76,94.13,93.95,94.14,93.94,93.76,93.57,93.95,94.33,94.33,94.14,93.95,94.14,93.95,94.14,94.33,94.22,94.52,94.33,94.52,94.52,94.52,94.52,85.44,89.04,89.22,88.83,88.47,88.45,88.45,88.45,88.45,88.45,88.47,90.36,90.25,90.15,90.36,89.04,88.85,89.22,89.22,89.04,89.04,89.02,92.80,91.68,92.05,92.05,87.90,86.96,86.96,86.96,87.15,87.15,87.15,87.15,87.50,87.50,87.12,87.33,87.33,87.33,87.33,87.31,87.31,90.55,90.63,90.17,90.17,90.17,90.17,89.98,90.17,90.17,90.74,90.55,90.55,90.74,90.74,90.55
B-MT410493,99.05,99.05,,99.62,99.24,99.24,99.24,93.37,92.99,93.75,93.95,93.95,93.76,93.76,93.95,93.95,93.76,93.76,93.76,93.56,93.76,93.75,92.82,92.82,93.95,93.19,92.82,93.76,94.14,94.14,93.01,93.01,93.38,93.76,93.76,93.76,93.76,93.76,93.76,93.95,93.57,93.57,93.57,93.57,93.57,93.19,93.01,93.01,92.99,93.01,93.19,93.19,93.19,92.82,92.82,93.01,93.01,93.01,92.52,92.82,93.18,93.01,93.19,92.99,92.82,92.63,93.01,93.38,93.38,93.19,93.01,93.19,93.01,93.19,93.38,93.28,93.57,93.38,93.57,93.57,93.57,93.57,84.69,88.85,89.04,88.64,88.28,88.26,88.26,88.26,88.26,88.26,88.28,90.17,90.06,89.96,90.17,88.85,88.66,89.04,89.04,88.85,88.85,89.02,92.23,91.12,91.48,91.48,87.71,86.01,86.01,86.01,86.20,86.20,86.20,86.20,86.55,86.55,86.17,86.39,86.39,86.39,86.39,86.36,86.36,89.98,89.87,89.41,89.41,89.41,89.41,89.22,89.41,89.41,89.98,89.79,89.79,89.98,89.98,89.79
B-MT723915,99.43,99.43,99.62,,99.62,99.62,99.62,93.75,93.37,94.13,94.33,94.33,94.14,94.14,94.33,94.33,94.14,94.14,94.14,93.94,94.14,94.13,93.19,93.19,94.33,93.57,93.19,94.14,94.52,94.52,93.38,93.38,93.76,94.14,94.14,94.14,94.14,94.14,94.14,94.33,93.95,93.95,93.95,93.95,93.95,93.57,93.38,93.38,93.37,93.38,93.57,93.57,93.57,93.19,93.19,93.38,93.38,93.38,92.90,93.19,93.56,93.38,93.57,93.37,93.19,93.01,93.38,93.76,93.76,93.57,93.38,93.57,93.38,93.57,93.76,93.66,93.95,93.76,93.95,93.95,93.95,93.95,85.07,88.85,89.04,88.64,88.28,88.26,88.26,88.26,88.26,88.26,88.28,90.17,90.06,89.96,90.17,88.85,88.66,89.04,89.04,88.85,88.85,89.02,92.61,91.49,91.86,91.86,88.09,86.39,86.39,86.39,86.58,86.58,86.58,86.58,86.93,86.93,86.55,86.77,86.77,86.77,86.77,86.74,86.74,90.36,90.25,89.79,89.79,89.79,89.79,89.60,89.79,89.79,90.36,90.17,90.17,90.36,90.36,90.17
B-LC169971,99.62,99.62,99.24,99.62,,100.00,100.00,93.94,93.56,94.32,94.52,94.52,94.33,94.33,94.52,94.52,94.33,94.33,94.33,94.13,94.33,94.32,93.38,93.38,94.52,93.76,93.38,94.33,94.71,94.71,93.57,93.57,93.95,94.33,94.33,94.33,94.33,94.33,94.33,94.52,94.14,94.14,94.14,94.14,94.14,93.76,93.57,93.57,93.56,93.57,93.76,93.76,93.76,93.38,93.38,93.57,93.57,93.57,93.09,93.38,93.75,93.57,93.76,93.56,93.38,93.19,93.57,93.95,93.95,93.76,93.57,93.76,93.57,93.76,93.95,93.84,94.14,93.95,94.14,94.14,94.14,94.14,85.26,89.04,89.22,88.83,88.47,88.45,88.45,88.45,88.45,88.45,88.47,90.36,90.25,90.15,90.36,89.04,88.85,89.22,89.22,89.04,89.04,89.02,92.80,91.68,92.05,92.05,88.09,86.58,86.58,86.58,86.77,86.77,86.77,86.77,87.12,87.12,86.74,86.96,86.96,86.96,86.96,86.93,86.93,90.36,90.44,89.98,89.98,89.98,89.98,89.79,89.98,89.98,90.55,90.36,90.36,90.55,90.55,90.36
B-LC169960,99.62,99.62,99.24,99.62,100.00,,100.00,93.94,93.56,94.32,94.52,94.52,94.33,94.33,94.52,94.52,94.33,94.33,94.33,94.13,94.33,94.32,93.38,93.38,94.52,93.76,93.38,94.33,94.71,94.71,93.57,93.57,93.95,94.33,94.33,94.33,94.33,94.33,94.33,94.52,94.14,94.14,94.14,94.14,94.14,93.76,93.57,93.57,93.56,93.57,93.76,93.76,93.76,93.38,93.38,93.57,93.57,93.57,93.09,93.38,93.75,93.57,93.76,93.56,93.38,93.19,93.57,93.95,93.95,93.76,93.57,93.76,93.57,93.76,93.95,93.84,94.14,93.95,94.14,94.14,94.14,94.14,85.26,89.04,89.22,88.83,88.47,88.45,88.45,88.45,88.45,88.45,88.47,90.36,90.25,90.15,90.36,89.04,88.85,89.22,89.22,89.04,89.04,89.02,92.80,91.68,92.05,92.05,88.09,86.58,86.58,86.58,86.77,86.77,86.77,86.77,87.12,87.12,86.74,86.96,86.96,86.96,86.96,86.93,86.93,90.36,90.44,89.98,89.98,89.98,89.98,89.79,89.98,89.98,90.55,90.36,90.36,90.55,90.55,90.36
B-LC169949,99.62,99.62,99.24,99.62,100.00,100.00,,93.94,93.56,94.32,94.52,94.52,94.33,94.33,94.52,94.52,94.33,94.33,94.33,94.13,94.33,94.32,93.38,93.38,94.52,93.76,93.38,94.33,94.71,94.71,93.57,93.57,93.95,94.33,94.33,94.33,94.33,94.33,94.33,94.52,94.14,94.14,94.14,94.14,94.14,93.76,93.57,93.57,93.56,93.57,93.76,93.76,93.76,93.38,93.38,93.57,93.57,93.57,93.09,93.38,93.75,93.57,93.76,93.56,93.38,93.19,93.57,93.95,93.95,93.76,93.57,93.76,93.57,93.76,93.95,93.84,94.14,93.95,94.14,94.14,94.14,94.14,85.26,89.04,89.22,88.83,88.47,88.45,88.45,88.45,88.45,88.45,88.47,90.36,90.25,90.15,90.36,89.04,88.85,89.22,89.22,89.04,89.04,89.02,92.80,91.68,92.05,92.05,88.09,86.58,86.58,86.58,86.77,86.77,86.77,86.77,87.12,87.12,86.74,86.96,86.96,86.96,86.96,86.93,86.93,90.36,90.44,89.98,89.98,89.98,89.98,89.79,89.98,89.98,90.55,90.36,90.36,90.55,90.55,90.36
B-KF716428,93.94,93.94,93.37,93.75,93.94,93.94,93.94,,99.62,97.73,97.92,97.92,97.73,97.73,97.92,97.92,97.35,97.35,97.35,97.16,97.35,97.35,97.35,97.35,98.30,97.54,97.54,98.11,98.48,98.48,97.35,97.35,97.73,98.11,98.11,98.11,98.11,98.11,98.11,98.30,97.54,97.54,97.54,97.54,97.54,97.16,96.97,96.97,96.97,96.97,97.16,97.16,97.16,96.78,96.78,96.97,96.97,96.97,96.88,97.16,97.54,97.35,97.54,97.35,97.16,96.97,97.16,97.35,97.35,97.54,97.35,97.54,97.35,97.35,97.54,97.63,97.92,97.73,97.92,97.92,97.92,97.92,84.85,88.07,88.26,88.07,87.88,87.88,87.88,87.88,87.88,87.88,87.88,89.20,89.11,89.02,89.20,88.26,88.07,88.45,88.45,88.26,88.64,88.31,92.80,92.61,92.61,92.61,86.93,87.88,88.07,88.07,87.88,87.88,87.88,87.88,87.88,87.88,87.88,88.07,88.07,88.07,88.07,88.07,88.07,88.45,89.49,89.39,89.39,89.39,89.39,89.20,89.39,89.39,89.96,89.77,89.77,89.96,89.96,89.77
B-KF716425,93.56,93.56,92.99,93.37,93.56,93.56,93.56,99.62,,97.73,97.92,97.92,97.73,97.73,97.92,97.92,97.35,97.35,97.35,97.16,97.35,97.35,97.35,97.35,98.67,97.54,97.16,98.11,98.11,98.11,97.35,97.35,97.73,98.11,98.11,98.11,98.11,98.11,98.11,98.30,97.92,97.92,97.92,97.92,97.92,97.54,97.35,97.35,97.35,97.35,97.54,97.54,97.54,96.40,96.40,96.59,96.59,96.59,96.50,96.78,97.16,96.97,97.16,96.97,96.78,96.59,96.78,96.97,96.97,97.16,96.97,97.16,96.97,96.97,97.16,97.25,97.54,97.35,97.54,97.54,97.54,97.54,84.47,87.69,87.88,87.69,87.50,87.50,87.50,87.50,87.50,87.50,87.50,88.83,88.73,88.64,88.83,87.88,87.69,88.07,88.07,87.88,88.26,88.07,92.42,92.23,92.23,92.23,86.55,87.50,87.69,87.69,87.50,87.50,87.50,87.50,87.50,87.50,87.50,87.69,87.69,87.69,87.69,87.69,87.69,88.07,89.11,89.02,89.02,89.02,89.02,88.83,89.02,89.02,89.58,89.39,89.39,89.58,89.58,89.39
B-PX212177,94.32,94.32,93.75,94.13,94.32,94.32,94.32,97.73,97.73,,99.81,99.81,99.62,99.62,99.81,99.81,99.24,99.24,99.24,99.05,99.24,99.24,96.97,96.97,97.54,98.30,97.54,98.48,98.48,98.48,98.11,98.11,98.48,98.48,98.48,98.48,98.48,98.48,98.48,98.67,97.92,97.92,97.92,97.92,97.92,97.54,97.35,97.35,97.35,97.35,97.54,97.54,97.54,97.16,97.16,97.35,97.35,97.35,97.25,97.54,97.92,97.73,97.54,97.35,97.16,96.97,97.16,97.35,97.35,97.54,97.35,97.16,97.35,97.35,97.54,97.63,97.92,97.73,97.92,97.92,97.92,97.92,85.98,89.58,89.77,89.58,89.39,89.39,89.39,89.39,89.39,89.39,89.39,90.34,90.25,90.15,90.34,89.77,89.20,89.58,89.58,89.39,89.77,89.74,92.99,91.67,92.05,92.05,87.69,87.69,87.69,87.69,87.88,87.88,87.88,87.88,88.26,88.26,87.88,88.07,88.07,88.07,88.07,88.07,88.07,88.07,89.49,89.39,89.39,89.39,89.39,89.20,89.39,89.39,89.96,89.77,89.77,89.96,89.96,89.77
B-LC514501,94.52,94.52,93.95,94.33,94.52,94.52,94.52,97.92,97.92,99.81,,100.00,99.81,99.81,100.00,100.00,99.43,99.43,99.43,99.24,99.43,99.43,97.16,97.16,97.73,98.49,97.35,98.68,98.68,98.68,98.30,98.30,98.68,98.68,98.68,98.68,98.68,98.68,98.68,98.87,98.11,98.11,98.11,98.11,98.11,97.73,97.54,97.54,97.54,97.54,97.73,97.73,97.73,96.98,96.98,97.16,97.16,97.16,97.06,97.35,97.73,97.54,97.73,97.54,97.35,97.16,97.35,97.54,97.54,97.73,97.54,97.35,97.54,97.54,97.73,97.82,98.11,97.92,98.11,98.11,98.11,98.11,85.82,89.41,89.60,89.39,89.22,89.20,89.20,89.20,89.20,89.20,89.22,90.17,90.06,89.96,90.17,89.60,89.41,89.79,89.79,89.60,89.98,89.98,93.18,91.87,92.23,92.23,87.90,87.90,87.90,87.90,88.09,88.09,88.09,88.09,88.45,88.45,88.07,88.28,88.28,88.28,88.28,88.26,88.26,88.28,89.68,89.60,89.60,89.60,89.60,89.41,89.60,89.60,90.17,89.98,89.98,90.17,90.17,89.98
B-LC514512,94.52,94.52,93.95,94.33,94.52,94.52,94.52,97.92,97.92,99.81,100.00,,99.81,99.81,100.00,100.00,99.43,99.43,99.43,99.24,99.43,99.43,97.16,97.16,97.73,98.49,97.35,98.68,98.68,98.68,98.30,98.30,98.68,98.68,98.68,98.68,98.68,98.68,98.68,98.87,98.11,98.11,98.11,98.11,98.11,97.73,97.54,97.54,97.54,97.54,97.73,97.73,97.73,96.98,96.98,97.16,97.16,97.16,97.06,97.35,97.73,97.54,97.73,97.54,97.35,97.16,97.35,97.54,97.54,97.73,97.54,97.35,97.54,97.54,97.73,97.82,98.11,97.92,98.11,98.11,98.11,98.11,85.82,89.41,89.60,89.39,89.22,89.20,89.20,89.20,89.20,89.20,89.22,90.17,90.06,89.96,90.17,89.60,89.41,89.79,89.79,89.60,89.98,89.98,93.18,91.87,92.23,92.23,87.90,87.90,87.90,87.90,88.09,88.09,88.09,88.09,88.45,88.45,88.07,88.28,88.28,88.28,88.28,88.26,88.26,88.28,89.68,89.60,89.60,89.60,89.60,89.41,89.60,89.60,90.17,89.98,89.98,90.17,90.17,89.98
B-PP862071,94.33,94.33,93.76,94.14,94.33,94.33,94.33,97.73,97.73,99.62,99.81,99.81,,99.62,99.81,99.81,99.24,99.24,99.24,99.05,99.24,99.24,96.98,96.98,97.54,98.30,97.16,98.49,98.49,98.49,98.11,98.11,98.49,98.49,98.49,98.49,98.49,98.49,98.49,98.68,97.92,97.92,97.92,97.92,97.92,97.54,97.35,97.35,97.35,97.35,97.54,97.54,97.54,96.79,96.79,96.98,96.98,96.98,96.88,97.16,97.54,97.35,97.54,97.35,97.16,96.98,97.16,97.35,97.35,97.54,97.35,97.16,97.35,97.35,97.54,97.63,97.92,97.73,97.92,97.92,97.92,97.92,85.63,89.22,89.41,89.20,89.04,89.02,89.02,89.02,89.02,89.02,89.04,89.98,89.87,89.77,89.98,89.41,89.60,89.60,89.60,89.41,89.79,89.74,92.99,91.68,92.05,92.05,87.71,87.71,87.71,87.71,87.90,87.90,87.90,87.90,88.26,88.26,87.88,88.09,88.09,88.09,88.09,88.07,88.07,88.09,89.49,89.41,89.41,89.41,89.41,89.22,89.41,89.41,89.98,89.79,89.79,89.98,89.98,89.79
B-PP862125,94.33,94.33,93.76,94.14,94.33,94.33,94.33,97.73,97.73,99.62,99.81,99.81,99.62,,99.81,99.81,99.24,99.24,99.24,99.05,99.24,99.24,96.98,96.98,97.54,98.30,97.16,98.49,98.49,98.49,98.11,98.11,98.87,98.49,98.49,98.49,98.49,98.49,98.49,98.68,97.92,97.92,97.92,97.92,97.92,97.54,97.35,97.35,97.35,97.35,97.54,97.54,97.54,96.79,96.79,96.98,96.98,96.98,96.88,97.16,97.54,97.35,97.54,97.35,97.16,96.98,97.16,97.35,97.35,97.54,97.35,97.16,97.35,97.35,97.54,97.63,97.92,97.73,97.92,97.92,97.92,97.92,85.63,89.60,89.79,89.58,89.41,89.39,89.39,89.39,89.39,89.39,89.41,90.36,90.25,90.15,90.36,89.79,89.60,89.98,89.98,89.79,90.17,90.21,92.99,92.06,92.05,92.05,87.71,87.71,87.71,87.71,87.90,87.90,87.90,87.90,88.26,88.26,87.88,88.09,88.09,88.09,88.09,88.07,88.07,88.09,89.49,89.41,89.41,89.41,89.41,89.22,89.41,89.41,89.98,89.79,89.79,89.98,89.98,89.79
B-OP850417,94.52,94.52,93.95,94.33,94.52,94.52,94.52,97.92,97.92,99.81,100.00,100.00,99.81,99.81,,100.00,99.43,99.43,99.43,99.24,99.43,99.43,97.16,97.16,97.73,98.49,97.35,98.68,98.68,98.68,98.30,98.30,98.68,98.68,98.68,98.68,98.68,98.68,98.68,98.87,98.11,98.11,98.11,98.11,98.11,97.73,97.54,97.54,97.54,97.54,97.73,97.73,97.73,96.98,96.98,97.16,97.16,97.16,97.06,97.35,97.73,97.54,97.73,97.54,97.35,97.16,97.35,97.54,97.54,97.73,97.54,97.35,97.54,97.54,97.73,97.82,98.11,97.92,98.11,98.11,98.11,98.11,85.82,89.41,89.60,89.39,89.22,89.20,89.20,89.20,89.20,89.20,89.22,90.17,90.06,89.96,90.17,89.60,89.41,89.79,89.79,89.60,89.98,89.98,93.18,91.87,92.23,92.23,87.90,87.90,87.90,87.90,88.09,88.09,88.09,88.09,88.45,88.45,88.07,88.28,88.28,88.28,88.28,88.26,88.26,88.28,89.68,89.60,89.60,89.60,89.60,89.41,89.60,89.60,90.17,89.98,89.98,90.17,90.17,89.98
B-LC514523,94.52,94.52,93.95,94.33,94.52,94.52,94.52,97.92,97.92,99.81,100.00,100.00,99.81,99.81,100.00,,99.43,99.43,99.43,99.24,99.43,99.43,97.16,97.16,97.73,98.49,97.35,98.68,98.68,98.68,98.30,98.30,98.68,98.68,98.68,98.68,98.68,98.68,98.68,98.87,98.11,98.11,98.11,98.11,98.11,97.73,97.54,97.54,97.54,97.54,97.73,97.73,97.73,96.98,96.98,97.16,97.16,97.16,97.06,97.35,97.73,97.54,97.73,97.54,97.35,97.16,97.35,97.54,97.54,97.73,97.54,97.35,97.54,97.54,97.73,97.82,98.11,97.92,98.11,98.11,98.11,98.11,85.82,89.41,89.60,89.39,89.22,89.20,89.20,89.20,89.20,89.20,89.22,90.17,90.06,89.96,90.17,89.60,89.41,89.79,89.79,89.60,89.98,89.98,93.18,91.87,92.23,92.23,87.90,87.90,87.90,87.90,88.09,88.09,88.09,88.09,88.45,88.45,88.07,88.28,88.28,88.28,88.28,88.26,88.26,88.28,89.68,89.60,89.60,89.60,89.60,89.41,89.60,89.60,90.17,89.98,89.98,90.17,90.17,89.98
B-LC086800,94.33,94.33,93.76,94.14,94.33,94.33,94.33,97.35,97.35,99.24,99.43,99.43,99.24,99.24,99.43,99.43,,99.62,99.62,99.43,99.62,99.62,96.60,96.60,97.54,97.92,96.79,98.11,98.11,98.11,97.73,97.73,98.11,98.11,98.11,98.11,98.11,98.11,98.11,98.30,97.54,97.54,97.54,97.54,97.54,97.16,96.98,96.98,96.97,96.98,97.16,97.16,97.16,96.41,96.41,96.60,96.60,96.60,96.50,96.79,97.16,96.98,97.16,96.97,96.79,96.60,96.79,96.98,96.98,97.16,96.98,96.79,96.98,96.98,97.16,97.25,97.54,97.35,97.54,97.54,97.54,97.54,86.01,88.85,89.04,88.83,88.66,88.64,88.64,88.64,88.64,88.64,88.66,89.60,89.49,89.39,89.60,89.04,88.85,89.22,89.22,89.04,89.41,89.26,92.61,91.30,91.67,91.67,88.09,88.09,87.90,88.09,88.28,88.28,88.28,88.28,88.64,88.64,88.26,88.47,88.47,88.47,88.47,88.45,88.45,88.47,89.49,89.41,89.41,89.41,89.41,89.22,89.41,89.41,89.98,89.79,89.79,89.98,89.98,89.79
B-LC086789,94.33,94.33,93.76,94.14,94.33,94.33,94.33,97.35,97.35,99.24,99.43,99.43,99.24,99.24,99.43,99.43,99.62,,100.00,99.81,99.62,99.62,96.60,96.60,97.54,97.92,96.79,98.11,98.11,98.11,97.73,97.73,98.11,98.11,98.11,98.11,98.11,98.11,98.11,98.30,97.54,97.54,97.54,97.54,97.54,97.16,96.98,96.98,96.97,96.98,97.16,97.16,97.16,96.41,96.41,96.60,96.60,96.60,96.50,96.79,97.16,96.98,97.16,96.97,96.79,96.60,96.79,96.98,96.98,97.16,96.98,96.79,96.98,96.98,97.16,97.25,97.54,97.35,97.54,97.54,97.54,97.54,86.39,88.85,89.04,88.83,88.66,88.64,88.64,88.64,88.64,88.64,88.66,89.60,89.49,89.39,89.60,89.04,88.85,89.22,89.22,89.04,89.41,89.26,92.61,91.30,91.67,91.67,88.09,88.09,87.90,88.09,88.28,88.28,88.28,88.28,88.64,88.64,88.26,88.47,88.47,88.47,88.47,88.45,88.45,88.47,89.87,89.79,89.79,89.79,89.79,89.60,89.79,89.79,90.36,90.17,90.17,90.36,90.36,90.17
B-LC086745,94.33,94.33,93.76,94.14,94.33,94.33,94.33,97.35,97.35,99.24,99.43,99.43,99.24,99.24,99.43,99.43,99.62,100.00,,99.81,99.62,99.62,96.60,96.60,97.54,97.92,96.79,98.11,98.11,98.11,97.73,97.73,98.11,98.11,98.11,98.11,98.11,98.11,98.11,98.30,97.54,97.54,97.54,97.54,97.54,97.16,96.98,96.98,96.97,96.98,97.16,97.16,97.16,96.41,96.41,96.60,96.60,96.60,96.50,96.79,97.16,96.98,97.16,96.97,96.79,96.60,96.79,96.98,96.98,97.16,96.98,96.79,96.98,96.98,97.16,97.25,97.54,97.35,97.54,97.54,97.54,97.54,86.39,88.85,89.04,88.83,88.66,88.64,88.64,88.64,88.64,88.64,88.66,89.60,89.49,89.39,89.60,89.04,88.85,89.22,89.22,89.04,89.41,89.26,92.61,91.30,91.67,91.67,88.09,88.09,87.90,88.09,88.28,88.28,88.28,88.28,88.64,88.64,88.26,88.47,88.47,88.47,88.47,88.45,88.45,88.47,89.87,89.79,89.79,89.79,89.79,89.60,89.79,89.79,90.36,90.17,90.17,90.36,90.36,90.17
B-PX212192,94.13,94.13,93.56,93.94,94.13,94.13,94.13,97.16,97.16,99.05,99.24,99.24,99.05,99.05,99.24,99.24,99.43,99.81,99.81,,99.43,99.43,96.40,96.40,97.35,97.73,96.59,97.92,97.92,97.92,97.54,97.54,97.92,97.92,97.92,97.92,97.92,97.92,97.92,98.11,97.35,97.35,97.35,97.35,97.35,96.97,96.78,96.78,96.78,96.78,96.97,96.97,96.97,96.21,96.21,96.40,96.40,96.40,96.31,96.59,96.97,96.78,96.97,96.78,96.59,96.40,96.59,96.78,96.78,96.97,96.78,96.59,96.78,96.78,96.97,97.06,97.35,97.54,97.35,97.35,97.35,97.35,86.55,89.02,89.20,89.02,88.83,88.83,88.83,88.83,88.83,88.83,88.83,89.77,89.30,89.20,89.39,89.20,89.02,89.39,89.39,89.20,89.58,89.50,92.42,91.10,91.48,91.48,88.26,88.26,88.07,88.26,88.45,88.45,88.45,88.45,88.83,88.83,88.45,88.64,88.64,88.64,88.64,88.64,88.64,88.26,89.68,89.58,89.58,89.58,89.58,89.39,89.58,89.58,90.15,89.96,89.96,90.15,90.15,89.96
B-LC086811,94.33,94.33,93.76,94.14,94.33,94.33,94.33,97.35,97.35,99.24,99.43,99.43,99.24,99.24,99.43,99.43,99.62,99.62,99.62,99.43,,99.62,96.60,96.60,97.54,97.92,96.79,98.11,98.11,98.11,97.73,97.73,98.11,98.11,98.11,98.11,98.11,98.11,98.11,98.30,97.54,97.54,97.54,97.54,97.54,97.16,96.98,96.98,96.97,96.98,97.16,97.16,97.16,96.41,96.41,96.60,96.60,96.60,96.50,96.79,97.16,96.98,97.16,96.97,96.79,96.60,96.79,96.98,96.98,97.16,96.98,96.79,96.98,96.98,97.16,97.25,97.54,97.35,97.54,97.54,97.54,97.54,86.39,88.85,89.04,88.83,88.66,88.64,88.64,88.64,88.64,88.64,88.66,89.60,89.49,89.39,89.60,89.04,89.04,89.22,89.22,89.04,89.41,89.26,92.61,91.30,91.67,91.67,88.09,88.09,87.90,88.09,88.28,88.28,88.28,88.28,88.64,88.64,88.26,88.47,88.47,88.47,88.47,88.45,88.45,88.66,89.49,89.41,89.41,89.41,89.41,89.22,89.41,89.41,89.98,89.79,89.79,89.98,89.98,89.79
B-KJ919165,94.32,94.32,93.75,94.13,94.32,94.32,94.32,97.35,97.35,99.24,99.43,99.43,99.24,99.24,99.43,99.43,99.62,99.62,99.62,99.43,99.62,,96.59,96.59,97.54,97.92,96.78,98.11,98.11,98.11,97.73,97.73,98.11,98.11,98.11,98.11,98.11,98.11,98.11,98.30,97.54,97.54,97.54,97.54,97.54,97.16,96.97,96.97,96.97,96.97,97.16,97.16,97.16,96.40,96.40,96.59,96.59,96.59,96.50,96.78,97.16,96.97,97.16,96.97,96.78,96.59,96.78,96.97,96.97,97.16,96.97,96.78,96.97,96.97,97.16,97.25,97.54,97.35,97.54,97.54,97.54,97.54,85.98,88.83,89.02,88.83,88.64,88.64,88.64,88.64,88.64,88.64,88.64,89.58,89.49,89.39,89.58,89.02,88.83,89.20,89.20,89.02,89.39,89.26,92.61,91.29,91.67,91.67,88.07,88.07,87.88,88.07,88.26,88.26,88.26,88.26,88.64,88.64,88.26,88.45,88.45,88.45,88.45,88.45,88.45,88.45,89.49,89.39,89.39,89.39,89.39,89.20,89.39,89.39,89.96,89.77,89.77,89.96,89.96,89.77
B-LC169993,93.38,93.38,92.82,93.19,93.38,93.38,93.38,97.35,97.35,96.97,97.16,97.16,96.98,96.98,97.16,97.16,96.60,96.60,96.60,96.40,96.60,96.59,,100.00,96.79,96.79,96.79,97.35,97.35,97.35,96.98,96.98,97.35,97.35,97.35,97.35,97.73,97.73,97.73,97.92,97.16,97.16,97.16,97.16,97.16,96.79,96.60,96.60,96.59,96.60,96.79,96.79,96.79,96.03,96.03,96.22,96.22,96.22,96.12,96.41,96.78,96.60,96.79,96.59,96.41,96.22,96.41,96.60,96.60,96.79,96.60,96.41,96.60,96.60,96.79,96.88,97.16,96.98,97.16,97.16,97.16,97.16,85.26,88.09,88.28,88.07,87.90,87.88,87.88,87.88,87.88,87.88,87.90,89.22,89.11,89.02,89.22,88.28,88.47,88.47,88.47,88.28,88.66,88.54,91.86,90.93,90.91,90.91,86.77,87.15,86.96,86.96,87.15,87.15,87.15,87.15,87.50,87.50,87.12,87.33,87.33,87.33,87.33,87.31,87.31,88.09,89.30,89.22,89.22,89.22,89.22,89.41,89.22,89.22,89.60,89.60,89.60,89.79,89.79,89.60
B-LC169982,93.38,93.38,92.82,93.19,93.38,93.38,93.38,97.35,97.35,96.97,97.16,97.16,96.98,96.98,97.16,97.16,96.60,96.60,96.60,96.40,96.60,96.59,100.00,,96.79,96.79,96.79,97.35,97.35,97.35,96.98,96.98,97.35,97.35,97.35,97.35,97.73,97.73,97.73,97.92,97.16,97.16,97.16,97.16,97.16,96.79,96.60,96.60,96.59,96.60,96.79,96.79,96.79,96.03,96.03,96.22,96.22,96.22,96.12,96.41,96.78,96.60,96.79,96.59,96.41,96.22,96.41,96.60,96.60,96.79,96.60,96.41,96.60,96.60,96.79,96.88,97.16,96.98,97.16,97.16,97.16,97.16,85.26,88.09,88.28,88.07,87.90,87.88,87.88,87.88,87.88,87.88,87.90,89.22,89.11,89.02,89.22,88.28,88.47,88.47,88.47,88.28,88.66,88.54,91.86,90.93,90.91,90.91,86.77,87.15,86.96,86.96,87.15,87.15,87.15,87.15,87.50,87.50,87.12,87.33,87.33,87.33,87.33,87.31,87.31,88.09,89.30,89.22,89.22,89.22,89.22,89.41,89.22,89.22,89.60,89.60,89.60,89.79,89.79,89.60
B-KC442972,94.52,94.52,93.95,94.33,94.52,94.52,94.52,98.30,98.67,97.54,97.73,97.73,97.54,97.54,97.73,97.73,97.54,97.54,97.54,97.35,97.54,97.54,96.79,96.79,,97.35,96.60,97.92,97.92,97.92,97.16,97.16,97.54,97.92,97.92,97.92,97.92,97.92,97.92,98.11,97.73,97.73,97.73,97.73,97.73,97.35,97.16,97.16,97.16,97.16,97.35,97.35,97.35,96.22,96.22,96.41,96.41,96.41,96.31,96.60,96.97,96.79,96.98,96.78,96.60,96.41,96.60,96.79,96.79,96.98,96.79,96.60,96.79,96.79,96.98,97.06,97.35,97.16,97.35,97.35,97.35,97.35,84.69,87.52,87.71,87.50,87.33,87.31,87.31,87.31,87.31,87.31,87.33,88.66,88.54,88.45,88.66,87.71,87.52,87.90,87.90,87.71,88.09,88.07,92.23,91.87,91.86,91.86,87.15,87.52,87.52,87.52,87.71,87.71,87.71,87.71,87.69,87.69,87.69,87.90,87.90,87.90,87.90,87.88,87.88,88.28,89.30,89.22,89.22,89.22,89.22,89.04,89.22,89.22,89.79,89.60,89.60,89.79,89.79,89.60
B-LC105586,93.76,93.76,93.19,93.57,93.76,93.76,93.76,97.54,97.54,98.30,98.49,98.49,98.30,98.30,98.49,98.49,97.92,97.92,97.92,97.73,97.92,97.92,96.79,96.79,97.35,,96.98,98.30,98.30,98.30,97.92,97.92,98.30,98.30,98.30,98.30,98.30,98.30,98.30,98.49,97.73,97.73,97.73,97.73,97.73,97.35,97.16,97.16,97.16,97.16,97.35,97.35,97.35,96.60,96.60,96.79,96.79,96.79,96.69,96.98,97.35,97.16,97.35,97.16,96.98,96.79,96.98,97.16,97.16,97.35,97.16,96.98,97.16,97.16,97.35,97.44,97.73,97.54,97.73,97.73,97.73,97.73,85.07,88.28,88.47,88.64,88.47,88.45,88.45,88.45,88.45,88.45,88.47,89.79,89.68,89.58,89.79,88.85,88.66,89.04,89.04,88.85,89.60,88.78,92.42,91.12,91.48,91.48,86.96,87.15,87.15,87.15,87.33,87.33,87.33,87.33,87.69,87.69,87.31,87.52,87.52,87.52,87.52,87.50,87.50,86.77,89.30,89.22,89.22,89.22,89.22,89.04,89.22,89.22,89.79,89.60,89.60,89.79,89.79,89.60
B-MH182464,93.38,93.38,92.82,93.19,93.38,93.38,93.38,97.54,97.16,97.54,97.35,97.35,97.16,97.16,97.35,97.35,96.79,96.79,96.79,96.59,96.79,96.78,96.79,96.79,96.60,96.98,,97.54,97.92,97.92,97.54,97.54,97.54,97.92,97.92,97.92,98.30,98.30,98.30,98.49,97.73,97.73,97.73,97.73,97.73,97.35,97.16,97.16,97.16,97.54,97.35,97.35,97.35,97.35,97.35,97.54,97.54,97.54,97.44,97.73,98.11,97.92,98.11,97.92,97.73,97.54,97.73,97.92,97.92,98.11,97.92,97.35,97.54,97.54,97.73,97.82,98.11,97.92,98.11,98.11,98.11,98.11,85.26,88.66,88.85,88.64,88.47,88.45,88.45,88.45,88.45,88.45,88.47,89.41,89.30,89.20,89.41,88.85,88.28,88.66,88.66,88.47,88.85,88.07,92.05,90.74,91.10,91.10,86.20,87.33,87.15,87.15,87.71,87.71,87.33,87.33,87.69,87.69,87.31,87.52,87.52,87.52,87.52,87.50,87.50,87.15,90.06,89.98,89.98,89.98,89.98,89.79,89.98,89.98,90.36,90.36,90.36,90.55,90.55,90.36
B-KC442961,94.33,94.33,93.76,94.14,94.33,94.33,94.33,98.11,98.11,98.48,98.68,98.68,98.49,98.49,98.68,98.68,98.11,98.11,98.11,97.92,98.11,98.11,97.35,97.35,97.92,98.30,97.54,,98.87,98.87,98.11,98.11,98.49,98.87,98.87,98.87,99.24,99.24,99.24,99.05,98.30,98.30,98.30,98.30,98.30,97.92,97.73,97.73,97.73,97.73,97.92,97.92,97.92,97.16,97.16,97.35,97.35,97.35,97.25,97.54,97.92,97.73,97.92,97.73,97.54,97.35,97.54,97.73,97.73,97.92,97.73,97.54,97.73,97.73,97.92,98.01,98.30,98.11,98.30,98.30,98.30,98.30,86.01,89.60,89.79,89.58,89.41,89.39,89.39,89.39,89.39,89.39,89.41,90.74,90.63,90.53,90.74,89.79,89.60,89.98,89.98,89.79,90.17,89.74,93.37,92.06,92.42,92.42,86.96,87.33,87.33,87.33,87.52,87.52,87.52,87.52,87.88,87.88,87.50,87.71,87.71,87.71,87.71,87.69,87.69,87.71,90.25,90.17,90.17,90.17,90.17,89.98,90.17,90.17,90.74,90.55,90.55,90.74,90.74,90.55
B-KU248414,94.71,94.71,94.14,94.52,94.71,94.71,94.71,98.48,98.11,98.48,98.68,98.68,98.49,98.49,98.68,98.68,98.11,98.11,98.11,97.92,98.11,98.11,97.35,97.35,97.92,98.30,97.92,98.87,,100.00,98.11,98.11,98.49,98.87,98.87,98.87,98.87,98.87,98.87,99.05,98.30,98.30,98.30,98.30,98.30,97.92,97.73,97.73,97.73,97.73,97.92,97.92,97.92,97.54,97.54,97.73,97.73,97.73,97.63,97.92,98.30,98.11,98.30,98.11,97.92,97.73,97.92,98.11,98.11,98.30,98.11,97.92,98.11,98.49,98.68,98.39,98.68,98.49,98.68,98.68,98.68,98.68,85.63,88.85,89.04,88.83,88.66,88.64,88.64,88.64,88.64,88.64,88.66,89.98,89.87,89.77,89.98,89.04,88.85,89.22,89.22,89.04,89.41,89.02,93.37,92.06,92.42,92.42,86.96,87.33,87.33,87.33,87.52,87.52,87.52,87.52,87.88,87.88,87.50,87.71,87.71,87.71,87.71,87.69,87.69,87.71,89.87,89.79,89.79,89.79,89.79,89.60,89.79,89.79,90.36,90.17,90.17,90.36,90.36,90.17
B-KU248403,94.71,94.71,94.14,94.52,94.71,94.71,94.71,98.48,98.11,98.48,98.68,98.68,98.49,98.49,98.68,98.68,98.11,98.11,98.11,97.92,98.11,98.11,97.35,97.35,97.92,98.30,97.92,98.87,100.00,,98.11,98.11,98.49,98.87,98.87,98.87,98.87,98.87,98.87,99.05,98.30,98.30,98.30,98.30,98.30,97.92,97.73,97.73,97.73,97.73,97.92,97.92,97.92,97.54,97.54,97.73,97.73,97.73,97.63,97.92,98.30,98.11,98.30,98.11,97.92,97.73,97.92,98.11,98.11,98.30,98.11,97.92,98.11,98.49,98.68,98.39,98.68,98.49,98.68,98.68,98.68,98.68,85.63,88.85,89.04,88.83,88.66,88.64,88.64,88.64,88.64,88.64,88.66,89.98,89.87,89.77,89.98,89.04,88.85,89.22,89.22,89.04,89.41,89.02,93.37,92.06,92.42,92.42,86.96,87.33,87.33,87.33,87.52,87.52,87.52,87.52,87.88,87.88,87.50,87.71,87.71,87.71,87.71,87.69,87.69,87.71,89.87,89.79,89.79,89.79,89.79,89.60,89.79,89.79,90.36,90.17,90.17,90.36,90.36,90.17
B-KC443453,93.95,93.95,93.01,93.38,93.57,93.57,93.57,97.35,97.35,98.11,98.30,98.30,98.11,98.11,98.30,98.30,97.73,97.73,97.73,97.54,97.73,97.73,96.98,96.98,97.16,97.92,97.54,98.11,98.11,98.11,,100.00,98.49,98.49,98.49,98.49,98.87,98.87,98.87,99.05,99.05,99.05,99.05,99.05,99.05,98.68,98.49,98.49,98.48,98.49,98.68,98.68,98.68,97.92,98.30,98.11,98.11,98.11,98.01,98.30,98.67,98.49,98.68,98.48,98.30,98.11,98.30,98.49,98.49,98.68,98.49,98.30,98.49,98.49,98.68,98.77,98.87,98.87,99.05,99.05,99.05,99.05,85.07,88.85,89.04,88.83,88.66,88.64,88.64,88.64,88.64,88.64,88.66,89.98,89.87,89.77,89.98,89.04,88.85,89.22,89.22,89.04,89.41,89.02,92.23,90.93,91.29,91.29,86.96,87.71,87.71,87.71,88.28,88.28,87.90,87.90,88.26,88.26,87.88,88.09,88.09,88.09,88.09,88.07,88.07,87.71,89.87,89.79,89.79,89.79,89.79,89.60,89.79,89.79,90.17,90.17,90.17,90.36,90.36,90.17
B-KC443198,93.95,93.95,93.01,93.38,93.57,93.57,93.57,97.35,97.35,98.11,98.30,98.30,98.11,98.11,98.30,98.30,97.73,97.73,97.73,97.54,97.73,97.73,96.98,96.98,97.16,97.92,97.54,98.11,98.11,98.11,100.00,,98.49,98.49,98.49,98.49,98.87,98.87,98.87,99.05,99.05,99.05,99.05,99.05,99.05,98.68,98.49,98.49,98.48,98.49,98.68,98.68,98.68,97.92,98.30,98.11,98.11,98.11,98.01,98.30,98.67,98.49,98.68,98.48,98.30,98.11,98.30,98.49,98.49,98.68,98.49,98.30,98.49,98.49,98.68,98.77,98.87,98.87,99.05,99.05,99.05,99.05,85.07,88.85,89.04,88.83,88.66,88.64,88.64,88.64,88.64,88.64,88.66,89.98,89.87,89.77,89.98,89.04,88.85,89.22,89.22,89.04,89.41,89.02,92.23,90.93,91.29,91.29,86.96,87.71,87.71,87.71,88.28,88.28,87.90,87.90,88.26,88.26,87.88,88.09,88.09,88.09,88.09,88.07,88.07,87.71,89.87,89.79,89.79,89.79,89.79,89.60,89.79,89.79,90.17,90.17,90.17,90.36,90.36,90.17
B-KC178750,93.95,93.95,93.38,93.76,93.95,93.95,93.95,97.73,97.73,98.48,98.68,98.68,98.49,98.87,98.68,98.68,98.11,98.11,98.11,97.92,98.11,98.11,97.35,97.35,97.54,98.30,97.54,98.49,98.49,98.49,98.49,98.49,,98.49,98.49,98.49,98.87,98.87,98.87,99.05,98.30,98.30,98.30,98.30,98.30,97.92,97.73,97.73,97.73,97.73,97.92,97.92,97.92,97.16,97.16,97.35,97.35,97.35,97.25,97.54,97.92,97.73,97.92,97.73,97.54,97.35,97.54,97.73,97.73,97.92,97.73,97.54,97.73,97.73,97.92,98.01,98.30,98.11,98.30,98.30,98.30,98.30,85.26,89.22,89.41,89.20,89.04,89.02,89.02,89.02,89.02,89.02,89.04,90.36,90.25,90.15,90.36,89.41,89.22,89.60,89.60,89.41,89.79,89.50,92.99,92.06,92.05,92.05,86.58,87.33,87.33,87.33,87.52,87.52,87.52,87.52,87.88,87.88,87.50,87.71,87.71,87.71,87.71,87.69,87.69,86.96,89.49,89.41,89.41,89.41,89.41,89.22,89.41,89.41,89.79,89.79,89.79,89.98,89.98,89.79
B-PP862069,94.33,94.33,93.76,94.14,94.33,94.33,94.33,98.11,98.11,98.48,98.68,98.68,98.49,98.49,98.68,98.68,98.11,98.11,98.11,97.92,98.11,98.11,97.35,97.35,97.92,98.30,97.92,98.87,98.87,98.87,98.49,98.49,98.49,,100.00,100.00,99.24,99.24,99.24,99.43,98.68,98.68,98.68,98.68,98.68,98.30,98.11,98.11,98.11,98.11,98.30,98.30,98.30,97.54,97.54,97.73,97.73,97.73,97.63,97.92,98.30,98.11,98.30,98.11,97.92,97.73,97.92,98.11,98.11,98.30,98.30,97.92,98.11,98.11,98.30,98.58,98.68,98.49,98.68,98.68,98.68,98.68,85.26,88.47,88.66,88.45,88.28,88.26,88.26,88.26,88.26,88.26,88.28,89.60,89.49,89.39,89.60,88.66,88.47,88.85,88.85,88.66,89.04,88.78,92.99,91.68,92.05,92.05,86.96,86.96,86.96,86.96,87.52,87.52,87.15,87.15,87.50,87.50,87.12,87.33,87.33,87.33,87.33,87.31,87.31,87.33,89.49,89.41,89.41,89.41,89.41,89.22,89.41,89.41,89.98,89.79,89.79,89.98,89.98,89.79
B-OP850416,94.33,94.33,93.76,94.14,94.33,94.33,94.33,98.11,98.11,98.48,98.68,98.68,98.49,98.49,98.68,98.68,98.11,98.11,98.11,97.92,98.11,98.11,97.35,97.35,97.92,98.30,97.92,98.87,98.87,98.87,98.49,98.49,98.49,100.00,,100.00,99.24,99.24,99.24,99.43,98.68,98.68,98.68,98.68,98.68,98.30,98.11,98.11,98.11,98.11,98.30,98.30,98.30,97.54,97.54,97.73,97.73,97.73,97.63,97.92,98.30,98.11,98.30,98.11,97.92,97.73,97.92,98.11,98.11,98.30,98.30,97.92,98.11,98.11,98.30,98.58,98.68,98.49,98.68,98.68,98.68,98.68,85.26,88.47,88.66,88.45,88.28,88.26,88.26,88.26,88.26,88.26,88.28,89.60,89.49,89.39,89.60,88.66,88.47,88.85,88.85,88.66,89.04,88.78,92.99,91.68,92.05,92.05,86.96,86.96,86.96,86.96,87.52,87.52,87.15,87.15,87.50,87.50,87.12,87.33,87.33,87.33,87.33,87.31,87.31,87.33,89.49,89.41,89.41,89.41,89.41,89.22,89.41,89.41,89.98,89.79,89.79,89.98,89.98,89.79
B-PP862059,94.33,94.33,93.76,94.14,94.33,94.33,94.33,98.11,98.11,98.48,98.68,98.68,98.49,98.49,98.68,98.68,98.11,98.11,98.11,97.92,98.11,98.11,97.35,97.35,97.92,98.30,97.92,98.87,98.87,98.87,98.49,98.49,98.49,100.00,100.00,,99.24,99.24,99.24,99.43,98.68,98.68,98.68,98.68,98.68,98.30,98.11,98.11,98.11,98.11,98.30,98.30,98.30,97.54,97.54,97.73,97.73,97.73,97.63,97.92,98.30,98.11,98.30,98.11,97.92,97.73,97.92,98.11,98.11,98.30,98.30,97.92,98.11,98.11,98.30,98.58,98.68,98.49,98.68,98.68,98.68,98.68,85.26,88.47,88.66,88.45,88.28,88.26,88.26,88.26,88.26,88.26,88.28,89.60,89.49,89.39,89.60,88.66,88.47,88.85,88.85,88.66,89.04,88.78,92.99,91.68,92.05,92.05,86.96,86.96,86.96,86.96,87.52,87.52,87.15,87.15,87.50,87.50,87.12,87.33,87.33,87.33,87.33,87.31,87.31,87.33,89.49,89.41,89.41,89.41,89.41,89.22,89.41,89.41,89.98,89.79,89.79,89.98,89.98,89.79
B-KC443761,94.33,94.33,93.76,94.14,94.33,94.33,94.33,98.11,98.11,98.48,98.68,98.68,98.49,98.49,98.68,98.68,98.11,98.11,98.11,97.92,98.11,98.11,97.73,97.73,97.92,98.30,98.30,99.24,98.87,98.87,98.87,98.87,98.87,99.24,99.24,99.24,,100.00,100.00,99.81,99.05,99.05,99.05,99.05,99.05,98.68,98.49,98.49,98.48,98.49,98.68,98.68,98.68,97.92,97.92,98.11,98.11,98.11,98.01,98.30,98.67,98.49,98.68,98.48,98.30,98.11,98.30,98.49,98.49,98.68,98.49,98.30,98.49,98.49,98.68,98.77,99.05,98.87,99.05,99.05,99.05,99.05,85.63,88.85,89.04,88.83,88.66,88.64,88.64,88.64,88.64,88.64,88.66,89.98,89.87,89.77,89.98,89.04,88.85,89.22,89.22,89.04,89.41,89.02,92.99,91.68,92.05,92.05,86.96,86.96,86.96,86.96,87.52,87.52,87.15,87.15,87.50,87.50,87.12,87.33,87.33,87.33,87.33,87.31,87.31,87.33,90.25,90.17,90.17,90.17,90.17,89.98,90.17,90.17,90.55,90.55,90.55,90.74,90.74,90.55
B-KC443629,94.33,94.33,93.76,94.14,94.33,94.33,94.33,98.11,98.11,98.48,98.68,98.68,98.49,98.49,98.68,98.68,98.11,98.11,98.11,97.92,98.11,98.11,97.73,97.73,97.92,98.30,98.30,99.24,98.87,98.87,98.87,98.87,98.87,99.24,99.24,99.24,100.00,,100.00,99.81,99.05,99.05,99.05,99.05,99.05,98.68,98.49,98.49,98.48,98.49,98.68,98.68,98.68,97.92,97.92,98.11,98.11,98.11,98.01,98.30,98.67,98.49,98.68,98.48,98.30,98.11,98.30,98.49,98.49,98.68,98.49,98.30,98.49,98.49,98.68,98.77,99.05,98.87,99.05,99.05,99.05,99.05,85.63,88.85,89.04,88.83,88.66,88.64,88.64,88.64,88.64,88.64,88.66,89.98,89.87,89.77,89.98,89.04,88.85,89.22,89.22,89.04,89.41,89.02,92.99,91.68,92.05,92.05,86.96,86.96,86.96,86.96,87.52,87.52,87.15,87.15,87.50,87.50,87.12,87.33,87.33,87.33,87.33,87.31,87.31,87.33,90.25,90.17,90.17,90.17,90.17,89.98,90.17,90.17,90.55,90.55,90.55,90.74,90.74,90.55
B-KC443321,94.33,94.33,93.76,94.14,94.33,94.33,94.33,98.11,98.11,98.48,98.68,98.68,98.49,98.49,98.68,98.68,98.11,98.11,98.11,97.92,98.11,98.11,97.73,97.73,97.92,98.30,98.30,99.24,98.87,98.87,98.87,98.87,98.87,99.24,99.24,99.24,100.00,100.00,,99.81,99.05,99.05,99.05,99.05,99.05,98.68,98.49,98.49,98.48,98.49,98.68,98.68,98.68,97.92,97.92,98.11,98.11,98.11,98.01,98.30,98.67,98.49,98.68,98.48,98.30,98.11,98.30,98.49,98.49,98.68,98.49,98.30,98.49,98.49,98.68,98.77,99.05,98.87,99.05,99.05,99.05,99.05,85.63,88.85,89.04,88.83,88.66,88.64,88.64,88.64,88.64,88.64,88.66,89.98,89.87,89.77,89.98,89.04,88.85,89.22,89.22,89.04,89.41,89.02,92.99,91.68,92.05,92.05,86.96,86.96,86.96,86.96,87.52,87.52,87.15,87.15,87.50,87.50,87.12,87.33,87.33,87.33,87.33,87.31,87.31,87.33,90.25,90.17,90.17,90.17,90.17,89.98,90.17,90.17,90.55,90.55,90.55,90.74,90.74,90.55
B-KC178745,94.52,94.52,93.95,94.33,94.52,94.52,94.52,98.30,98.30,98.67,98.87,98.87,98.68,98.68,98.87,98.87,98.30,98.30,98.30,98.11,98.30,98.30,97.92,97.92,98.11,98.49,98.49,99.05,99.05,99.05,99.05,99.05,99.05,99.43,99.43,99.43,99.81,99.81,99.81,,99.24,99.24,99.24,99.24,99.24,98.87,98.68,98.68,98.67,98.68,98.87,98.87,98.87,98.11,98.11,98.30,98.30,98.30,98.20,98.49,98.86,98.68,98.87,98.67,98.49,98.30,98.49,98.68,98.68,98.87,98.68,98.49,98.68,98.68,98.87,98.96,99.24,99.05,99.24,99.24,99.24,99.24,85.44,88.66,88.85,88.64,88.47,88.45,88.45,88.45,88.45,88.45,88.47,89.79,89.68,89.58,89.79,88.85,88.66,89.04,89.04,88.85,89.22,88.78,93.18,91.87,92.23,92.23,87.15,87.15,87.15,87.15,87.71,87.71,87.33,87.33,87.69,87.69,87.31,87.52,87.52,87.52,87.52,87.50,87.50,87.52,90.06,89.98,89.98,89.98,89.98,89.79,89.98,89.98,90.36,90.36,90.36,90.55,90.55,90.36
B-LC066670,94.52,94.52,93.57,93.95,94.14,94.14,94.14,97.54,97.92,97.92,98.11,98.11,97.92,97.92,98.11,98.11,97.54,97.54,97.54,97.35,97.54,97.54,97.16,97.16,97.73,97.73,97.73,98.30,98.30,98.30,99.05,99.05,98.30,98.68,98.68,98.68,99.05,99.05,99.05,99.24,,100.00,100.00,100.00,100.00,99.62,99.43,99.43,99.43,99.43,99.62,99.62,99.62,98.11,98.11,98.30,98.30,98.30,98.20,98.49,98.86,98.68,98.87,98.67,98.49,98.30,98.49,98.68,98.68,98.87,98.68,98.49,98.68,98.68,98.87,98.96,99.05,99.05,99.24,99.24,99.24,99.24,84.88,88.28,88.47,88.26,88.09,88.07,88.07,88.07,88.07,88.07,88.09,89.41,89.30,89.20,89.41,88.47,88.28,88.66,88.66,88.47,88.85,88.78,92.42,91.12,91.48,91.48,86.77,87.15,87.15,87.15,87.71,87.71,87.33,87.33,87.69,87.69,87.31,87.52,87.52,87.52,87.52,87.50,87.50,87.90,90.06,89.98,89.98,89.98,89.98,89.79,89.98,89.98,90.36,90.36,90.36,90.55,90.55,90.36
B-LC066659,94.52,94.52,93.57,93.95,94.14,94.14,94.14,97.54,97.92,97.92,98.11,98.11,97.92,97.92,98.11,98.11,97.54,97.54,97.54,97.35,97.54,97.54,97.16,97.16,97.73,97.73,97.73,98.30,98.30,98.30,99.05,99.05,98.30,98.68,98.68,98.68,99.05,99.05,99.05,99.24,100.00,,100.00,100.00,100.00,99.62,99.43,99.43,99.43,99.43,99.62,99.62,99.62,98.11,98.11,98.30,98.30,98.30,98.20,98.49,98.86,98.68,98.87,98.67,98.49,98.30,98.49,98.68,98.68,98.87,98.68,98.49,98.68,98.68,98.87,98.96,99.05,99.05,99.24,99.24,99.24,99.24,84.88,88.28,88.47,88.26,88.09,88.07,88.07,88.07,88.07,88.07,88.09,89.41,89.30,89.20,89.41,88.47,88.28,88.66,88.66,88.47,88.85,88.78,92.42,91.12,91.48,91.48,86.77,87.15,87.15,87.15,87.71,87.71,87.33,87.33,87.69,87.69,87.31,87.52,87.52,87.52,87.52,87.50,87.50,87.90,90.06,89.98,89.98,89.98,89.98,89.79,89.98,89.98,90.36,90.36,90.36,90.55,90.55,90.36
B-LC066648,94.52,94.52,93.57,93.95,94.14,94.14,94.14,97.54,97.92,97.92,98.11,98.11,97.92,97.92,98.11,98.11,97.54,97.54,97.54,97.35,97.54,97.54,97.16,97.16,97.73,97.73,97.73,98.30,98.30,98.30,99.05,99.05,98.30,98.68,98.68,98.68,99.05,99.05,99.05,99.24,100.00,100.00,,100.00,100.00,99.62,99.43,99.43,99.43,99.43,99.62,99.62,99.62,98.11,98.11,98.30,98.30,98.30,98.20,98.49,98.86,98.68,98.87,98.67,98.49,98.30,98.49,98.68,98.68,98.87,98.68,98.49,98.68,98.68,98.87,98.96,99.05,99.05,99.24,99.24,99.24,99.24,84.88,88.28,88.47,88.26,88.09,88.07,88.07,88.07,88.07,88.07,88.09,89.41,89.30,89.20,89.41,88.47,88.28,88.66,88.66,88.47,88.85,88.78,92.42,91.12,91.48,91.48,86.77,87.15,87.15,87.15,87.71,87.71,87.33,87.33,87.69,87.69,87.31,87.52,87.52,87.52,87.52,87.50,87.50,87.90,90.06,89.98,89.98,89.98,89.98,89.79,89.98,89.98,90.36,90.36,90.36,90.55,90.55,90.36
B-MG573370,94.52,94.52,93.57,93.95,94.14,94.14,94.14,97.54,97.92,97.92,98.11,98.11,97.92,97.92,98.11,98.11,97.54,97.54,97.54,97.35,97.54,97.54,97.16,97.16,97.73,97.73,97.73,98.30,98.30,98.30,99.05,99.05,98.30,98.68,98.68,98.68,99.05,99.05,99.05,99.24,100.00,100.00,100.00,,100.00,99.62,99.43,99.43,99.43,99.43,99.62,99.62,99.62,98.11,98.11,98.30,98.30,98.30,98.20,98.49,98.86,98.68,98.87,98.67,98.49,98.30,98.49,98.68,98.68,98.87,98.68,98.49,98.68,98.68,98.87,98.96,99.05,99.05,99.24,99.24,99.24,99.24,84.88,88.28,88.47,88.26,88.09,88.07,88.07,88.07,88.07,88.07,88.09,89.41,89.30,89.20,89.41,88.47,88.28,88.66,88.66,88.47,88.85,88.78,92.42,91.12,91.48,91.48,86.77,87.15,87.15,87.15,87.71,87.71,87.33,87.33,87.69,87.69,87.31,87.52,87.52,87.52,87.52,87.50,87.50,87.90,90.06,89.98,89.98,89.98,89.98,89.79,89.98,89.98,90.36,90.36,90.36,90.55,90.55,90.36
B-MG573369,94.52,94.52,93.57,93.95,94.14,94.14,94.14,97.54,97.92,97.92,98.11,98.11,97.92,97.92,98.11,98.11,97.54,97.54,97.54,97.35,97.54,97.54,97.16,97.16,97.73,97.73,97.73,98.30,98.30,98.30,99.05,99.05,98.30,98.68,98.68,98.68,99.05,99.05,99.05,99.24,100.00,100.00,100.00,100.00,,99.62,99.43,99.43,99.43,99.43,99.62,99.62,99.62,98.11,98.11,98.30,98.30,98.30,98.20,98.49,98.86,98.68,98.87,98.67,98.49,98.30,98.49,98.68,98.68,98.87,98.68,98.49,98.68,98.68,98.87,98.96,99.05,99.05,99.24,99.24,99.24,99.24,84.88,88.28,88.47,88.26,88.09,88.07,88.07,88.07,88.07,88.07,88.09,89.41,89.30,89.20,89.41,88.47,88.28,88.66,88.66,88.47,88.85,88.78,92.42,91.12,91.48,91.48,86.77,87.15,87.15,87.15,87.71,87.71,87.33,87.33,87.69,87.69,87.31,87.52,87.52,87.52,87.52,87.50,87.50,87.90,90.06,89.98,89.98,89.98,89.98,89.79,89.98,89.98,90.36,90.36,90.36,90.55,90.55,90.36
B-AB848013,94.14,94.14,93.19,93.57,93.76,93.76,93.76,97.16,97.54,97.54,97.73,97.73,97.54,97.54,97.73,97.73,97.16,97.16,97.16,96.97,97.16,97.16,96.79,96.79,97.35,97.35,97.35,97.92,97.92,97.92,98.68,98.68,97.92,98.30,98.30,98.30,98.68,98.68,98.68,98.87,99.62,99.62,99.62,99.62,99.62,,99.81,99.81,99.81,99.81,100.00,100.00,100.00,97.73,97.73,97.92,97.92,97.92,97.82,98.11,98.48,98.30,98.49,98.30,98.11,97.92,98.11,98.30,98.30,98.49,98.30,98.11,98.30,98.30,98.49,98.58,98.68,98.68,98.87,98.87,98.87,98.87,84.88,88.28,88.47,88.26,88.09,88.07,88.07,88.07,88.07,88.07,88.09,89.41,89.30,89.20,89.41,88.47,88.28,88.66,88.66,88.47,88.85,88.54,92.05,91.12,91.48,91.48,86.77,86.77,86.77,86.77,87.33,87.33,86.96,86.96,87.31,87.31,86.93,87.15,87.15,87.15,87.15,87.12,87.12,87.52,89.68,89.60,89.60,89.60,89.60,89.41,89.60,89.60,89.98,89.98,89.98,90.17,90.17,89.98
B-LC751938,93.95,93.95,93.01,93.38,93.57,93.57,93.57,96.97,97.35,97.35,97.54,97.54,97.35,97.35,97.54,97.54,96.98,96.98,96.98,96.78,96.98,96.97,96.60,96.60,97.16,97.16,97.16,97.73,97.73,97.73,98.49,98.49,97.73,98.11,98.11,98.11,98.49,98.49,98.49,98.68,99.43,99.43,99.43,99.43,99.43,99.81,,100.00,100.00,99.62,99.81,99.81,99.81,97.54,97.54,97.73,97.73,97.73,97.63,97.92,98.30,98.11,98.30,98.11,97.92,97.73,97.92,98.11,98.11,98.30,98.11,97.92,98.11,98.11,98.30,98.39,98.49,98.49,98.68,98.68,98.68,98.68,84.69,88.09,88.28,88.07,87.90,87.88,87.88,87.88,87.88,87.88,87.90,89.22,89.11,89.02,89.22,88.28,88.09,88.47,88.47,88.28,88.66,88.31,91.86,90.93,91.29,91.29,86.58,86.58,86.58,86.58,87.15,87.15,86.77,86.77,87.12,87.12,86.74,86.96,86.96,86.96,86.96,86.93,86.93,87.33,89.49,89.41,89.41,89.41,89.41,89.22,89.41,89.41,89.79,89.79,89.79,89.98,89.98,89.79
B-LC751908,93.95,93.95,93.01,93.38,93.57,93.57,93.57,96.97,97.35,97.35,97.54,97.54,97.35,97.35,97.54,97.54,96.98,96.98,96.98,96.78,96.98,96.97,96.60,96.60,97.16,97.16,97.16,97.73,97.73,97.73,98.49,98.49,97.73,98.11,98.11,98.11,98.49,98.49,98.49,98.68,99.43,99.43,99.43,99.43,99.43,99.81,100.00,,100.00,99.62,99.81,99.81,99.81,97.54,97.54,97.73,97.73,97.73,97.63,97.92,98.30,98.11,98.30,98.11,97.92,97.73,97.92,98.11,98.11,98.30,98.11,97.92,98.11,98.11,98.30,98.39,98.49,98.49,98.68,98.68,98.68,98.68,84.69,88.09,88.28,88.07,87.90,87.88,87.88,87.88,87.88,87.88,87.90,89.22,89.11,89.02,89.22,88.28,88.09,88.47,88.47,88.28,88.66,88.31,91.86,90.93,91.29,91.29,86.58,86.58,86.58,86.58,87.15,87.15,86.77,86.77,87.12,87.12,86.74,86.96,86.96,86.96,86.96,86.93,86.93,87.33,89.49,89.41,89.41,89.41,89.41,89.22,89.41,89.41,89.79,89.79,89.79,89.98,89.98,89.79
B-KY616894,93.94,93.94,92.99,93.37,93.56,93.56,93.56,96.97,97.35,97.35,97.54,97.54,97.35,97.35,97.54,97.54,96.97,96.97,96.97,96.78,96.97,96.97,96.59,96.59,97.16,97.16,97.16,97.73,97.73,97.73,98.48,98.48,97.73,98.11,98.11,98.11,98.48,98.48,98.48,98.67,99.43,99.43,99.43,99.43,99.43,99.81,100.00,100.00,,99.62,99.81,99.81,99.81,97.54,97.54,97.73,97.73,97.73,97.63,97.92,98.30,98.11,98.30,98.11,97.92,97.73,97.92,98.11,98.11,98.30,98.11,97.92,98.11,98.11,98.30,98.39,98.48,98.48,98.67,98.67,98.67,98.67,84.66,88.07,88.26,88.07,87.88,87.88,87.88,87.88,87.88,87.88,87.88,89.20,89.11,89.02,89.20,88.26,88.07,88.45,88.45,88.26,88.64,88.31,91.86,90.91,91.29,91.29,86.55,86.55,86.55,86.55,87.12,87.12,86.74,86.74,87.12,87.12,86.74,86.93,86.93,86.93,86.93,86.93,86.93,87.31,89.49,89.39,89.39,89.39,89.39,89.20,89.39,89.39,89.77,89.77,89.77,89.96,89.96,89.77
B-AB975925,93.95,93.95,93.01,93.38,93.57,93.57,93.57,96.97,97.35,97.35,97.54,97.54,97.35,97.35,97.54,97.54,96.98,96.98,96.98,96.78,96.98,96.97,96.60,96.60,97.16,97.16,97.54,97.73,97.73,97.73,98.49,98.49,97.73,98.11,98.11,98.11,98.49,98.49,98.49,98.68,99.43,99.43,99.43,99.43,99.43,99.81,99.62,99.62,99.62,,99.81,99.81,99.81,97.54,97.54,97.73,97.73,97.73,97.63,97.92,98.30,98.11,98.30,98.11,97.92,97.73,97.92,98.11,98.11,98.30,98.11,97.92,98.11,98.11,98.30,98.39,98.49,98.49,98.68,98.68,98.68,98.68,84.69,88.09,88.28,88.07,87.90,87.88,87.88,87.88,87.88,87.88,87.90,89.22,89.11,89.02,89.22,88.28,88.09,88.47,88.47,88.28,88.66,88.31,91.86,90.93,91.29,91.29,86.58,86.58,86.58,86.58,87.15,87.15,86.77,86.77,87.12,87.12,86.74,86.96,86.96,86.96,86.96,86.93,86.93,87.33,89.49,89.41,89.41,89.41,89.41,89.22,89.41,89.41,89.79,89.79,89.79,89.98,89.98,89.79
B-AB975954,94.14,94.14,93.19,93.57,93.76,93.76,93.76,97.16,97.54,97.54,97.73,97.73,97.54,97.54,97.73,97.73,97.16,97.16,97.16,96.97,97.16,97.16,96.79,96.79,97.35,97.35,97.35,97.92,97.92,97.92,98.68,98.68,97.92,98.30,98.30,98.30,98.68,98.68,98.68,98.87,99.62,99.62,99.62,99.62,99.62,100.00,99.81,99.81,99.81,99.81,,100.00,100.00,97.73,97.73,97.92,97.92,97.92,97.82,98.11,98.48,98.30,98.49,98.30,98.11,97.92,98.11,98.30,98.30,98.49,98.30,98.11,98.30,98.30,98.49,98.58,98.68,98.68,98.87,98.87,98.87,98.87,84.88,88.28,88.47,88.26,88.09,88.07,88.07,88.07,88.07,88.07,88.09,89.41,89.30,89.20,89.41,88.47,88.28,88.66,88.66,88.47,88.85,88.54,92.05,91.12,91.48,91.48,86.77,86.77,86.77,86.77,87.33,87.33,86.96,86.96,87.31,87.31,86.93,87.15,87.15,87.15,87.15,87.12,87.12,87.52,89.68,89.60,89.60,89.60,89.60,89.41,89.60,89.60,89.98,89.98,89.98,90.17,90.17,89.98
B-AB975953,94.14,94.14,93.19,93.57,93.76,93.76,93.76,97.16,97.54,97.54,97.73,97.73,97.54,97.54,97.73,97.73,97.16,97.16,97.16,96.97,97.16,97.16,96.79,96.79,97.35,97.35,97.35,97.92,97.92,97.92,98.68,98.68,97.92,98.30,98.30,98.30,98.68,98.68,98.68,98.87,99.62,99.62,99.62,99.62,99.62,100.00,99.81,99.81,99.81,99.81,100.00,,100.00,97.73,97.73,97.92,97.92,97.92,97.82,98.11,98.48,98.30,98.49,98.30,98.11,97.92,98.11,98.30,98.30,98.49,98.30,98.11,98.30,98.30,98.49,98.58,98.68,98.68,98.87,98.87,98.87,98.87,84.88,88.28,88.47,88.26,88.09,88.07,88.07,88.07,88.07,88.07,88.09,89.41,89.30,89.20,89.41,88.47,88.28,88.66,88.66,88.47,88.85,88.54,92.05,91.12,91.48,91.48,86.77,86.77,86.77,86.77,87.33,87.33,86.96,86.96,87.31,87.31,86.93,87.15,87.15,87.15,87.15,87.12,87.12,87.52,89.68,89.60,89.60,89.60,89.60,89.41,89.60,89.60,89.98,89.98,89.98,90.17,90.17,89.98
B-AB975923,94.14,94.14,93.19,93.57,93.76,93.76,93.76,97.16,97.54,97.54,97.73,97.73,97.54,97.54,97.73,97.73,97.16,97.16,97.16,96.97,97.16,97.16,96.79,96.79,97.35,97.35,97.35,97.92,97.92,97.92,98.68,98.68,97.92,98.30,98.30,98.30,98.68,98.68,98.68,98.87,99.62,99.62,99.62,99.62,99.62,100.00,99.81,99.81,99.81,99.81,100.00,100.00,,97.73,97.73,97.92,97.92,97.92,97.82,98.11,98.48,98.30,98.49,98.30,98.11,97.92,98.11,98.30,98.30,98.49,98.30,98.11,98.30,98.30,98.49,98.58,98.68,98.68,98.87,98.87,98.87,98.87,84.88,88.28,88.47,88.26,88.09,88.07,88.07,88.07,88.07,88.07,88.09,89.41,89.30,89.20,89.41,88.47,88.28,88.66,88.66,88.47,88.85,88.54,92.05,91.12,91.48,91.48,86.77,86.77,86.77,86.77,87.33,87.33,86.96,86.96,87.31,87.31,86.93,87.15,87.15,87.15,87.15,87.12,87.12,87.52,89.68,89.60,89.60,89.60,89.60,89.41,89.60,89.60,89.98,89.98,89.98,90.17,90.17,89.98
B-OP850423,93.76,93.76,92.82,93.19,93.38,93.38,93.38,96.78,96.40,97.16,96.98,96.98,96.79,96.79,96.98,96.98,96.41,96.41,96.41,96.21,96.41,96.40,96.03,96.03,96.22,96.60,97.35,97.16,97.54,97.54,97.92,97.92,97.16,97.54,97.54,97.54,97.92,97.92,97.92,98.11,98.11,98.11,98.11,98.11,98.11,97.73,97.54,97.54,97.54,97.54,97.73,97.73,97.73,,99.62,99.81,99.81,99.81,99.34,99.24,99.24,99.43,98.49,98.30,98.11,97.92,98.11,98.30,98.30,98.49,98.30,98.11,98.30,98.30,98.49,98.58,98.68,98.68,98.87,98.87,98.87,98.87,85.07,88.66,88.85,88.64,88.47,88.45,88.45,88.45,88.45,88.45,88.47,89.79,89.68,89.58,89.79,89.04,88.28,88.66,88.66,88.47,88.85,88.31,92.42,91.30,91.67,91.67,86.20,86.96,86.96,86.96,87.52,87.52,87.15,87.15,87.50,87.50,87.12,87.33,87.33,87.33,87.33,87.31,87.31,87.15,89.68,89.60,89.60,89.60,89.60,89.41,89.60,89.60,89.98,89.98,89.98,90.17,90.17,89.98
B-OP850418,93.76,93.76,92.82,93.19,93.38,93.38,93.38,96.78,96.40,97.16,96.98,96.98,96.79,96.79,96.98,96.98,96.41,96.41,96.41,96.21,96.41,96.40,96.03,96.03,96.22,96.60,97.35,97.16,97.54,97.54,98.30,98.30,97.16,97.54,97.54,97.54,97.92,97.92,97.92,98.11,98.11,98.11,98.11,98.11,98.11,97.73,97.54,97.54,97.54,97.54,97.73,97.73,97.73,99.62,,99.81,99.81,99.81,99.34,99.24,99.24,99.43,98.49,98.30,98.11,97.92,98.11,98.30,98.30,98.49,98.30,98.11,98.30,98.30,98.49,98.58,98.68,98.68,98.87,98.87,98.87,98.87,85.07,88.66,88.85,88.64,88.47,88.45,88.45,88.45,88.45,88.45,88.47,89.79,89.68,89.58,89.79,88.85,88.28,88.66,88.66,88.47,88.85,88.31,92.42,91.12,91.48,91.48,86.39,86.77,86.77,86.77,87.33,87.33,86.96,86.96,87.31,87.31,86.93,87.15,87.15,87.15,87.15,87.12,87.12,87.15,89.68,89.60,89.60,89.60,89.60,89.41,89.60,89.60,89.98,89.98,89.98,90.17,90.17,89.98
B-OP850422,93.95,93.95,93.01,93.38,93.57,93.57,93.57,96.97,96.59,97.35,97.16,97.16,96.98,96.98,97.16,97.16,96.60,96.60,96.60,96.40,96.60,96.59,96.22,96.22,96.41,96.79,97.54,97.35,97.73,97.73,98.11,98.11,97.35,97.73,97.73,97.73,98.11,98.11,98.11,98.30,98.30,98.30,98.30,98.30,98.30,97.92,97.73,97.73,97.73,97.73,97.92,97.92,97.92,99.81,99.81,,100.00,100.00,99.53,99.43,99.43,99.62,98.68,98.48,98.30,98.11,98.30,98.49,98.49,98.68,98.49,98.30,98.49,98.49,98.68,98.77,98.87,98.87,99.05,99.05,99.05,99.05,85.26,88.85,89.04,88.83,88.66,88.64,88.64,88.64,88.64,88.64,88.66,89.98,89.87,89.77,89.98,89.04,88.47,88.85,88.85,88.66,89.04,88.54,92.61,91.30,91.67,91.67,86.20,86.96,86.96,86.96,87.52,87.52,87.15,87.15,87.50,87.50,87.12,87.33,87.33,87.33,87.33,87.31,87.31,87.33,89.87,89.79,89.79,89.79,89.79,89.60,89.79,89.79,90.17,90.17,90.17,90.36,90.36,90.17
B-OP850421,93.95,93.95,93.01,93.38,93.57,93.57,93.57,96.97,96.59,97.35,97.16,97.16,96.98,96.98,97.16,97.16,96.60,96.60,96.60,96.40,96.60,96.59,96.22,96.22,96.41,96.79,97.54,97.35,97.73,97.73,98.11,98.11,97.35,97.73,97.73,97.73,98.11,98.11,98.11,98.30,98.30,98.30,98.30,98.30,98.30,97.92,97.73,97.73,97.73,97.73,97.92,97.92,97.92,99.81,99.81,100.00,,100.00,99.53,99.43,99.43,99.62,98.68,98.48,98.30,98.11,98.30,98.49,98.49,98.68,98.49,98.30,98.49,98.49,98.68,98.77,98.87,98.87,99.05,99.05,99.05,99.05,85.26,88.85,89.04,88.83,88.66,88.64,88.64,88.64,88.64,88.64,88.66,89.98,89.87,89.77,89.98,89.04,88.47,88.85,88.85,88.66,89.04,88.54,92.61,91.30,91.67,91.67,86.20,86.96,86.96,86.96,87.52,87.52,87.15,87.15,87.50,87.50,87.12,87.33,87.33,87.33,87.33,87.31,87.31,87.33,89.87,89.79,89.79,89.79,89.79,89.60,89.79,89.79,90.17,90.17,90.17,90.36,90.36,90.17
B-OP850420,93.95,93.95,93.01,93.38,93.57,93.57,93.57,96.97,96.59,97.35,97.16,97.16,96.98,96.98,97.16,97.16,96.60,96.60,96.60,96.40,96.60,96.59,96.22,96.22,96.41,96.79,97.54,97.35,97.73,97.73,98.11,98.11,97.35,97.73,97.73,97.73,98.11,98.11,98.11,98.30,98.30,98.30,98.30,98.30,98.30,97.92,97.73,97.73,97.73,97.73,97.92,97.92,97.92,99.81,99.81,100.00,100.00,,99.53,99.43,99.43,99.62,98.68,98.48,98.30,98.11,98.30,98.49,98.49,98.68,98.49,98.30,98.49,98.49,98.68,98.77,98.87,98.87,99.05,99.05,99.05,99.05,85.26,88.85,89.04,88.83,88.66,88.64,88.64,88.64,88.64,88.64,88.66,89.98,89.87,89.77,89.98,89.04,88.47,88.85,88.85,88.66,89.04,88.54,92.61,91.30,91.67,91.67,86.20,86.96,86.96,86.96,87.52,87.52,87.15,87.15,87.50,87.50,87.12,87.33,87.33,87.33,87.33,87.31,87.31,87.33,89.87,89.79,89.79,89.79,89.79,89.60,89.79,89.79,90.17,90.17,90.17,90.36,90.36,90.17
B-PX212113,93.47,93.47,92.52,92.90,93.09,93.09,93.09,96.88,96.50,97.25,97.06,97.06,96.88,96.88,97.06,97.06,96.50,96.50,96.50,96.31,96.50,96.50,96.12,96.12,96.31,96.69,97.44,97.25,97.63,97.63,98.01,98.01,97.25,97.63,97.63,97.63,98.01,98.01,98.01,98.20,98.20,98.20,98.20,98.20,98.20,97.82,97.63,97.63,97.63,97.63,97.82,97.82,97.82,99.34,99.34,99.53,99.53,99.53,,99.34,99.34,99.53,98.58,98.39,98.20,98.01,98.20,98.39,98.39,98.58,98.39,98.20,98.39,98.39,98.58,98.67,98.77,98.77,98.96,98.96,98.96,98.96,84.94,88.35,88.54,88.35,88.16,88.16,88.16,88.16,88.16,88.16,88.16,89.49,89.49,89.30,89.49,88.54,87.97,88.35,88.35,88.16,88.54,88.07,92.14,90.81,91.19,91.19,85.70,86.84,86.84,86.84,87.41,87.41,87.03,87.03,87.41,87.41,87.03,87.22,87.22,87.22,87.22,87.22,87.22,87.03,89.58,89.49,89.49,89.49,89.49,89.30,89.49,89.49,89.68,89.68,89.68,89.87,89.87,89.68
B-LC514479,93.76,93.76,92.82,93.19,93.38,93.38,93.38,97.16,96.78,97.54,97.35,97.35,97.16,97.16,97.35,97.35,96.79,96.79,96.79,96.59,96.79,96.78,96.41,96.41,96.60,96.98,97.73,97.54,97.92,97.92,98.30,98.30,97.54,97.92,97.92,97.92,98.30,98.30,98.30,98.49,98.49,98.49,98.49,98.49,98.49,98.11,97.92,97.92,97.92,97.92,98.11,98.11,98.11,99.24,99.24,99.43,99.43,99.43,99.34,,99.62,99.81,98.87,98.67,98.49,98.30,98.49,98.68,98.68,98.87,98.68,98.49,98.68,98.68,98.87,98.96,99.05,99.05,99.24,99.24,99.24,99.24,85.63,89.04,89.22,89.02,88.47,88.83,88.83,88.83,88.83,88.83,88.85,90.17,90.06,89.96,90.17,89.22,88.66,89.04,89.04,88.85,89.22,88.78,92.42,91.12,91.48,91.48,86.01,87.52,87.52,87.52,88.09,88.09,87.71,87.71,88.07,88.07,87.69,87.90,87.90,87.90,87.90,87.88,87.88,87.15,89.68,89.60,89.60,89.60,89.60,89.41,89.60,89.60,89.98,89.98,89.98,90.17,90.17,89.98
B-MZ546121,94.13,94.13,93.18,93.56,93.75,93.75,93.75,97.54,97.16,97.92,97.73,97.73,97.54,97.54,97.73,97.73,97.16,97.16,97.16,96.97,97.16,97.16,96.78,96.78,96.97,97.35,98.11,97.92,98.30,98.30,98.67,98.67,97.92,98.30,98.30,98.30,98.67,98.67,98.67,98.86,98.86,98.86,98.86,98.86,98.86,98.48,98.30,98.30,98.30,98.30,98.48,98.48,98.48,99.24,99.24,99.43,99.43,99.43,99.34,99.62,,99.81,99.24,99.05,98.86,98.67,98.86,99.05,99.05,99.24,99.05,98.86,99.05,99.05,99.24,99.34,99.43,99.43,99.62,99.62,99.62,99.62,85.23,88.64,88.83,88.64,88.45,88.45,88.45,88.45,88.45,88.45,88.45,89.77,89.68,89.58,89.77,88.83,88.26,88.64,88.64,88.45,88.83,88.54,92.42,91.10,91.48,91.48,86.36,87.12,87.12,87.12,87.69,87.69,87.31,87.31,87.69,87.69,87.31,87.50,87.50,87.50,87.50,87.50,87.50,87.50,89.68,89.58,89.58,89.58,89.58,89.39,89.58,89.58,89.96,89.96,89.96,90.15,90.15,89.96
B-LC514490,93.95,93.95,93.01,93.38,93.57,93.57,93.57,97.35,96.97,97.73,97.54,97.54,97.35,97.35,97.54,97.54,96.98,96.98,96.98,96.78,96.98,96.97,96.60,96.60,96.79,97.16,97.92,97.73,98.11,98.11,98.49,98.49,97.73,98.11,98.11,98.11,98.49,98.49,98.49,98.68,98.68,98.68,98.68,98.68,98.68,98.30,98.11,98.11,98.11,98.11,98.30,98.30,98.30,99.43,99.43,99.62,99.62,99.62,99.53,99.81,99.81,,99.05,98.86,98.68,98.49,98.68,98.87,98.87,99.05,98.87,98.68,98.87,98.87,99.05,99.15,99.24,99.24,99.43,99.43,99.43,99.43,85.44,88.85,89.04,88.83,88.66,88.64,88.64,88.64,88.64,88.64,88.66,89.98,89.87,89.77,89.98,89.04,88.47,88.85,88.85,88.66,89.04,88.54,92.61,91.30,91.67,91.67,86.20,87.33,87.33,87.33,87.90,87.90,87.52,87.52,87.88,87.88,87.50,87.71,87.71,87.71,87.71,87.69,87.69,87.33,89.87,89.79,89.79,89.79,89.79,89.60,89.79,89.79,90.17,90.17,90.17,90.36,90.36,90.17
B-MH704739,94.14,94.14,93.19,93.57,93.76,93.76,93.76,97.54,97.16,97.54,97.73,97.73,97.54,97.54,97.73,97.73,97.16,97.16,97.16,96.97,97.16,97.16,96.79,96.79,96.98,97.35,98.11,97.92,98.30,98.30,98.68,98.68,97.92,98.30,98.30,98.30,98.68,98.68,98.68,98.87,98.87,98.87,98.87,98.87,98.87,98.49,98.30,98.30,98.30,98.30,98.49,98.49,98.49,98.49,98.49,98.68,98.68,98.68,98.58,98.87,99.24,99.05,,99.81,99.62,99.43,99.62,99.81,99.81,100.00,99.81,98.87,99.05,99.05,99.24,99.34,99.43,99.43,99.62,99.62,99.62,99.62,84.88,88.28,88.47,88.26,88.09,88.07,88.07,88.07,88.07,88.07,88.09,89.41,89.30,89.20,89.41,88.47,88.28,88.66,88.66,88.47,88.85,88.54,92.42,91.49,91.86,91.86,86.77,87.52,87.52,87.52,88.09,88.09,87.71,87.71,88.07,88.07,87.69,87.90,87.90,87.90,87.90,87.88,87.88,87.90,90.44,90.36,90.36,90.36,90.36,90.17,90.36,90.36,90.74,90.74,90.74,90.93,90.93,90.74
B-MF997044,93.94,93.94,92.99,93.37,93.56,93.56,93.56,97.35,96.97,97.35,97.54,97.54,97.35,97.35,97.54,97.54,96.97,96.97,96.97,96.78,96.97,96.97,96.59,96.59,96.78,97.16,97.92,97.73,98.11,98.11,98.48,98.48,97.73,98.11,98.11,98.11,98.48,98.48,98.48,98.67,98.67,98.67,98.67,98.67,98.67,98.30,98.11,98.11,98.11,98.11,98.30,98.30,98.30,98.30,98.30,98.48,98.48,98.48,98.39,98.67,99.05,98.86,99.81,,99.43,99.24,99.43,99.62,99.62,99.81,99.62,98.67,98.86,98.86,99.05,99.15,99.24,99.24,99.43,99.43,99.43,99.43,84.66,88.07,88.26,88.07,87.88,87.88,87.88,87.88,87.88,87.88,87.88,89.58,89.49,89.39,89.58,88.26,88.07,88.45,88.45,88.26,88.64,88.31,92.23,91.29,91.67,91.67,86.93,87.69,87.69,87.69,88.26,88.26,87.88,87.88,88.26,88.26,87.88,88.07,88.07,88.07,88.07,88.07,88.07,87.69,90.25,90.15,90.15,90.15,90.15,89.96,90.15,90.15,90.53,90.53,90.53,90.72,90.72,90.53
B-LC228335,93.76,93.76,92.82,93.19,93.38,93.38,93.38,97.16,96.78,97.16,97.35,97.35,97.16,97.16,97.35,97.35,96.79,96.79,96.79,96.59,96.79,96.78,96.41,96.41,96.60,96.98,97.73,97.54,97.92,97.92,98.30,98.30,97.54,97.92,97.92,97.92,98.30,98.30,98.30,98.49,98.49,98.49,98.49,98.49,98.49,98.11,97.92,97.92,97.92,97.92,98.11,98.11,98.11,98.11,98.11,98.30,98.30,98.30,98.20,98.49,98.86,98.68,99.62,99.43,,99.81,99.62,99.43,99.43,99.62,99.43,98.49,98.68,98.68,98.87,98.96,99.05,99.05,99.24,99.24,99.24,99.24,84.88,88.28,88.47,88.26,88.09,88.07,88.07,88.07,88.07,88.07,88.09,89.41,89.30,89.20,89.41,88.47,88.28,88.66,88.66,88.47,88.85,88.54,92.05,91.12,91.48,91.48,86.39,87.15,87.52,87.52,87.71,87.71,87.33,87.33,87.69,87.69,87.31,87.52,87.52,87.52,87.52,87.50,87.50,87.52,90.81,90.74,90.74,90.74,90.74,90.55,90.74,90.74,90.74,90.74,90.74,90.93,90.93,90.74
B-LC228324,93.57,93.57,92.63,93.01,93.19,93.19,93.19,96.97,96.59,96.97,97.16,97.16,96.98,96.98,97.16,97.16,96.60,96.60,96.60,96.40,96.60,96.59,96.22,96.22,96.41,96.79,97.54,97.35,97.73,97.73,98.11,98.11,97.35,97.73,97.73,97.73,98.11,98.11,98.11,98.30,98.30,98.30,98.30,98.30,98.30,97.92,97.73,97.73,97.73,97.73,97.92,97.92,97.92,97.92,97.92,98.11,98.11,98.11,98.01,98.30,98.67,98.49,99.43,99.24,99.81,,99.43,99.24,99.24,99.43,99.24,98.30,98.49,98.49,98.68,98.77,98.87,98.87,99.05,99.05,99.05,99.05,85.07,88.47,88.66,88.45,88.28,88.26,88.26,88.26,88.26,88.26,88.28,89.22,89.11,89.02,89.22,88.66,88.47,88.85,88.85,88.66,89.04,88.78,91.86,90.93,91.29,91.29,86.20,86.96,87.33,87.33,87.52,87.52,87.15,87.15,87.50,87.50,87.12,87.33,87.33,87.33,87.33,87.31,87.31,87.71,90.63,90.55,90.55,90.55,90.55,90.36,90.55,90.55,90.55,90.55,90.55,90.74,90.74,90.55
B-LC541991,93.95,93.95,93.01,93.38,93.57,93.57,93.57,97.16,96.78,97.16,97.35,97.35,97.16,97.16,97.35,97.35,96.79,96.79,96.79,96.59,96.79,96.78,96.41,96.41,96.60,96.98,97.73,97.54,97.92,97.92,98.30,98.30,97.54,97.92,97.92,97.92,98.30,98.30,98.30,98.49,98.49,98.49,98.49,98.49,98.49,98.11,97.92,97.92,97.92,97.92,98.11,98.11,98.11,98.11,98.11,98.30,98.30,98.30,98.20,98.49,98.86,98.68,99.62,99.43,99.62,99.43,,99.43,99.43,99.62,99.43,98.49,98.68,98.68,98.87,98.96,99.05,99.05,99.24,99.24,99.24,99.24,85.26,88.47,88.66,88.45,88.28,88.26,88.26,88.26,88.26,88.26,88.28,89.60,89.49,89.39,89.60,88.66,88.47,88.85,88.85,88.66,89.04,88.78,92.05,91.12,91.48,91.48,86.58,87.33,87.33,87.33,87.90,87.90,87.52,87.52,87.88,87.88,87.50,87.71,87.71,87.71,87.71,87.69,87.69,87.71,90.63,90.55,90.55,90.55,90.55,90.36,90.55,90.55,90.93,90.93,90.93,91.12,91.12,90.93
B-KU870416,94.33,94.33,93.38,93.76,93.95,93.95,93.95,97.35,96.97,97.35,97.54,97.54,97.35,97.35,97.54,97.54,96.98,96.98,96.98,96.78,96.98,96.97,96.60,96.60,96.79,97.16,97.92,97.73,98.11,98.11,98.49,98.49,97.73,98.11,98.11,98.11,98.49,98.49,98.49,98.68,98.68,98.68,98.68,98.68,98.68,98.30,98.11,98.11,98.11,98.11,98.30,98.30,98.30,98.30,98.30,98.49,98.49,98.49,98.39,98.68,99.05,98.87,99.81,99.62,99.43,99.24,99.43,,100.00,99.81,99.62,98.68,98.87,98.87,99.05,99.15,99.24,99.24,99.43,99.43,99.43,99.43,85.07,88.47,88.66,88.45,88.28,88.26,88.26,88.26,88.26,88.26,88.28,89.60,89.49,89.39,89.60,88.66,88.47,88.85,88.85,88.66,89.04,88.78,92.61,91.68,92.05,92.05,86.96,87.71,87.71,87.71,88.28,88.28,87.90,87.90,88.26,88.26,87.88,88.09,88.09,88.09,88.09,88.07,88.07,88.09,90.63,90.55,90.55,90.55,90.55,90.36,90.55,90.55,90.93,90.93,90.93,91.12,91.12,90.93
B-KU870394,94.33,94.33,93.38,93.76,93.95,93.95,93.95,97.35,96.97,97.35,97.54,97.54,97.35,97.35,97.54,97.54,96.98,96.98,96.98,96.78,96.98,96.97,96.60,96.60,96.79,97.16,97.92,97.73,98.11,98.11,98.49,98.49,97.73,98.11,98.11,98.11,98.49,98.49,98.49,98.68,98.68,98.68,98.68,98.68,98.68,98.30,98.11,98.11,98.11,98.11,98.30,98.30,98.30,98.30,98.30,98.49,98.49,98.49,98.39,98.68,99.05,98.87,99.81,99.62,99.43,99.24,99.43,100.00,,99.81,99.62,98.68,98.87,98.87,99.05,99.15,99.24,99.24,99.43,99.43,99.43,99.43,85.07,88.47,88.66,88.45,88.28,88.26,88.26,88.26,88.26,88.26,88.28,89.60,89.49,89.39,89.60,88.66,88.47,88.85,88.85,88.66,89.04,88.78,92.61,91.68,92.05,92.05,86.96,87.71,87.71,87.71,88.28,88.28,87.90,87.90,88.26,88.26,87.88,88.09,88.09,88.09,88.09,88.07,88.07,88.09,90.63,90.55,90.55,90.55,90.55,90.36,90.55,90.55,90.93,90.93,90.93,91.12,91.12,90.93
B-KU550318,94.14,94.14,93.19,93.57,93.76,93.76,93.76,97.54,97.16,97.54,97.73,97.73,97.54,97.54,97.73,97.73,97.16,97.16,97.16,96.97,97.16,97.16,96.79,96.79,96.98,97.35,98.11,97.92,98.30,98.30,98.68,98.68,97.92,98.30,98.30,98.30,98.68,98.68,98.68,98.87,98.87,98.87,98.87,98.87,98.87,98.49,98.30,98.30,98.30,98.30,98.49,98.49,98.49,98.49,98.49,98.68,98.68,98.68,98.58,98.87,99.24,99.05,100.00,99.81,99.62,99.43,99.62,99.81,99.81,,99.81,98.87,99.05,99.05,99.24,99.34,99.43,99.43,99.62,99.62,99.62,99.62,84.88,88.28,88.47,88.26,88.09,88.07,88.07,88.07,88.07,88.07,88.09,89.41,89.30,89.20,89.41,88.47,88.28,88.66,88.66,88.47,88.85,88.54,92.42,91.49,91.86,91.86,86.77,87.52,87.52,87.52,88.09,88.09,87.71,87.71,88.07,88.07,87.69,87.90,87.90,87.90,87.90,87.88,87.88,87.90,90.44,90.36,90.36,90.36,90.36,90.17,90.36,90.36,90.74,90.74,90.74,90.93,90.93,90.74
B-KU550316,93.95,93.95,93.01,93.38,93.57,93.57,93.57,97.35,96.97,97.35,97.54,97.54,97.35,97.35,97.54,97.54,96.98,96.98,96.98,96.78,96.98,96.97,96.60,96.60,96.79,97.16,97.92,97.73,98.11,98.11,98.49,98.49,97.73,98.30,98.30,98.30,98.49,98.49,98.49,98.68,98.68,98.68,98.68,98.68,98.68,98.30,98.11,98.11,98.11,98.11,98.30,98.30,98.30,98.30,98.30,98.49,98.49,98.49,98.39,98.68,99.05,98.87,99.81,99.62,99.43,99.24,99.43,99.62,99.62,99.81,,98.68,98.87,98.87,99.05,99.24,99.24,99.24,99.43,99.43,99.43,99.43,84.69,88.09,88.28,88.07,87.90,87.88,87.88,87.88,87.88,87.88,87.90,89.22,89.11,89.02,89.22,88.28,88.09,88.47,88.47,88.28,88.66,88.54,92.23,91.30,91.67,91.67,86.58,87.33,87.33,87.33,87.90,87.90,87.52,87.52,87.88,87.88,87.50,87.71,87.71,87.71,87.71,87.69,87.69,87.71,90.25,90.17,90.17,90.17,90.17,89.98,90.17,90.17,90.55,90.55,90.55,90.74,90.74,90.55
B-MH520744,94.14,94.14,93.19,93.57,93.76,93.76,93.76,97.54,97.16,97.16,97.35,97.35,97.16,97.16,97.35,97.35,96.79,96.79,96.79,96.59,96.79,96.78,96.41,96.41,96.60,96.98,97.35,97.54,97.92,97.92,98.30,98.30,97.54,97.92,97.92,97.92,98.30,98.30,98.30,98.49,98.49,98.49,98.49,98.49,98.49,98.11,97.92,97.92,97.92,97.92,98.11,98.11,98.11,98.11,98.11,98.30,98.30,98.30,98.20,98.49,98.86,98.68,98.87,98.67,98.49,98.30,98.49,98.68,98.68,98.87,98.68,,98.68,98.68,98.87,98.96,99.05,99.05,99.24,99.24,99.24,99.24,84.88,88.28,88.47,88.26,88.09,88.07,88.07,88.07,88.07,88.07,88.09,89.41,89.30,89.20,89.41,88.47,88.28,88.66,88.66,88.47,88.47,88.31,92.80,91.87,92.23,92.23,86.20,87.15,87.52,87.52,87.71,87.71,87.33,87.33,87.69,87.69,87.31,87.52,87.52,87.52,87.52,87.50,87.50,87.90,89.68,89.98,89.98,89.98,89.98,89.79,89.98,89.98,90.36,90.36,90.36,90.55,90.55,90.36
B-LC260316,93.95,93.95,93.01,93.38,93.57,93.57,93.57,97.35,96.97,97.35,97.54,97.54,97.35,97.35,97.54,97.54,96.98,96.98,96.98,96.78,96.98,96.97,96.60,96.60,96.79,97.16,97.54,97.73,98.11,98.11,98.49,98.49,97.73,98.11,98.11,98.11,98.49,98.49,98.49,98.68,98.68,98.68,98.68,98.68,98.68,98.30,98.11,98.11,98.11,98.11,98.30,98.30,98.30,98.30,98.30,98.49,98.49,98.49,98.39,98.68,99.05,98.87,99.05,98.86,98.68,98.49,98.68,98.87,98.87,99.05,98.87,98.68,,98.87,99.05,99.15,99.24,99.24,99.43,99.43,99.43,99.43,85.07,88.47,88.66,88.45,88.28,88.26,88.26,88.26,88.26,88.26,88.28,89.22,89.11,89.02,89.22,88.66,88.47,88.47,88.47,88.66,89.04,88.78,92.23,90.93,91.29,91.29,86.96,87.71,87.71,87.71,88.28,88.28,87.90,87.90,88.26,88.26,87.88,88.09,88.09,88.09,88.09,88.07,88.07,87.71,89.87,89.79,89.79,89.79,89.79,89.60,89.79,89.79,90.17,90.17,90.17,90.36,89.98,89.79
B-LC228313,94.14,94.14,93.19,93.57,93.76,93.76,93.76,97.35,96.97,97.35,97.54,97.54,97.35,97.35,97.54,97.54,96.98,96.98,96.98,96.78,96.98,96.97,96.60,96.60,96.79,97.16,97.54,97.73,98.49,98.49,98.49,98.49,97.73,98.11,98.11,98.11,98.49,98.49,98.49,98.68,98.68,98.68,98.68,98.68,98.68,98.30,98.11,98.11,98.11,98.11,98.30,98.30,98.30,98.30,98.30,98.49,98.49,98.49,98.39,98.68,99.05,98.87,99.05,98.86,98.68,98.49,98.68,98.87,98.87,99.05,98.87,98.68,98.87,,99.81,99.15,99.24,99.24,99.43,99.43,99.43,99.43,84.69,88.09,88.28,88.07,87.90,87.88,87.88,87.88,87.88,87.88,87.90,89.22,89.11,89.02,89.22,88.28,88.09,88.47,88.47,88.28,88.66,88.31,92.23,90.93,91.29,91.29,86.39,87.15,86.96,86.96,87.52,87.52,87.15,87.15,87.50,87.50,87.12,87.33,87.33,87.33,87.33,87.31,87.31,87.52,89.49,89.41,89.41,89.41,89.41,89.22,89.41,89.41,89.79,89.79,89.79,89.98,89.98,89.79
B-MH704738,94.33,94.33,93.38,93.76,93.95,93.95,93.95,97.54,97.16,97.54,97.73,97.73,97.54,97.54,97.73,97.73,97.16,97.16,97.16,96.97,97.16,97.16,96.79,96.79,96.98,97.35,97.73,97.92,98.68,98.68,98.68,98.68,97.92,98.30,98.30,98.30,98.68,98.68,98.68,98.87,98.87,98.87,98.87,98.87,98.87,98.49,98.30,98.30,98.30,98.30,98.49,98.49,98.49,98.49,98.49,98.68,98.68,98.68,98.58,98.87,99.24,99.05,99.24,99.05,98.87,98.68,98.87,99.05,99.05,99.24,99.05,98.87,99.05,99.81,,99.34,99.43,99.43,99.62,99.62,99.62,99.62,84.88,88.28,88.47,88.26,88.09,88.07,88.07,88.07,88.07,88.07,88.09,89.41,89.30,89.20,89.41,88.47,88.28,88.66,88.66,88.47,88.85,88.54,92.42,91.12,91.48,91.48,86.58,87.33,87.15,87.15,87.71,87.71,87.33,87.33,87.69,87.69,87.31,87.52,87.52,87.52,87.52,87.50,87.50,87.71,89.68,89.60,89.60,89.60,89.60,89.41,89.60,89.60,89.98,89.98,89.98,90.17,90.17,89.98
B-PX212115,94.22,94.22,93.28,93.66,93.84,93.84,93.84,97.63,97.25,97.63,97.82,97.82,97.63,97.63,97.82,97.82,97.25,97.25,97.25,97.06,97.25,97.25,96.88,96.88,97.06,97.44,97.82,98.01,98.39,98.39,98.77,98.77,98.01,98.58,98.58,98.58,98.77,98.77,98.77,98.96,98.96,98.96,98.96,98.96,98.96,98.58,98.39,98.39,98.39,98.39,98.58,98.58,98.58,98.58,98.58,98.77,98.77,98.77,98.67,98.96,99.34,99.15,99.34,99.15,98.96,98.77,98.96,99.15,99.15,99.34,99.24,98.96,99.15,99.15,99.34,,99.53,99.53,99.72,99.72,99.72,99.72,84.94,88.35,88.54,88.35,88.16,88.16,88.16,88.16,88.16,88.16,88.16,89.49,89.39,89.30,89.49,88.54,88.35,88.73,88.73,88.54,88.92,88.78,92.52,91.38,91.76,91.76,86.46,87.22,87.22,87.22,87.78,87.78,87.41,87.41,87.78,87.78,87.41,87.59,87.59,87.59,87.59,87.59,87.59,87.59,89.77,89.68,89.68,89.68,89.68,89.49,89.68,89.68,90.06,90.06,90.06,90.25,90.25,90.06
B-MH520742,94.52,94.52,93.57,93.95,94.14,94.14,94.14,97.92,97.54,97.92,98.11,98.11,97.92,97.92,98.11,98.11,97.54,97.54,97.54,97.35,97.54,97.54,97.16,97.16,97.35,97.73,98.11,98.30,98.68,98.68,98.87,98.87,98.30,98.68,98.68,98.68,99.05,99.05,99.05,99.24,99.05,99.05,99.05,99.05,99.05,98.68,98.49,98.49,98.48,98.49,98.68,98.68,98.68,98.68,98.68,98.87,98.87,98.87,98.77,99.05,99.43,99.24,99.43,99.24,99.05,98.87,99.05,99.24,99.24,99.43,99.24,99.05,99.24,99.24,99.43,99.53,,99.62,99.81,99.81,99.81,99.81,85.26,88.47,88.66,88.45,88.28,88.26,88.26,88.26,88.26,88.26,88.28,89.60,89.49,89.39,89.60,88.66,88.47,88.85,88.85,88.66,89.04,88.78,92.80,91.49,91.86,91.86,86.77,87.33,87.33,87.33,87.90,87.90,87.52,87.52,87.88,87.88,87.50,87.71,87.71,87.71,87.71,87.69,87.69,87.71,90.06,89.98,89.98,89.98,89.98,89.79,89.98,89.98,90.36,90.36,90.36,90.55,90.55,90.36
B-LC325469,94.33,94.33,93.38,93.76,93.95,93.95,93.95,97.73,97.35,97.73,97.92,97.92,97.73,97.73,97.92,97.92,97.35,97.35,97.35,97.54,97.35,97.35,96.98,96.98,97.16,97.54,97.92,98.11,98.49,98.49,98.87,98.87,98.11,98.49,98.49,98.49,98.87,98.87,98.87,99.05,99.05,99.05,99.05,99.05,99.05,98.68,98.49,98.49,98.48,98.49,98.68,98.68,98.68,98.68,98.68,98.87,98.87,98.87,98.77,99.05,99.43,99.24,99.43,99.24,99.05,98.87,99.05,99.24,99.24,99.43,99.24,99.05,99.24,99.24,99.43,99.53,99.62,,99.81,99.81,99.81,99.81,85.44,88.85,89.04,88.83,88.66,88.64,88.64,88.64,88.64,88.64,88.66,89.98,89.49,89.39,89.60,89.04,88.85,89.22,89.22,89.04,89.41,89.26,92.61,91.30,91.67,91.67,86.96,87.71,87.71,87.71,88.28,88.28,87.90,87.90,88.26,88.26,87.88,88.09,88.09,88.09,88.09,88.07,88.07,87.71,89.87,89.79,89.79,89.79,89.79,89.60,89.79,89.79,90.17,90.17,90.17,90.36,90.36,90.17
B-KX880423,94.52,94.52,93.57,93.95,94.14,94.14,94.14,97.92,97.54,97.92,98.11,98.11,97.92,97.92,98.11,98.11,97.54,97.54,97.54,97.35,97.54,97.54,97.16,97.16,97.35,97.73,98.11,98.30,98.68,98.68,99.05,99.05,98.30,98.68,98.68,98.68,99.05,99.05,99.05,99.24,99.24,99.24,99.24,99.24,99.24,98.87,98.68,98.68,98.67,98.68,98.87,98.87,98.87,98.87,98.87,99.05,99.05,99.05,98.96,99.24,99.62,99.43,99.62,99.43,99.24,99.05,99.24,99.43,99.43,99.62,99.43,99.24,99.43,99.43,99.62,99.72,99.81,99.81,,100.00,100.00,100.00,85.26,88.66,88.85,88.64,88.47,88.45,88.45,88.45,88.45,88.45,88.47,89.79,89.68,89.58,89.79,88.85,88.66,89.04,89.04,88.85,89.22,89.02,92.80,91.49,91.86,91.86,86.77,87.52,87.52,87.52,88.09,88.09,87.71,87.71,88.07,88.07,87.69,87.90,87.90,87.90,87.90,87.88,87.88,87.90,90.06,89.98,89.98,89.98,89.98,89.79,89.98,89.98,90.36,90.36,90.36,90.55,90.55,90.36
B-KU550320,94.52,94.52,93.57,93.95,94.14,94.14,94.14,97.92,97.54,97.92,98.11,98.11,97.92,97.92,98.11,98.11,97.54,97.54,97.54,97.35,97.54,97.54,97.16,97.16,97.35,97.73,98.11,98.30,98.68,98.68,99.05,99.05,98.30,98.68,98.68,98.68,99.05,99.05,99.05,99.24,99.24,99.24,99.24,99.24,99.24,98.87,98.68,98.68,98.67,98.68,98.87,98.87,98.87,98.87,98.87,99.05,99.05,99.05,98.96,99.24,99.62,99.43,99.62,99.43,99.24,99.05,99.24,99.43,99.43,99.62,99.43,99.24,99.43,99.43,99.62,99.72,99.81,99.81,100.00,,100.00,100.00,85.26,88.66,88.85,88.64,88.47,88.45,88.45,88.45,88.45,88.45,88.47,89.79,89.68,89.58,89.79,88.85,88.66,89.04,89.04,88.85,89.22,89.02,92.80,91.49,91.86,91.86,86.77,87.52,87.52,87.52,88.09,88.09,87.71,87.71,88.07,88.07,87.69,87.90,87.90,87.90,87.90,87.88,87.88,87.90,90.06,89.98,89.98,89.98,89.98,89.79,89.98,89.98,90.36,90.36,90.36,90.55,90.55,90.36
B-KU550319,94.52,94.52,93.57,93.95,94.14,94.14,94.14,97.92,97.54,97.92,98.11,98.11,97.92,97.92,98.11,98.11,97.54,97.54,97.54,97.35,97.54,97.54,97.16,97.16,97.35,97.73,98.11,98.30,98.68,98.68,99.05,99.05,98.30,98.68,98.68,98.68,99.05,99.05,99.05,99.24,99.24,99.24,99.24,99.24,99.24,98.87,98.68,98.68,98.67,98.68,98.87,98.87,98.87,98.87,98.87,99.05,99.05,99.05,98.96,99.24,99.62,99.43,99.62,99.43,99.24,99.05,99.24,99.43,99.43,99.62,99.43,99.24,99.43,99.43,99.62,99.72,99.81,99.81,100.00,100.00,,100.00,85.26,88.66,88.85,88.64,88.47,88.45,88.45,88.45,88.45,88.45,88.47,89.79,89.68,89.58,89.79,88.85,88.66,89.04,89.04,88.85,89.22,89.02,92.80,91.49,91.86,91.86,86.77,87.52,87.52,87.52,88.09,88.09,87.71,87.71,88.07,88.07,87.69,87.90,87.90,87.90,87.90,87.88,87.88,87.90,90.06,89.98,89.98,89.98,89.98,89.79,89.98,89.98,90.36,90.36,90.36,90.55,90.55,90.36
B-KU550317,94.52,94.52,93.57,93.95,94.14,94.14,94.14,97.92,97.54,97.92,98.11,98.11,97.92,97.92,98.11,98.11,97.54,97.54,97.54,97.35,97.54,97.54,97.16,97.16,97.35,97.73,98.11,98.30,98.68,98.68,99.05,99.05,98.30,98.68,98.68,98.68,99.05,99.05,99.05,99.24,99.24,99.24,99.24,99.24,99.24,98.87,98.68,98.68,98.67,98.68,98.87,98.87,98.87,98.87,98.87,99.05,99.05,99.05,98.96,99.24,99.62,99.43,99.62,99.43,99.24,99.05,99.24,99.43,99.43,99.62,99.43,99.24,99.43,99.43,99.62,99.72,99.81,99.81,100.00,100.00,100.00,,85.26,88.66,88.85,88.64,88.47,88.45,88.45,88.45,88.45,88.45,88.47,89.79,89.68,89.58,89.79,88.85,88.66,89.04,89.04,88.85,89.22,89.02,92.80,91.49,91.86,91.86,86.77,87.52,87.52,87.52,88.09,88.09,87.71,87.71,88.07,88.07,87.69,87.90,87.90,87.90,87.90,87.88,87.88,87.90,90.06,89.98,89.98,89.98,89.98,89.79,89.98,89.98,90.36,90.36,90.36,90.55,90.55,90.36
A-KU199279,85.44,85.44,84.69,85.07,85.26,85.26,85.26,84.85,84.47,85.98,85.82,85.82,85.63,85.63,85.82,85.82,86.01,86.39,86.39,86.55,86.39,85.98,85.26,85.26,84.69,85.07,85.26,86.01,85.63,85.63,85.07,85.07,85.26,85.26,85.26,85.26,85.63,85.63,85.63,85.44,84.88,84.88,84.88,84.88,84.88,84.88,84.69,84.69,84.66,84.69,84.88,84.88,84.88,85.07,85.07,85.26,85.26,85.26,84.94,85.63,85.23,85.44,84.88,84.66,84.88,85.07,85.26,85.07,85.07,84.88,84.69,84.88,85.07,84.69,84.88,84.94,85.26,85.44,85.26,85.26,85.26,85.26,,89.98,90.17,90.91,90.17,90.53,90.53,90.53,90.53,90.53,90.55,90.17,89.68,89.58,89.79,90.74,90.17,90.17,90.17,89.60,90.17,91.89,84.47,83.55,83.90,83.90,84.12,85.07,85.26,85.44,85.63,85.63,85.63,85.63,85.98,85.98,85.61,85.82,85.82,85.82,85.82,85.80,85.80,84.88,86.74,86.77,86.77,86.77,86.77,86.58,86.77,86.77,87.15,87.15,87.15,86.96,87.15,86.96
A-KC443365,89.04,89.04,88.85,88.85,89.04,89.04,89.04,88.07,87.69,89.58,89.41,89.41,89.22,89.60,89.41,89.41,88.85,88.85,88.85,89.02,88.85,88.83,88.09,88.09,87.52,88.28,88.66,89.60,88.85,88.85,88.85,88.85,89.22,88.47,88.47,88.47,88.85,88.85,88.85,88.66,88.28,88.28,88.28,88.28,88.28,88.28,88.09,88.09,88.07,88.09,88.28,88.28,88.28,88.66,88.66,88.85,88.85,88.85,88.35,89.04,88.64,88.85,88.28,88.07,88.28,88.47,88.47,88.47,88.47,88.28,88.09,88.28,88.47,88.09,88.28,88.35,88.47,88.85,88.66,88.66,88.66,88.66,89.98,,99.81,98.11,97.73,98.11,98.11,98.11,98.11,98.11,98.11,96.03,95.55,95.45,95.65,97.92,96.41,96.79,96.79,96.60,96.98,96.66,89.20,88.66,88.64,88.64,84.69,87.15,87.52,87.52,87.71,87.71,87.71,87.71,88.07,88.07,87.69,87.90,87.90,87.90,87.90,87.88,87.88,86.96,88.35,88.28,88.28,88.28,88.28,88.09,88.28,88.28,88.85,88.66,88.66,88.47,88.66,88.47
A-KC443220,89.22,89.22,89.04,89.04,89.22,89.22,89.22,88.26,87.88,89.77,89.60,89.60,89.41,89.79,89.60,89.60,89.04,89.04,89.04,89.20,89.04,89.02,88.28,88.28,87.71,88.47,88.85,89.79,89.04,89.04,89.04,89.04,89.41,88.66,88.66,88.66,89.04,89.04,89.04,88.85,88.47,88.47,88.47,88.47,88.47,88.47,88.28,88.28,88.26,88.28,88.47,88.47,88.47,88.85,88.85,89.04,89.04,89.04,88.54,89.22,88.83,89.04,88.47,88.26,88.47,88.66,88.66,88.66,88.66,88.47,88.28,88.47,88.66,88.28,88.47,88.54,88.66,89.04,88.85,88.85,88.85,88.85,90.17,99.81,,98.30,97.92,98.30,98.30,98.30,98.30,98.30,98.30,96.22,95.74,95.64,95.84,98.11,96.60,96.98,96.98,96.79,97.16,96.90,89.39,88.85,88.83,88.83,84.88,87.33,87.71,87.71,87.90,87.90,87.90,87.90,88.26,88.26,87.88,88.09,88.09,88.09,88.09,88.07,88.07,87.15,88.54,88.47,88.47,88.47,88.47,88.28,88.47,88.47,89.04,88.85,88.85,88.66,88.85,88.66
A-KF716431,88.83,88.83,88.64,88.64,88.83,88.83,88.83,88.07,87.69,89.58,89.39,89.39,89.20,89.58,89.39,89.39,88.83,88.83,88.83,89.02,88.83,88.83,88.07,88.07,87.50,88.64,88.64,89.58,88.83,88.83,88.83,88.83,89.20,88.45,88.45,88.45,88.83,88.83,88.83,88.64,88.26,88.26,88.26,88.26,88.26,88.26,88.07,88.07,88.07,88.07,88.26,88.26,88.26,88.64,88.64,88.83,88.83,88.83,88.35,89.02,88.64,88.83,88.26,88.07,88.26,88.45,88.45,88.45,88.45,88.26,88.07,88.26,88.45,88.07,88.26,88.35,88.45,88.83,88.64,88.64,88.64,88.64,90.91,98.11,98.30,,98.48,98.86,98.86,98.86,98.86,98.86,98.86,96.78,96.31,96.21,96.40,98.30,96.78,97.16,97.16,96.97,97.73,97.37,89.02,88.45,88.45,88.45,84.85,87.50,87.88,87.88,88.07,88.07,88.07,88.07,88.45,88.45,88.07,88.26,88.26,88.26,88.26,88.26,88.26,86.55,88.73,88.64,88.64,88.64,88.64,88.45,88.64,88.64,89.20,89.02,89.02,88.83,89.02,88.83
A-KJ721745,88.47,88.47,88.28,88.28,88.47,88.47,88.47,87.88,87.50,89.39,89.22,89.22,89.04,89.41,89.22,89.22,88.66,88.66,88.66,88.83,88.66,88.64,87.90,87.90,87.33,88.47,88.47,89.41,88.66,88.66,88.66,88.66,89.04,88.28,88.28,88.28,88.66,88.66,88.66,88.47,88.09,88.09,88.09,88.09,88.09,88.09,87.90,87.90,87.88,87.90,88.09,88.09,88.09,88.47,88.47,88.66,88.66,88.66,88.16,88.47,88.45,88.66,88.09,87.88,88.09,88.28,88.28,88.28,88.28,88.09,87.90,88.09,88.28,87.90,88.09,88.16,88.28,88.66,88.47,88.47,88.47,88.47,90.17,97.73,97.92,98.48,,99.62,99.62,99.62,99.62,99.62,99.62,96.03,95.55,95.45,95.65,97.92,96.03,96.41,96.41,96.22,96.98,96.18,88.64,88.09,88.07,88.07,85.44,86.77,87.15,87.15,87.33,87.33,87.33,87.33,87.69,87.69,87.31,87.52,87.52,87.52,87.52,87.50,87.50,86.58,88.35,88.28,88.28,88.28,88.28,88.09,88.28,88.28,88.85,88.66,88.66,88.47,88.66,88.47
A-MN479978,88.45,88.45,88.26,88.26,88.45,88.45,88.45,87.88,87.50,89.39,89.20,89.20,89.02,89.39,89.20,89.20,88.64,88.64,88.64,88.83,88.64,88.64,87.88,87.88,87.31,88.45,88.45,89.39,88.64,88.64,88.64,88.64,89.02,88.26,88.26,88.26,88.64,88.64,88.64,88.45,88.07,88.07,88.07,88.07,88.07,88.07,87.88,87.88,87.88,87.88,88.07,88.07,88.07,88.45,88.45,88.64,88.64,88.64,88.16,88.83,88.45,88.64,88.07,87.88,88.07,88.26,88.26,88.26,88.26,88.07,87.88,88.07,88.26,87.88,88.07,88.16,88.26,88.64,88.45,88.45,88.45,88.45,90.53,98.11,98.30,98.86,99.62,,100.00,100.00,100.00,100.00,100.00,96.40,95.93,95.83,96.02,98.30,96.40,96.78,96.78,96.59,97.35,96.66,88.64,88.07,88.07,88.07,85.42,87.12,87.50,87.50,87.69,87.69,87.69,87.69,88.07,88.07,87.69,87.88,87.88,87.88,87.88,87.88,87.88,86.55,88.35,88.26,88.26,88.26,88.26,88.07,88.26,88.26,88.83,88.64,88.64,88.45,88.64,88.45
A-MN479974,88.45,88.45,88.26,88.26,88.45,88.45,88.45,87.88,87.50,89.39,89.20,89.20,89.02,89.39,89.20,89.20,88.64,88.64,88.64,88.83,88.64,88.64,87.88,87.88,87.31,88.45,88.45,89.39,88.64,88.64,88.64,88.64,89.02,88.26,88.26,88.26,88.64,88.64,88.64,88.45,88.07,88.07,88.07,88.07,88.07,88.07,87.88,87.88,87.88,87.88,88.07,88.07,88.07,88.45,88.45,88.64,88.64,88.64,88.16,88.83,88.45,88.64,88.07,87.88,88.07,88.26,88.26,88.26,88.26,88.07,87.88,88.07,88.26,87.88,88.07,88.16,88.26,88.64,88.45,88.45,88.45,88.45,90.53,98.11,98.30,98.86,99.62,100.00,,100.00,100.00,100.00,100.00,96.40,95.93,95.83,96.02,98.30,96.40,96.78,96.78,96.59,97.35,96.66,88.64,88.07,88.07,88.07,85.42,87.12,87.50,87.50,87.69,87.69,87.69,87.69,88.07,88.07,87.69,87.88,87.88,87.88,87.88,87.88,87.88,86.55,88.35,88.26,88.26,88.26,88.26,88.07,88.26,88.26,88.83,88.64,88.64,88.45,88.64,88.45
A-MN479966,88.45,88.45,88.26,88.26,88.45,88.45,88.45,87.88,87.50,89.39,89.20,89.20,89.02,89.39,89.20,89.20,88.64,88.64,88.64,88.83,88.64,88.64,87.88,87.88,87.31,88.45,88.45,89.39,88.64,88.64,88.64,88.64,89.02,88.26,88.26,88.26,88.64,88.64,88.64,88.45,88.07,88.07,88.07,88.07,88.07,88.07,87.88,87.88,87.88,87.88,88.07,88.07,88.07,88.45,88.45,88.64,88.64,88.64,88.16,88.83,88.45,88.64,88.07,87.88,88.07,88.26,88.26,88.26,88.26,88.07,87.88,88.07,88.26,87.88,88.07,88.16,88.26,88.64,88.45,88.45,88.45,88.45,90.53,98.11,98.30,98.86,99.62,100.00,100.00,,100.00,100.00,100.00,96.40,95.93,95.83,96.02,98.30,96.40,96.78,96.78,96.59,97.35,96.66,88.64,88.07,88.07,88.07,85.42,87.12,87.50,87.50,87.69,87.69,87.69,87.69,88.07,88.07,87.69,87.88,87.88,87.88,87.88,87.88,87.88,86.55,88.35,88.26,88.26,88.26,88.26,88.07,88.26,88.26,88.83,88.64,88.64,88.45,88.64,88.45
A-MN479965,88.45,88.45,88.26,88.26,88.45,88.45,88.45,87.88,87.50,89.39,89.20,89.20,89.02,89.39,89.20,89.20,88.64,88.64,88.64,88.83,88.64,88.64,87.88,87.88,87.31,88.45,88.45,89.39,88.64,88.64,88.64,88.64,89.02,88.26,88.26,88.26,88.64,88.64,88.64,88.45,88.07,88.07,88.07,88.07,88.07,88.07,87.88,87.88,87.88,87.88,88.07,88.07,88.07,88.45,88.45,88.64,88.64,88.64,88.16,88.83,88.45,88.64,88.07,87.88,88.07,88.26,88.26,88.26,88.26,88.07,87.88,88.07,88.26,87.88,88.07,88.16,88.26,88.64,88.45,88.45,88.45,88.45,90.53,98.11,98.30,98.86,99.62,100.00,100.00,100.00,,100.00,100.00,96.40,95.93,95.83,96.02,98.30,96.40,96.78,96.78,96.59,97.35,96.66,88.64,88.07,88.07,88.07,85.42,87.12,87.50,87.50,87.69,87.69,87.69,87.69,88.07,88.07,87.69,87.88,87.88,87.88,87.88,87.88,87.88,86.55,88.35,88.26,88.26,88.26,88.26,88.07,88.26,88.26,88.83,88.64,88.64,88.45,88.64,88.45
A-MN479919,88.45,88.45,88.26,88.26,88.45,88.45,88.45,87.88,87.50,89.39,89.20,89.20,89.02,89.39,89.20,89.20,88.64,88.64,88.64,88.83,88.64,88.64,87.88,87.88,87.31,88.45,88.45,89.39,88.64,88.64,88.64,88.64,89.02,88.26,88.26,88.26,88.64,88.64,88.64,88.45,88.07,88.07,88.07,88.07,88.07,88.07,87.88,87.88,87.88,87.88,88.07,88.07,88.07,88.45,88.45,88.64,88.64,88.64,88.16,88.83,88.45,88.64,88.07,87.88,88.07,88.26,88.26,88.26,88.26,88.07,87.88,88.07,88.26,87.88,88.07,88.16,88.26,88.64,88.45,88.45,88.45,88.45,90.53,98.11,98.30,98.86,99.62,100.00,100.00,100.00,100.00,,100.00,96.40,95.93,95.83,96.02,98.30,96.40,96.78,96.78,96.59,97.35,96.66,88.64,88.07,88.07,88.07,85.42,87.12,87.50,87.50,87.69,87.69,87.69,87.69,88.07,88.07,87.69,87.88,87.88,87.88,87.88,87.88,87.88,86.55,88.35,88.26,88.26,88.26,88.26,88.07,88.26,88.26,88.83,88.64,88.64,88.45,88.64,88.45
A-KJ721749,88.47,88.47,88.28,88.28,88.47,88.47,88.47,87.88,87.50,89.39,89.22,89.22,89.04,89.41,89.22,89.22,88.66,88.66,88.66,88.83,88.66,88.64,87.90,87.90,87.33,88.47,88.47,89.41,88.66,88.66,88.66,88.66,89.04,88.28,88.28,88.28,88.66,88.66,88.66,88.47,88.09,88.09,88.09,88.09,88.09,88.09,87.90,87.90,87.88,87.90,88.09,88.09,88.09,88.47,88.47,88.66,88.66,88.66,88.16,88.85,88.45,88.66,88.09,87.88,88.09,88.28,88.28,88.28,88.28,88.09,87.90,88.09,88.28,87.90,88.09,88.16,88.28,88.66,88.47,88.47,88.47,88.47,90.55,98.11,98.30,98.86,99.62,100.00,100.00,100.00,100.00,100.00,,96.41,95.93,95.83,96.03,98.30,96.41,96.79,96.79,96.60,97.35,96.66,88.64,88.09,88.07,88.07,85.44,87.15,87.52,87.52,87.71,87.71,87.71,87.71,88.07,88.07,87.69,87.90,87.90,87.90,87.90,87.88,87.88,86.58,88.35,88.28,88.28,88.28,88.28,88.09,88.28,88.28,88.85,88.66,88.66,88.47,88.66,88.47
A-KC834668,90.36,90.36,90.17,90.17,90.36,90.36,90.36,89.20,88.83,90.34,90.17,90.17,89.98,90.36,90.17,90.17,89.60,89.60,89.60,89.77,89.60,89.58,89.22,89.22,88.66,89.79,89.41,90.74,89.98,89.98,89.98,89.98,90.36,89.60,89.60,89.60,89.98,89.98,89.98,89.79,89.41,89.41,89.41,89.41,89.41,89.41,89.22,89.22,89.20,89.22,89.41,89.41,89.41,89.79,89.79,89.98,89.98,89.98,89.49,90.17,89.77,89.98,89.41,89.58,89.41,89.22,89.60,89.60,89.60,89.41,89.22,89.41,89.22,89.22,89.41,89.49,89.60,89.98,89.79,89.79,89.79,89.79,90.17,96.03,96.22,96.78,96.03,96.40,96.40,96.40,96.40,96.40,96.41,,99.53,99.43,99.62,96.98,96.60,97.35,97.35,96.60,97.16,97.14,89.77,89.22,89.20,89.20,85.44,87.71,88.09,88.09,88.28,88.28,88.28,88.28,88.64,88.64,88.26,88.47,88.47,88.47,88.47,88.45,88.45,86.77,88.54,88.47,88.47,88.47,88.47,88.28,88.47,88.47,89.04,88.85,88.85,89.04,89.22,89.04
A-PX212212,90.25,90.25,90.06,90.06,90.25,90.25,90.25,89.11,88.73,90.25,90.06,90.06,89.87,90.25,90.06,90.06,89.49,89.49,89.49,89.30,89.49,89.49,89.11,89.11,88.54,89.68,89.30,90.63,89.87,89.87,89.87,89.87,90.25,89.49,89.49,89.49,89.87,89.87,89.87,89.68,89.30,89.30,89.30,89.30,89.30,89.30,89.11,89.11,89.11,89.11,89.30,89.30,89.30,89.68,89.68,89.87,89.87,89.87,89.49,90.06,89.68,89.87,89.30,89.49,89.30,89.11,89.49,89.49,89.49,89.30,89.11,89.30,89.11,89.11,89.30,89.39,89.49,89.49,89.68,89.68,89.68,89.68,89.68,95.55,95.74,96.31,95.55,95.93,95.93,95.93,95.93,95.93,95.93,99.53,,99.72,99.91,96.50,96.12,96.88,96.88,96.12,96.69,96.66,89.68,89.11,89.11,89.11,84.94,87.22,87.59,87.59,87.78,87.78,87.78,87.78,88.16,88.16,87.78,87.97,87.97,87.97,87.97,87.97,87.97,86.65,88.45,88.35,88.35,88.35,88.35,88.16,88.35,88.35,88.92,88.73,88.73,88.92,89.11,88.92
A-KJ919099,90.15,90.15,89.96,89.96,90.15,90.15,90.15,89.02,88.64,90.15,89.96,89.96,89.77,90.15,89.96,89.96,89.39,89.39,89.39,89.20,89.39,89.39,89.02,89.02,88.45,89.58,89.20,90.53,89.77,89.77,89.77,89.77,90.15,89.39,89.39,89.39,89.77,89.77,89.77,89.58,89.20,89.20,89.20,89.20,89.20,89.20,89.02,89.02,89.02,89.02,89.20,89.20,89.20,89.58,89.58,89.77,89.77,89.77,89.30,89.96,89.58,89.77,89.20,89.39,89.20,89.02,89.39,89.39,89.39,89.20,89.02,89.20,89.02,89.02,89.20,89.30,89.39,89.39,89.58,89.58,89.58,89.58,89.58,95.45,95.64,96.21,95.45,95.83,95.83,95.83,95.83,95.83,95.83,99.43,99.72,,99.81,96.40,96.02,96.78,96.78,96.40,96.59,96.66,89.96,89.39,89.39,89.39,85.23,87.12,87.50,87.50,87.69,87.69,87.69,87.69,88.07,88.07,87.69,87.88,87.88,87.88,87.88,87.88,87.88,86.93,88.35,88.26,88.26,88.26,88.26,88.07,88.26,88.26,88.83,88.64,88.64,88.83,89.02,88.83
A-KC443354,90.36,90.36,90.17,90.17,90.36,90.36,90.36,89.20,88.83,90.34,90.17,90.17,89.98,90.36,90.17,90.17,89.60,89.60,89.60,89.39,89.60,89.58,89.22,89.22,88.66,89.79,89.41,90.74,89.98,89.98,89.98,89.98,90.36,89.60,89.60,89.60,89.98,89.98,89.98,89.79,89.41,89.41,89.41,89.41,89.41,89.41,89.22,89.22,89.20,89.22,89.41,89.41,89.41,89.79,89.79,89.98,89.98,89.98,89.49,90.17,89.77,89.98,89.41,89.58,89.41,89.22,89.60,89.60,89.60,89.41,89.22,89.41,89.22,89.22,89.41,89.49,89.60,89.60,89.79,89.79,89.79,89.79,89.79,95.65,95.84,96.40,95.65,96.02,96.02,96.02,96.02,96.02,96.03,99.62,99.91,99.81,,96.60,96.22,96.98,96.98,96.22,96.79,96.66,89.77,89.22,89.20,89.20,85.07,87.33,87.71,87.71,87.90,87.90,87.90,87.90,88.26,88.26,87.88,88.09,88.09,88.09,88.09,88.07,88.07,86.77,88.54,88.47,88.47,88.47,88.47,88.28,88.47,88.47,89.04,88.85,88.85,89.04,89.22,89.04
A-HQ657136,89.04,89.04,88.85,88.85,89.04,89.04,89.04,88.26,87.88,89.77,89.60,89.60,89.41,89.79,89.60,89.60,89.04,89.04,89.04,89.20,89.04,89.02,88.28,88.28,87.71,88.85,88.85,89.79,89.04,89.04,89.04,89.04,89.41,88.66,88.66,88.66,89.04,89.04,89.04,88.85,88.47,88.47,88.47,88.47,88.47,88.47,88.28,88.28,88.26,88.28,88.47,88.47,88.47,89.04,88.85,89.04,89.04,89.04,88.54,89.22,88.83,89.04,88.47,88.26,88.47,88.66,88.66,88.66,88.66,88.47,88.28,88.47,88.66,88.28,88.47,88.54,88.66,89.04,88.85,88.85,88.85,88.85,90.74,97.92,98.11,98.30,97.92,98.30,98.30,98.30,98.30,98.30,98.30,96.98,96.50,96.40,96.60,,97.35,97.73,97.73,97.54,98.30,98.09,88.45,88.28,88.26,88.26,85.82,87.71,88.09,88.09,88.28,88.28,88.28,88.28,88.64,88.64,88.26,88.47,88.47,88.47,88.47,88.45,88.45,86.77,88.54,88.47,88.47,88.47,88.47,88.28,88.47,88.47,89.04,88.85,88.85,89.04,88.85,88.66
A-KC443005,88.85,88.85,88.66,88.66,88.85,88.85,88.85,88.07,87.69,89.20,89.41,89.41,89.60,89.60,89.41,89.41,88.85,88.85,88.85,89.02,89.04,88.83,88.47,88.47,87.52,88.66,88.28,89.60,88.85,88.85,88.85,88.85,89.22,88.47,88.47,88.47,88.85,88.85,88.85,88.66,88.28,88.28,88.28,88.28,88.28,88.28,88.09,88.09,88.07,88.09,88.28,88.28,88.28,88.28,88.28,88.47,88.47,88.47,87.97,88.66,88.26,88.47,88.28,88.07,88.28,88.47,88.47,88.47,88.47,88.28,88.09,88.28,88.47,88.09,88.28,88.35,88.47,88.85,88.66,88.66,88.66,88.66,90.17,96.41,96.60,96.78,96.03,96.40,96.40,96.40,96.40,96.40,96.41,96.60,96.12,96.02,96.22,97.35,,98.11,98.11,97.73,98.30,98.81,88.26,87.71,87.69,87.69,85.07,87.71,88.09,88.09,88.28,88.28,88.28,88.28,88.64,88.64,88.26,88.47,88.47,88.47,88.47,88.45,88.45,87.15,88.54,88.47,88.47,88.47,88.47,88.66,88.47,88.47,89.04,88.85,88.85,89.04,88.85,88.66
A-KU356583,89.22,89.22,89.04,89.04,89.22,89.22,89.22,88.45,88.07,89.58,89.79,89.79,89.60,89.98,89.79,89.79,89.22,89.22,89.22,89.39,89.22,89.20,88.47,88.47,87.90,89.04,88.66,89.98,89.22,89.22,89.22,89.22,89.60,88.85,88.85,88.85,89.22,89.22,89.22,89.04,88.66,88.66,88.66,88.66,88.66,88.66,88.47,88.47,88.45,88.47,88.66,88.66,88.66,88.66,88.66,88.85,88.85,88.85,88.35,89.04,88.64,88.85,88.66,88.45,88.66,88.85,88.85,88.85,88.85,88.66,88.47,88.66,88.47,88.47,88.66,88.73,88.85,89.22,89.04,89.04,89.04,89.04,90.17,96.79,96.98,97.16,96.41,96.78,96.78,96.78,96.78,96.78,96.79,97.35,96.88,96.78,96.98,97.73,98.11,,100.00,98.49,98.68,99.05,88.64,88.09,88.07,88.07,85.07,87.71,88.09,88.09,88.28,88.28,88.28,88.28,88.64,88.64,88.26,88.47,88.47,88.47,88.47,88.45,88.45,86.77,88.73,88.85,88.85,88.85,88.85,88.66,88.85,88.85,89.04,89.22,89.22,89.41,89.60,89.41
A-HQ641362,89.22,89.22,89.04,89.04,89.22,89.22,89.22,88.45,88.07,89.58,89.79,89.79,89.60,89.98,89.79,89.79,89.22,89.22,89.22,89.39,89.22,89.20,88.47,88.47,87.90,89.04,88.66,89.98,89.22,89.22,89.22,89.22,89.60,88.85,88.85,88.85,89.22,89.22,89.22,89.04,88.66,88.66,88.66,88.66,88.66,88.66,88.47,88.47,88.45,88.47,88.66,88.66,88.66,88.66,88.66,88.85,88.85,88.85,88.35,89.04,88.64,88.85,88.66,88.45,88.66,88.85,88.85,88.85,88.85,88.66,88.47,88.66,88.47,88.47,88.66,88.73,88.85,89.22,89.04,89.04,89.04,89.04,90.17,96.79,96.98,97.16,96.41,96.78,96.78,96.78,96.78,96.78,96.79,97.35,96.88,96.78,96.98,97.73,98.11,100.00,,98.49,98.68,99.05,88.64,88.09,88.07,88.07,85.07,87.71,88.09,88.09,88.28,88.28,88.28,88.28,88.64,88.64,88.26,88.47,88.47,88.47,88.47,88.45,88.45,86.77,88.73,88.85,88.85,88.85,88.85,88.66,88.85,88.85,89.04,89.22,89.22,89.41,89.60,89.41
A-KJ721741,89.04,89.04,88.85,88.85,89.04,89.04,89.04,88.26,87.88,89.39,89.60,89.60,89.41,89.79,89.60,89.60,89.04,89.04,89.04,89.20,89.04,89.02,88.28,88.28,87.71,88.85,88.47,89.79,89.04,89.04,89.04,89.04,89.41,88.66,88.66,88.66,89.04,89.04,89.04,88.85,88.47,88.47,88.47,88.47,88.47,88.47,88.28,88.28,88.26,88.28,88.47,88.47,88.47,88.47,88.47,88.66,88.66,88.66,88.16,88.85,88.45,88.66,88.47,88.26,88.47,88.66,88.66,88.66,88.66,88.47,88.28,88.47,88.66,88.28,88.47,88.54,88.66,89.04,88.85,88.85,88.85,88.85,89.60,96.60,96.79,96.97,96.22,96.59,96.59,96.59,96.59,96.59,96.60,96.60,96.12,96.40,96.22,97.54,97.73,98.49,98.49,,98.30,99.28,88.83,88.28,88.26,88.26,85.26,87.33,87.71,87.71,87.90,87.90,87.90,87.90,88.26,88.26,88.26,88.09,88.09,88.09,88.09,88.07,88.07,86.96,88.54,88.66,88.66,88.66,88.66,88.47,88.66,88.66,88.85,89.04,89.04,89.22,89.04,88.85
A-KC443343,89.04,89.04,88.85,88.85,89.04,89.04,89.04,88.64,88.26,89.77,89.98,89.98,89.79,90.17,89.98,89.98,89.41,89.41,89.41,89.58,89.41,89.39,88.66,88.66,88.09,89.60,88.85,90.17,89.41,89.41,89.41,89.41,89.79,89.04,89.04,89.04,89.41,89.41,89.41,89.22,88.85,88.85,88.85,88.85,88.85,88.85,88.66,88.66,88.64,88.66,88.85,88.85,88.85,88.85,88.85,89.04,89.04,89.04,88.54,89.22,88.83,89.04,88.85,88.64,88.85,89.04,89.04,89.04,89.04,88.85,88.66,88.47,89.04,88.66,88.85,88.92,89.04,89.41,89.22,89.22,89.22,89.22,90.17,96.98,97.16,97.73,96.98,97.35,97.35,97.35,97.35,97.35,97.35,97.16,96.69,96.59,96.79,98.30,98.30,98.68,98.68,98.30,,99.28,88.45,87.90,87.88,87.88,85.44,87.90,88.28,88.28,88.47,88.47,88.47,88.47,88.83,88.83,88.45,88.66,88.66,88.66,88.66,88.64,88.64,86.58,88.73,88.66,88.66,88.66,88.66,88.47,88.66,88.66,89.22,89.04,89.04,89.22,89.04,88.85
A-KR705199,89.02,89.02,89.02,89.02,89.02,89.02,89.02,88.31,88.07,89.74,89.98,89.98,89.74,90.21,89.98,89.98,89.26,89.26,89.26,89.50,89.26,89.26,88.54,88.54,88.07,88.78,88.07,89.74,89.02,89.02,89.02,89.02,89.50,88.78,88.78,88.78,89.02,89.02,89.02,88.78,88.78,88.78,88.78,88.78,88.78,88.54,88.31,88.31,88.31,88.31,88.54,88.54,88.54,88.31,88.31,88.54,88.54,88.54,88.07,88.78,88.54,88.54,88.54,88.31,88.54,88.78,88.78,88.78,88.78,88.54,88.54,88.31,88.78,88.31,88.54,88.78,88.78,89.26,89.02,89.02,89.02,89.02,91.89,96.66,96.90,97.37,96.18,96.66,96.66,96.66,96.66,96.66,96.66,97.14,96.66,96.66,96.66,98.09,98.81,99.05,99.05,99.28,99.28,,87.83,87.35,87.35,87.35,84.73,86.87,87.35,87.35,87.59,87.59,87.83,87.83,88.07,88.07,87.83,87.83,87.83,87.83,87.83,87.83,87.83,86.16,87.83,87.83,87.83,87.83,87.83,87.59,87.83,87.83,88.31,88.31,88.31,88.54,88.31,88.07
B-MN480055,92.80,92.80,92.23,92.61,92.80,92.80,92.80,92.80,92.42,92.99,93.18,93.18,92.99,92.99,93.18,93.18,92.61,92.61,92.61,92.42,92.61,92.61,91.86,91.86,92.23,92.42,92.05,93.37,93.37,93.37,92.23,92.23,92.99,92.99,92.99,92.99,92.99,92.99,92.99,93.18,92.42,92.42,92.42,92.42,92.42,92.05,91.86,91.86,91.86,91.86,92.05,92.05,92.05,92.42,92.42,92.61,92.61,92.61,92.14,92.42,92.42,92.61,92.42,92.23,92.05,91.86,92.05,92.61,92.61,92.42,92.23,92.80,92.23,92.23,92.42,92.52,92.80,92.61,92.80,92.80,92.80,92.80,84.47,89.20,89.39,89.02,88.64,88.64,88.64,88.64,88.64,88.64,88.64,89.77,89.68,89.96,89.77,88.45,88.26,88.64,88.64,88.83,88.45,87.83,,97.73,98.11,98.11,86.55,87.31,87.69,87.69,87.88,87.88,87.88,87.88,88.26,88.26,87.88,88.07,88.07,88.07,88.07,88.07,88.07,87.88,89.49,89.77,89.77,89.77,89.77,89.96,89.77,89.77,90.34,90.15,90.15,89.96,90.34,90.15
B-MW715615,91.68,91.68,91.12,91.49,91.68,91.68,91.68,92.61,92.23,91.67,91.87,91.87,91.68,92.06,91.87,91.87,91.30,91.30,91.30,91.10,91.30,91.29,90.93,90.93,91.87,91.12,90.74,92.06,92.06,92.06,90.93,90.93,92.06,91.68,91.68,91.68,91.68,91.68,91.68,91.87,91.12,91.12,91.12,91.12,91.12,91.12,90.93,90.93,90.91,90.93,91.12,91.12,91.12,91.30,91.12,91.30,91.30,91.30,90.81,91.12,91.10,91.30,91.49,91.29,91.12,90.93,91.12,91.68,91.68,91.49,91.30,91.87,90.93,90.93,91.12,91.38,91.49,91.30,91.49,91.49,91.49,91.49,83.55,88.66,88.85,88.45,88.09,88.07,88.07,88.07,88.07,88.07,88.09,89.22,89.11,89.39,89.22,88.28,87.71,88.09,88.09,88.28,87.90,87.35,97.73,,99.62,99.62,87.71,86.96,87.71,87.71,87.52,87.52,87.52,87.52,87.88,87.88,87.50,87.71,87.71,87.71,87.71,87.69,87.69,87.90,88.92,89.22,89.22,89.22,89.22,89.41,89.22,89.22,89.79,89.60,89.60,89.41,89.79,89.60
B-MG701196,92.05,92.05,91.48,91.86,92.05,92.05,92.05,92.61,92.23,92.05,92.23,92.23,92.05,92.05,92.23,92.23,91.67,91.67,91.67,91.48,91.67,91.67,90.91,90.91,91.86,91.48,91.10,92.42,92.42,92.42,91.29,91.29,92.05,92.05,92.05,92.05,92.05,92.05,92.05,92.23,91.48,91.48,91.48,91.48,91.48,91.48,91.29,91.29,91.29,91.29,91.48,91.48,91.48,91.67,91.48,91.67,91.67,91.67,91.19,91.48,91.48,91.67,91.86,91.67,91.48,91.29,91.48,92.05,92.05,91.86,91.67,92.23,91.29,91.29,91.48,91.76,91.86,91.67,91.86,91.86,91.86,91.86,83.90,88.64,88.83,88.45,88.07,88.07,88.07,88.07,88.07,88.07,88.07,89.20,89.11,89.39,89.20,88.26,87.69,88.07,88.07,88.26,87.88,87.35,98.11,99.62,,100.00,87.69,86.93,87.69,87.69,87.50,87.50,87.50,87.50,87.88,87.88,87.50,87.69,87.69,87.69,87.69,87.69,87.69,87.88,88.92,89.20,89.20,89.20,89.20,89.39,89.20,89.20,89.77,89.58,89.58,89.39,89.77,89.58
B-MG701193,92.05,92.05,91.48,91.86,92.05,92.05,92.05,92.61,92.23,92.05,92.23,92.23,92.05,92.05,92.23,92.23,91.67,91.67,91.67,91.48,91.67,91.67,90.91,90.91,91.86,91.48,91.10,92.42,92.42,92.42,91.29,91.29,92.05,92.05,92.05,92.05,92.05,92.05,92.05,92.23,91.48,91.48,91.48,91.48,91.48,91.48,91.29,91.29,91.29,91.29,91.48,91.48,91.48,91.67,91.48,91.67,91.67,91.67,91.19,91.48,91.48,91.67,91.86,91.67,91.48,91.29,91.48,92.05,92.05,91.86,91.67,92.23,91.29,91.29,91.48,91.76,91.86,91.67,91.86,91.86,91.86,91.86,83.90,88.64,88.83,88.45,88.07,88.07,88.07,88.07,88.07,88.07,88.07,89.20,89.11,89.39,89.20,88.26,87.69,88.07,88.07,88.26,87.88,87.35,98.11,99.62,100.00,,87.69,86.93,87.69,87.69,87.50,87.50,87.50,87.50,87.88,87.88,87.50,87.69,87.69,87.69,87.69,87.69,87.69,87.88,88.92,89.20,89.20,89.20,89.20,89.39,89.20,89.20,89.77,89.58,89.58,89.39,89.77,89.58
A-KJ752159,87.90,87.90,87.71,88.09,88.09,88.09,88.09,86.93,86.55,87.69,87.90,87.90,87.71,87.71,87.90,87.90,88.09,88.09,88.09,88.26,88.09,88.07,86.77,86.77,87.15,86.96,86.20,86.96,86.96,86.96,86.96,86.96,86.58,86.96,86.96,86.96,86.96,86.96,86.96,87.15,86.77,86.77,86.77,86.77,86.77,86.77,86.58,86.58,86.55,86.58,86.77,86.77,86.77,86.20,86.39,86.20,86.20,86.20,85.70,86.01,86.36,86.20,86.77,86.93,86.39,86.20,86.58,86.96,86.96,86.77,86.58,86.20,86.96,86.39,86.58,86.46,86.77,86.96,86.77,86.77,86.77,86.77,84.12,84.69,84.88,84.85,85.44,85.42,85.42,85.42,85.42,85.42,85.44,85.44,84.94,85.23,85.07,85.82,85.07,85.07,85.07,85.26,85.44,84.73,86.55,87.71,87.69,87.69,,88.66,88.47,88.66,89.22,89.22,88.85,88.85,89.20,89.20,88.83,89.04,89.04,89.04,89.04,89.02,89.02,89.60,88.92,88.47,88.47,88.47,88.47,88.28,88.47,88.47,89.04,88.85,88.85,89.04,88.66,88.47
A-LC260312,86.96,86.96,86.01,86.39,86.58,86.58,86.58,87.88,87.50,87.69,87.90,87.90,87.71,87.71,87.90,87.90,88.09,88.09,88.09,88.26,88.09,88.07,87.15,87.15,87.52,87.15,87.33,87.33,87.33,87.33,87.71,87.71,87.33,86.96,86.96,86.96,86.96,86.96,86.96,87.15,87.15,87.15,87.15,87.15,87.15,86.77,86.58,86.58,86.55,86.58,86.77,86.77,86.77,86.96,86.77,86.96,86.96,86.96,86.84,87.52,87.12,87.33,87.52,87.69,87.15,86.96,87.33,87.71,87.71,87.52,87.33,87.15,87.71,87.15,87.33,87.22,87.33,87.71,87.52,87.52,87.52,87.52,85.07,87.15,87.33,87.50,86.77,87.12,87.12,87.12,87.12,87.12,87.15,87.71,87.22,87.12,87.33,87.71,87.71,87.71,87.71,87.33,87.90,86.87,87.31,86.96,86.93,86.93,88.66,,98.68,98.87,99.05,99.05,99.05,99.05,99.05,99.05,99.05,99.24,99.24,99.24,99.24,99.24,99.24,88.47,90.63,90.55,90.55,90.55,90.55,90.36,90.55,90.55,91.12,90.93,90.93,90.74,90.55,90.74
A-LC260310,86.96,86.96,86.01,86.39,86.58,86.58,86.58,88.07,87.69,87.69,87.90,87.90,87.71,87.71,87.90,87.90,87.90,87.90,87.90,88.07,87.90,87.88,86.96,86.96,87.52,87.15,87.15,87.33,87.33,87.33,87.71,87.71,87.33,86.96,86.96,86.96,86.96,86.96,86.96,87.15,87.15,87.15,87.15,87.15,87.15,86.77,86.58,86.58,86.55,86.58,86.77,86.77,86.77,86.96,86.77,86.96,86.96,86.96,86.84,87.52,87.12,87.33,87.52,87.69,87.52,87.33,87.33,87.71,87.71,87.52,87.33,87.52,87.71,86.96,87.15,87.22,87.33,87.71,87.52,87.52,87.52,87.52,85.26,87.52,87.71,87.88,87.15,87.50,87.50,87.50,87.50,87.50,87.52,88.09,87.59,87.50,87.71,88.09,88.09,88.09,88.09,87.71,88.28,87.35,87.69,87.71,87.69,87.69,88.47,98.68,,99.81,99.24,99.24,99.24,99.24,99.24,99.24,99.24,99.43,99.43,99.43,99.43,99.43,99.43,88.66,91.38,91.30,91.30,91.30,91.30,91.12,91.30,91.30,91.49,91.30,91.30,91.12,90.93,91.12
A-KX880434,86.96,86.96,86.01,86.39,86.58,86.58,86.58,88.07,87.69,87.69,87.90,87.90,87.71,87.71,87.90,87.90,88.09,88.09,88.09,88.26,88.09,88.07,86.96,86.96,87.52,87.15,87.15,87.33,87.33,87.33,87.71,87.71,87.33,86.96,86.96,86.96,86.96,86.96,86.96,87.15,87.15,87.15,87.15,87.15,87.15,86.77,86.58,86.58,86.55,86.58,86.77,86.77,86.77,86.96,86.77,86.96,86.96,86.96,86.84,87.52,87.12,87.33,87.52,87.69,87.52,87.33,87.33,87.71,87.71,87.52,87.33,87.52,87.71,86.96,87.15,87.22,87.33,87.71,87.52,87.52,87.52,87.52,85.44,87.52,87.71,87.88,87.15,87.50,87.50,87.50,87.50,87.50,87.52,88.09,87.59,87.50,87.71,88.09,88.09,88.09,88.09,87.71,88.28,87.35,87.69,87.71,87.69,87.69,88.66,98.87,99.81,,99.43,99.43,99.43,99.43,99.43,99.43,99.43,99.62,99.62,99.62,99.62,99.62,99.62,88.85,91.38,91.30,91.30,91.30,91.30,91.12,91.30,91.30,91.49,91.30,91.30,91.12,90.93,91.12
A-LC086734,87.15,87.15,86.20,86.58,86.77,86.77,86.77,87.88,87.50,87.88,88.09,88.09,87.90,87.90,88.09,88.09,88.28,88.28,88.28,88.45,88.28,88.26,87.15,87.15,87.71,87.33,87.71,87.52,87.52,87.52,88.28,88.28,87.52,87.52,87.52,87.52,87.52,87.52,87.52,87.71,87.71,87.71,87.71,87.71,87.71,87.33,87.15,87.15,87.12,87.15,87.33,87.33,87.33,87.52,87.33,87.52,87.52,87.52,87.41,88.09,87.69,87.90,88.09,88.26,87.71,87.52,87.90,88.28,88.28,88.09,87.90,87.71,88.28,87.52,87.71,87.78,87.90,88.28,88.09,88.09,88.09,88.09,85.63,87.71,87.90,88.07,87.33,87.69,87.69,87.69,87.69,87.69,87.71,88.28,87.78,87.69,87.90,88.28,88.28,88.28,88.28,87.90,88.47,87.59,87.88,87.52,87.50,87.50,89.22,99.05,99.24,99.43,,100.00,99.62,99.62,99.62,99.62,99.62,99.81,99.81,99.81,99.81,99.81,99.81,88.66,91.19,91.12,91.12,91.12,91.12,90.93,91.12,91.12,91.68,91.49,91.49,91.30,91.12,91.30
A-LC086723,87.15,87.15,86.20,86.58,86.77,86.77,86.77,87.88,87.50,87.88,88.09,88.09,87.90,87.90,88.09,88.09,88.28,88.28,88.28,88.45,88.28,88.26,87.15,87.15,87.71,87.33,87.71,87.52,87.52,87.52,88.28,88.28,87.52,87.52,87.52,87.52,87.52,87.52,87.52,87.71,87.71,87.71,87.71,87.71,87.71,87.33,87.15,87.15,87.12,87.15,87.33,87.33,87.33,87.52,87.33,87.52,87.52,87.52,87.41,88.09,87.69,87.90,88.09,88.26,87.71,87.52,87.90,88.28,88.28,88.09,87.90,87.71,88.28,87.52,87.71,87.78,87.90,88.28,88.09,88.09,88.09,88.09,85.63,87.71,87.90,88.07,87.33,87.69,87.69,87.69,87.69,87.69,87.71,88.28,87.78,87.69,87.90,88.28,88.28,88.28,88.28,87.90,88.47,87.59,87.88,87.52,87.50,87.50,89.22,99.05,99.24,99.43,100.00,,99.62,99.62,99.62,99.62,99.62,99.81,99.81,99.81,99.81,99.81,99.81,88.66,91.19,91.12,91.12,91.12,91.12,90.93,91.12,91.12,91.68,91.49,91.49,91.30,91.12,91.30
A-KJ639032,87.15,87.15,86.20,86.58,86.77,86.77,86.77,87.88,87.50,87.88,88.09,88.09,87.90,87.90,88.09,88.09,88.28,88.28,88.28,88.45,88.28,88.26,87.15,87.15,87.71,87.33,87.33,87.52,87.52,87.52,87.90,87.90,87.52,87.15,87.15,87.15,87.15,87.15,87.15,87.33,87.33,87.33,87.33,87.33,87.33,86.96,86.77,86.77,86.74,86.77,86.96,86.96,86.96,87.15,86.96,87.15,87.15,87.15,87.03,87.71,87.31,87.52,87.71,87.88,87.33,87.15,87.52,87.90,87.90,87.71,87.52,87.33,87.90,87.15,87.33,87.41,87.52,87.90,87.71,87.71,87.71,87.71,85.63,87.71,87.90,88.07,87.33,87.69,87.69,87.69,87.69,87.69,87.71,88.28,87.78,87.69,87.90,88.28,88.28,88.28,88.28,87.90,88.47,87.83,87.88,87.52,87.50,87.50,88.85,99.05,99.24,99.43,99.62,99.62,,100.00,99.62,99.62,99.62,99.81,99.81,99.81,99.81,99.81,99.81,88.66,91.19,91.12,91.12,91.12,91.12,90.93,91.12,91.12,91.68,91.49,91.49,91.30,91.12,91.30
A-KJ639021,87.15,87.15,86.20,86.58,86.77,86.77,86.77,87.88,87.50,87.88,88.09,88.09,87.90,87.90,88.09,88.09,88.28,88.28,88.28,88.45,88.28,88.26,87.15,87.15,87.71,87.33,87.33,87.52,87.52,87.52,87.90,87.90,87.52,87.15,87.15,87.15,87.15,87.15,87.15,87.33,87.33,87.33,87.33,87.33,87.33,86.96,86.77,86.77,86.74,86.77,86.96,86.96,86.96,87.15,86.96,87.15,87.15,87.15,87.03,87.71,87.31,87.52,87.71,87.88,87.33,87.15,87.52,87.90,87.90,87.71,87.52,87.33,87.90,87.15,87.33,87.41,87.52,87.90,87.71,87.71,87.71,87.71,85.63,87.71,87.90,88.07,87.33,87.69,87.69,87.69,87.69,87.69,87.71,88.28,87.78,87.69,87.90,88.28,88.28,88.28,88.28,87.90,88.47,87.83,87.88,87.52,87.50,87.50,88.85,99.05,99.24,99.43,99.62,99.62,100.00,,99.62,99.62,99.62,99.81,99.81,99.81,99.81,99.81,99.81,88.66,91.19,91.12,91.12,91.12,91.12,90.93,91.12,91.12,91.68,91.49,91.49,91.30,91.12,91.30
A-MG701199,87.50,87.50,86.55,86.93,87.12,87.12,87.12,87.88,87.50,88.26,88.45,88.45,88.26,88.26,88.45,88.45,88.64,88.64,88.64,88.83,88.64,88.64,87.50,87.50,87.69,87.69,87.69,87.88,87.88,87.88,88.26,88.26,87.88,87.50,87.50,87.50,87.50,87.50,87.50,87.69,87.69,87.69,87.69,87.69,87.69,87.31,87.12,87.12,87.12,87.12,87.31,87.31,87.31,87.50,87.31,87.50,87.50,87.50,87.41,88.07,87.69,87.88,88.07,88.26,87.69,87.50,87.88,88.26,88.26,88.07,87.88,87.69,88.26,87.50,87.69,87.78,87.88,88.26,88.07,88.07,88.07,88.07,85.98,88.07,88.26,88.45,87.69,88.07,88.07,88.07,88.07,88.07,88.07,88.64,88.16,88.07,88.26,88.64,88.64,88.64,88.64,88.26,88.83,88.07,88.26,87.88,87.88,87.88,89.20,99.05,99.24,99.43,99.62,99.62,99.62,99.62,,100.00,99.62,99.81,99.81,99.81,99.81,99.81,99.81,88.64,91.57,91.48,91.48,91.48,91.48,91.29,91.48,91.48,92.05,91.86,91.86,91.67,91.48,91.67
A-MG701191,87.50,87.50,86.55,86.93,87.12,87.12,87.12,87.88,87.50,88.26,88.45,88.45,88.26,88.26,88.45,88.45,88.64,88.64,88.64,88.83,88.64,88.64,87.50,87.50,87.69,87.69,87.69,87.88,87.88,87.88,88.26,88.26,87.88,87.50,87.50,87.50,87.50,87.50,87.50,87.69,87.69,87.69,87.69,87.69,87.69,87.31,87.12,87.12,87.12,87.12,87.31,87.31,87.31,87.50,87.31,87.50,87.50,87.50,87.41,88.07,87.69,87.88,88.07,88.26,87.69,87.50,87.88,88.26,88.26,88.07,87.88,87.69,88.26,87.50,87.69,87.78,87.88,88.26,88.07,88.07,88.07,88.07,85.98,88.07,88.26,88.45,87.69,88.07,88.07,88.07,88.07,88.07,88.07,88.64,88.16,88.07,88.26,88.64,88.64,88.64,88.64,88.26,88.83,88.07,88.26,87.88,87.88,87.88,89.20,99.05,99.24,99.43,99.62,99.62,99.62,99.62,100.00,,99.62,99.81,99.81,99.81,99.81,99.81,99.81,88.64,91.57,91.48,91.48,91.48,91.48,91.29,91.48,91.48,92.05,91.86,91.86,91.67,91.48,91.67
A-MG701195,87.12,87.12,86.17,86.55,86.74,86.74,86.74,87.88,87.50,87.88,88.07,88.07,87.88,87.88,88.07,88.07,88.26,88.26,88.26,88.45,88.26,88.26,87.12,87.12,87.69,87.31,87.31,87.50,87.50,87.50,87.88,87.88,87.50,87.12,87.12,87.12,87.12,87.12,87.12,87.31,87.31,87.31,87.31,87.31,87.31,86.93,86.74,86.74,86.74,86.74,86.93,86.93,86.93,87.12,86.93,87.12,87.12,87.12,87.03,87.69,87.31,87.50,87.69,87.88,87.31,87.12,87.50,87.88,87.88,87.69,87.50,87.31,87.88,87.12,87.31,87.41,87.50,87.88,87.69,87.69,87.69,87.69,85.61,87.69,87.88,88.07,87.31,87.69,87.69,87.69,87.69,87.69,87.69,88.26,87.78,87.69,87.88,88.26,88.26,88.26,88.26,88.26,88.45,87.83,87.88,87.50,87.50,87.50,88.83,99.05,99.24,99.43,99.62,99.62,99.62,99.62,99.62,99.62,,99.81,99.81,99.81,99.81,99.81,99.81,88.64,91.19,91.10,91.10,91.10,91.10,90.91,91.10,91.10,91.67,91.48,91.48,91.29,91.10,91.29
A-LC469575,87.33,87.33,86.39,86.77,86.96,86.96,86.96,88.07,87.69,88.07,88.28,88.28,88.09,88.09,88.28,88.28,88.47,88.47,88.47,88.64,88.47,88.45,87.33,87.33,87.90,87.52,87.52,87.71,87.71,87.71,88.09,88.09,87.71,87.33,87.33,87.33,87.33,87.33,87.33,87.52,87.52,87.52,87.52,87.52,87.52,87.15,86.96,86.96,86.93,86.96,87.15,87.15,87.15,87.33,87.15,87.33,87.33,87.33,87.22,87.90,87.50,87.71,87.90,88.07,87.52,87.33,87.71,88.09,88.09,87.90,87.71,87.52,88.09,87.33,87.52,87.59,87.71,88.09,87.90,87.90,87.90,87.90,85.82,87.90,88.09,88.26,87.52,87.88,87.88,87.88,87.88,87.88,87.90,88.47,87.97,87.88,88.09,88.47,88.47,88.47,88.47,88.09,88.66,87.83,88.07,87.71,87.69,87.69,89.04,99.24,99.43,99.62,99.81,99.81,99.81,99.81,99.81,99.81,99.81,,100.00,100.00,100.00,100.00,100.00,88.85,91.38,91.30,91.30,91.30,91.30,91.12,91.30,91.30,91.87,91.68,91.68,91.49,91.30,91.49
A-KU059797,87.33,87.33,86.39,86.77,86.96,86.96,86.96,88.07,87.69,88.07,88.28,88.28,88.09,88.09,88.28,88.28,88.47,88.47,88.47,88.64,88.47,88.45,87.33,87.33,87.90,87.52,87.52,87.71,87.71,87.71,88.09,88.09,87.71,87.33,87.33,87.33,87.33,87.33,87.33,87.52,87.52,87.52,87.52,87.52,87.52,87.15,86.96,86.96,86.93,86.96,87.15,87.15,87.15,87.33,87.15,87.33,87.33,87.33,87.22,87.90,87.50,87.71,87.90,88.07,87.52,87.33,87.71,88.09,88.09,87.90,87.71,87.52,88.09,87.33,87.52,87.59,87.71,88.09,87.90,87.90,87.90,87.90,85.82,87.90,88.09,88.26,87.52,87.88,87.88,87.88,87.88,87.88,87.90,88.47,87.97,87.88,88.09,88.47,88.47,88.47,88.47,88.09,88.66,87.83,88.07,87.71,87.69,87.69,89.04,99.24,99.43,99.62,99.81,99.81,99.81,99.81,99.81,99.81,99.81,100.00,,100.00,100.00,100.00,100.00,88.85,91.38,91.30,91.30,91.30,91.30,91.12,91.30,91.30,91.87,91.68,91.68,91.49,91.30,91.49
A-KU059786,87.33,87.33,86.39,86.77,86.96,86.96,86.96,88.07,87.69,88.07,88.28,88.28,88.09,88.09,88.28,88.28,88.47,88.47,88.47,88.64,88.47,88.45,87.33,87.33,87.90,87.52,87.52,87.71,87.71,87.71,88.09,88.09,87.71,87.33,87.33,87.33,87.33,87.33,87.33,87.52,87.52,87.52,87.52,87.52,87.52,87.15,86.96,86.96,86.93,86.96,87.15,87.15,87.15,87.33,87.15,87.33,87.33,87.33,87.22,87.90,87.50,87.71,87.90,88.07,87.52,87.33,87.71,88.09,88.09,87.90,87.71,87.52,88.09,87.33,87.52,87.59,87.71,88.09,87.90,87.90,87.90,87.90,85.82,87.90,88.09,88.26,87.52,87.88,87.88,87.88,87.88,87.88,87.90,88.47,87.97,87.88,88.09,88.47,88.47,88.47,88.47,88.09,88.66,87.83,88.07,87.71,87.69,87.69,89.04,99.24,99.43,99.62,99.81,99.81,99.81,99.81,99.81,99.81,99.81,100.00,100.00,,100.00,100.00,100.00,88.85,91.38,91.30,91.30,91.30,91.30,91.12,91.30,91.30,91.87,91.68,91.68,91.49,91.30,91.49
A-KU059775,87.33,87.33,86.39,86.77,86.96,86.96,86.96,88.07,87.69,88.07,88.28,88.28,88.09,88.09,88.28,88.28,88.47,88.47,88.47,88.64,88.47,88.45,87.33,87.33,87.90,87.52,87.52,87.71,87.71,87.71,88.09,88.09,87.71,87.33,87.33,87.33,87.33,87.33,87.33,87.52,87.52,87.52,87.52,87.52,87.52,87.15,86.96,86.96,86.93,86.96,87.15,87.15,87.15,87.33,87.15,87.33,87.33,87.33,87.22,87.90,87.50,87.71,87.90,88.07,87.52,87.33,87.71,88.09,88.09,87.90,87.71,87.52,88.09,87.33,87.52,87.59,87.71,88.09,87.90,87.90,87.90,87.90,85.82,87.90,88.09,88.26,87.52,87.88,87.88,87.88,87.88,87.88,87.90,88.47,87.97,87.88,88.09,88.47,88.47,88.47,88.47,88.09,88.66,87.83,88.07,87.71,87.69,87.69,89.04,99.24,99.43,99.62,99.81,99.81,99.81,99.81,99.81,99.81,99.81,100.00,100.00,100.00,,100.00,100.00,88.85,91.38,91.30,91.30,91.30,91.30,91.12,91.30,91.30,91.87,91.68,91.68,91.49,91.30,91.49
A-MG701198,87.31,87.31,86.36,86.74,86.93,86.93,86.93,88.07,87.69,88.07,88.26,88.26,88.07,88.07,88.26,88.26,88.45,88.45,88.45,88.64,88.45,88.45,87.31,87.31,87.88,87.50,87.50,87.69,87.69,87.69,88.07,88.07,87.69,87.31,87.31,87.31,87.31,87.31,87.31,87.50,87.50,87.50,87.50,87.50,87.50,87.12,86.93,86.93,86.93,86.93,87.12,87.12,87.12,87.31,87.12,87.31,87.31,87.31,87.22,87.88,87.50,87.69,87.88,88.07,87.50,87.31,87.69,88.07,88.07,87.88,87.69,87.50,88.07,87.31,87.50,87.59,87.69,88.07,87.88,87.88,87.88,87.88,85.80,87.88,88.07,88.26,87.50,87.88,87.88,87.88,87.88,87.88,87.88,88.45,87.97,87.88,88.07,88.45,88.45,88.45,88.45,88.07,88.64,87.83,88.07,87.69,87.69,87.69,89.02,99.24,99.43,99.62,99.81,99.81,99.81,99.81,99.81,99.81,99.81,100.00,100.00,100.00,100.00,,100.00,88.83,91.38,91.29,91.29,91.29,91.29,91.10,91.29,91.29,91.86,91.67,91.67,91.48,91.29,91.48
A-MG701182,87.31,87.31,86.36,86.74,86.93,86.93,86.93,88.07,87.69,88.07,88.26,88.26,88.07,88.07,88.26,88.26,88.45,88.45,88.45,88.64,88.45,88.45,87.31,87.31,87.88,87.50,87.50,87.69,87.69,87.69,88.07,88.07,87.69,87.31,87.31,87.31,87.31,87.31,87.31,87.50,87.50,87.50,87.50,87.50,87.50,87.12,86.93,86.93,86.93,86.93,87.12,87.12,87.12,87.31,87.12,87.31,87.31,87.31,87.22,87.88,87.50,87.69,87.88,88.07,87.50,87.31,87.69,88.07,88.07,87.88,87.69,87.50,88.07,87.31,87.50,87.59,87.69,88.07,87.88,87.88,87.88,87.88,85.80,87.88,88.07,88.26,87.50,87.88,87.88,87.88,87.88,87.88,87.88,88.45,87.97,87.88,88.07,88.45,88.45,88.45,88.45,88.07,88.64,87.83,88.07,87.69,87.69,87.69,89.02,99.24,99.43,99.62,99.81,99.81,99.81,99.81,99.81,99.81,99.81,100.00,100.00,100.00,100.00,100.00,,88.83,91.38,91.29,91.29,91.29,91.29,91.10,91.29,91.29,91.86,91.67,91.67,91.48,91.29,91.48
A-LC105575,90.55,90.55,89.98,90.36,90.36,90.36,90.36,88.45,88.07,88.07,88.28,88.28,88.09,88.09,88.28,88.28,88.47,88.47,88.47,88.26,88.66,88.45,88.09,88.09,88.28,86.77,87.15,87.71,87.71,87.71,87.71,87.71,86.96,87.33,87.33,87.33,87.33,87.33,87.33,87.52,87.90,87.90,87.90,87.90,87.90,87.52,87.33,87.33,87.31,87.33,87.52,87.52,87.52,87.15,87.15,87.33,87.33,87.33,87.03,87.15,87.50,87.33,87.90,87.69,87.52,87.71,87.71,88.09,88.09,87.90,87.71,87.90,87.71,87.52,87.71,87.59,87.71,87.71,87.90,87.90,87.90,87.90,84.88,86.96,87.15,86.55,86.58,86.55,86.55,86.55,86.55,86.55,86.58,86.77,86.65,86.93,86.77,86.77,87.15,86.77,86.77,86.96,86.58,86.16,87.88,87.90,87.88,87.88,89.60,88.47,88.66,88.85,88.66,88.66,88.66,88.66,88.64,88.64,88.64,88.85,88.85,88.85,88.85,88.83,88.83,,90.63,90.17,90.17,90.17,90.17,90.36,90.17,90.17,90.55,90.36,90.36,90.55,90.36,90.17
A-PX212175,90.63,90.63,89.87,90.25,90.44,90.44,90.44,89.49,89.11,89.49,89.68,89.68,89.49,89.49,89.68,89.68,89.49,89.87,89.87,89.68,89.49,89.49,89.30,89.30,89.30,89.30,90.06,90.25,89.87,89.87,89.87,89.87,89.49,89.49,89.49,89.49,90.25,90.25,90.25,90.06,90.06,90.06,90.06,90.06,90.06,89.68,89.49,89.49,89.49,89.49,89.68,89.68,89.68,89.68,89.68,89.87,89.87,89.87,89.58,89.68,89.68,89.87,90.44,90.25,90.81,90.63,90.63,90.63,90.63,90.44,90.25,89.68,89.87,89.49,89.68,89.77,90.06,89.87,90.06,90.06,90.06,90.06,86.74,88.35,88.54,88.73,88.35,88.35,88.35,88.35,88.35,88.35,88.35,88.54,88.45,88.35,88.54,88.54,88.54,88.73,88.73,88.54,88.73,87.83,89.49,88.92,88.92,88.92,88.92,90.63,91.38,91.38,91.19,91.19,91.19,91.19,91.57,91.57,91.19,91.38,91.38,91.38,91.38,91.38,91.38,90.63,,99.53,99.53,99.53,99.53,99.34,99.53,99.53,98.96,99.15,99.15,98.96,98.39,98.58
A-LC569412,90.17,90.17,89.41,89.79,89.98,89.98,89.98,89.39,89.02,89.39,89.60,89.60,89.41,89.41,89.60,89.60,89.41,89.79,89.79,89.58,89.41,89.39,89.22,89.22,89.22,89.22,89.98,90.17,89.79,89.79,89.79,89.79,89.41,89.41,89.41,89.41,90.17,90.17,90.17,89.98,89.98,89.98,89.98,89.98,89.98,89.60,89.41,89.41,89.39,89.41,89.60,89.60,89.60,89.60,89.60,89.79,89.79,89.79,89.49,89.60,89.58,89.79,90.36,90.15,90.74,90.55,90.55,90.55,90.55,90.36,90.17,89.98,89.79,89.41,89.60,89.68,89.98,89.79,89.98,89.98,89.98,89.98,86.77,88.28,88.47,88.64,88.28,88.26,88.26,88.26,88.26,88.26,88.28,88.47,88.35,88.26,88.47,88.47,88.47,88.85,88.85,88.66,88.66,87.83,89.77,89.22,89.20,89.20,88.47,90.55,91.30,91.30,91.12,91.12,91.12,91.12,91.48,91.48,91.10,91.30,91.30,91.30,91.30,91.29,91.29,90.17,99.53,,100.00,100.00,100.00,99.81,100.00,100.00,99.24,99.62,99.62,99.43,98.87,99.05
A-LC228346,90.17,90.17,89.41,89.79,89.98,89.98,89.98,89.39,89.02,89.39,89.60,89.60,89.41,89.41,89.60,89.60,89.41,89.79,89.79,89.58,89.41,89.39,89.22,89.22,89.22,89.22,89.98,90.17,89.79,89.79,89.79,89.79,89.41,89.41,89.41,89.41,90.17,90.17,90.17,89.98,89.98,89.98,89.98,89.98,89.98,89.60,89.41,89.41,89.39,89.41,89.60,89.60,89.60,89.60,89.60,89.79,89.79,89.79,89.49,89.60,89.58,89.79,90.36,90.15,90.74,90.55,90.55,90.55,90.55,90.36,90.17,89.98,89.79,89.41,89.60,89.68,89.98,89.79,89.98,89.98,89.98,89.98,86.77,88.28,88.47,88.64,88.28,88.26,88.26,88.26,88.26,88.26,88.28,88.47,88.35,88.26,88.47,88.47,88.47,88.85,88.85,88.66,88.66,87.83,89.77,89.22,89.20,89.20,88.47,90.55,91.30,91.30,91.12,91.12,91.12,91.12,91.48,91.48,91.10,91.30,91.30,91.30,91.30,91.29,91.29,90.17,99.53,100.00,,100.00,100.00,99.81,100.00,100.00,99.24,99.62,99.62,99.43,98.87,99.05
A-LC477630,90.17,90.17,89.41,89.79,89.98,89.98,89.98,89.39,89.02,89.39,89.60,89.60,89.41,89.41,89.60,89.60,89.41,89.79,89.79,89.58,89.41,89.39,89.22,89.22,89.22,89.22,89.98,90.17,89.79,89.79,89.79,89.79,89.41,89.41,89.41,89.41,90.17,90.17,90.17,89.98,89.98,89.98,89.98,89.98,89.98,89.60,89.41,89.41,89.39,89.41,89.60,89.60,89.60,89.60,89.60,89.79,89.79,89.79,89.49,89.60,89.58,89.79,90.36,90.15,90.74,90.55,90.55,90.55,90.55,90.36,90.17,89.98,89.79,89.41,89.60,89.68,89.98,89.79,89.98,89.98,89.98,89.98,86.77,88.28,88.47,88.64,88.28,88.26,88.26,88.26,88.26,88.26,88.28,88.47,88.35,88.26,88.47,88.47,88.47,88.85,88.85,88.66,88.66,87.83,89.77,89.22,89.20,89.20,88.47,90.55,91.30,91.30,91.12,91.12,91.12,91.12,91.48,91.48,91.10,91.30,91.30,91.30,91.30,91.29,91.29,90.17,99.53,100.00,100.00,,100.00,99.81,100.00,100.00,99.24,99.62,99.62,99.43,98.87,99.05
A-LC228379,90.17,90.17,89.41,89.79,89.98,89.98,89.98,89.39,89.02,89.39,89.60,89.60,89.41,89.41,89.60,89.60,89.41,89.79,89.79,89.58,89.41,89.39,89.22,89.22,89.22,89.22,89.98,90.17,89.79,89.79,89.79,89.79,89.41,89.41,89.41,89.41,90.17,90.17,90.17,89.98,89.98,89.98,89.98,89.98,89.98,89.60,89.41,89.41,89.39,89.41,89.60,89.60,89.60,89.60,89.60,89.79,89.79,89.79,89.49,89.60,89.58,89.79,90.36,90.15,90.74,90.55,90.55,90.55,90.55,90.36,90.17,89.98,89.79,89.41,89.60,89.68,89.98,89.79,89.98,89.98,89.98,89.98,86.77,88.28,88.47,88.64,88.28,88.26,88.26,88.26,88.26,88.26,88.28,88.47,88.35,88.26,88.47,88.47,88.47,88.85,88.85,88.66,88.66,87.83,89.77,89.22,89.20,89.20,88.47,90.55,91.30,91.30,91.12,91.12,91.12,91.12,91.48,91.48,91.10,91.30,91.30,91.30,91.30,91.29,91.29,90.17,99.53,100.00,100.00,100.00,,99.81,100.00,100.00,99.24,99.62,99.62,99.43,98.87,99.05
A-LC228357,89.98,89.98,89.22,89.60,89.79,89.79,89.79,89.20,88.83,89.20,89.41,89.41,89.22,89.22,89.41,89.41,89.22,89.60,89.60,89.39,89.22,89.20,89.41,89.41,89.04,89.04,89.79,89.98,89.60,89.60,89.60,89.60,89.22,89.22,89.22,89.22,89.98,89.98,89.98,89.79,89.79,89.79,89.79,89.79,89.79,89.41,89.22,89.22,89.20,89.22,89.41,89.41,89.41,89.41,89.41,89.60,89.60,89.60,89.30,89.41,89.39,89.60,90.17,89.96,90.55,90.36,90.36,90.36,90.36,90.17,89.98,89.79,89.60,89.22,89.41,89.49,89.79,89.60,89.79,89.79,89.79,89.79,86.58,88.09,88.28,88.45,88.09,88.07,88.07,88.07,88.07,88.07,88.09,88.28,88.16,88.07,88.28,88.28,88.66,88.66,88.66,88.47,88.47,87.59,89.96,89.41,89.39,89.39,88.28,90.36,91.12,91.12,90.93,90.93,90.93,90.93,91.29,91.29,90.91,91.12,91.12,91.12,91.12,91.10,91.10,90.36,99.34,99.81,99.81,99.81,99.81,,99.81,99.81,99.05,99.43,99.43,99.24,98.68,98.87
A-LC569457,90.17,90.17,89.41,89.79,89.98,89.98,89.98,89.39,89.02,89.39,89.60,89.60,89.41,89.41,89.60,89.60,89.41,89.79,89.79,89.58,89.41,89.39,89.22,89.22,89.22,89.22,89.98,90.17,89.79,89.79,89.79,89.79,89.41,89.41,89.41,89.41,90.17,90.17,90.17,89.98,89.98,89.98,89.98,89.98,89.98,89.60,89.41,89.41,89.39,89.41,89.60,89.60,89.60,89.60,89.60,89.79,89.79,89.79,89.49,89.60,89.58,89.79,90.36,90.15,90.74,90.55,90.55,90.55,90.55,90.36,90.17,89.98,89.79,89.41,89.60,89.68,89.98,89.79,89.98,89.98,89.98,89.98,86.77,88.28,88.47,88.64,88.28,88.26,88.26,88.26,88.26,88.26,88.28,88.47,88.35,88.26,88.47,88.47,88.47,88.85,88.85,88.66,88.66,87.83,89.77,89.22,89.20,89.20,88.47,90.55,91.30,91.30,91.12,91.12,91.12,91.12,91.48,91.48,91.10,91.30,91.30,91.30,91.30,91.29,91.29,90.17,99.53,100.00,100.00,100.00,100.00,99.81,,100.00,99.24,99.62,99.62,99.43,98.87,99.05
A-LC569440,90.17,90.17,89.41,89.79,89.98,89.98,89.98,89.39,89.02,89.39,89.60,89.60,89.41,89.41,89.60,89.60,89.41,89.79,89.79,89.58,89.41,89.39,89.22,89.22,89.22,89.22,89.98,90.17,89.79,89.79,89.79,89.79,89.41,89.41,89.41,89.41,90.17,90.17,90.17,89.98,89.98,89.98,89.98,89.98,89.98,89.60,89.41,89.41,89.39,89.41,89.60,89.60,89.60,89.60,89.60,89.79,89.79,89.79,89.49,89.60,89.58,89.79,90.36,90.15,90.74,90.55,90.55,90.55,90.55,90.36,90.17,89.98,89.79,89.41,89.60,89.68,89.98,89.79,89.98,89.98,89.98,89.98,86.77,88.28,88.47,88.64,88.28,88.26,88.26,88.26,88.26,88.26,88.28,88.47,88.35,88.26,88.47,88.47,88.47,88.85,88.85,88.66,88.66,87.83,89.77,89.22,89.20,89.20,88.47,90.55,91.30,91.30,91.12,91.12,91.12,91.12,91.48,91.48,91.10,91.30,91.30,91.30,91.30,91.29,91.29,90.17,99.53,100.00,100.00,100.00,100.00,99.81,100.00,,99.24,99.62,99.62,99.43,98.87,99.05
A-KJ721750,90.74,90.74,89.98,90.36,90.55,90.55,90.55,89.96,89.58,89.96,90.17,90.17,89.98,89.98,90.17,90.17,89.98,90.36,90.36,90.15,89.98,89.96,89.60,89.60,89.79,89.79,90.36,90.74,90.36,90.36,90.17,90.17,89.79,89.98,89.98,89.98,90.55,90.55,90.55,90.36,90.36,90.36,90.36,90.36,90.36,89.98,89.79,89.79,89.77,89.79,89.98,89.98,89.98,89.98,89.98,90.17,90.17,90.17,89.68,89.98,89.96,90.17,90.74,90.53,90.74,90.55,90.93,90.93,90.93,90.74,90.55,90.36,90.17,89.79,89.98,90.06,90.36,90.17,90.36,90.36,90.36,90.36,87.15,88.85,89.04,89.20,88.85,88.83,88.83,88.83,88.83,88.83,88.85,89.04,88.92,88.83,89.04,89.04,89.04,89.04,89.04,88.85,89.22,88.31,90.34,89.79,89.77,89.77,89.04,91.12,91.49,91.49,91.68,91.68,91.68,91.68,92.05,92.05,91.67,91.87,91.87,91.87,91.87,91.86,91.86,90.55,98.96,99.24,99.24,99.24,99.24,99.05,99.24,99.24,,99.62,99.62,99.43,98.87,99.05
A-OP717989,90.55,90.55,89.79,90.17,90.36,90.36,90.36,89.77,89.39,89.77,89.98,89.98,89.79,89.79,89.98,89.98,89.79,90.17,90.17,89.96,89.79,89.77,89.60,89.60,89.60,89.60,90.36,90.55,90.17,90.17,90.17,90.17,89.79,89.79,89.79,89.79,90.55,90.55,90.55,90.36,90.36,90.36,90.36,90.36,90.36,89.98,89.79,89.79,89.77,89.79,89.98,89.98,89.98,89.98,89.98,90.17,90.17,90.17,89.68,89.98,89.96,90.17,90.74,90.53,90.74,90.55,90.93,90.93,90.93,90.74,90.55,90.36,90.17,89.79,89.98,90.06,90.36,90.17,90.36,90.36,90.36,90.36,87.15,88.66,88.85,89.02,88.66,88.64,88.64,88.64,88.64,88.64,88.66,88.85,88.73,88.64,88.85,88.85,88.85,89.22,89.22,89.04,89.04,88.31,90.15,89.60,89.58,89.58,88.85,90.93,91.30,91.30,91.49,91.49,91.49,91.49,91.86,91.86,91.48,91.68,91.68,91.68,91.68,91.67,91.67,90.36,99.15,99.62,99.62,99.62,99.62,99.43,99.62,99.62,99.62,,100.00,99.81,99.24,99.43
A-OP717986,90.55,90.55,89.79,90.17,90.36,90.36,90.36,89.77,89.39,89.77,89.98,89.98,89.79,89.79,89.98,89.98,89.79,90.17,90.17,89.96,89.79,89.77,89.60,89.60,89.60,89.60,90.36,90.55,90.17,90.17,90.17,90.17,89.79,89.79,89.79,89.79,90.55,90.55,90.55,90.36,90.36,90.36,90.36,90.36,90.36,89.98,89.79,89.79,89.77,89.79,89.98,89.98,89.98,89.98,89.98,90.17,90.17,90.17,89.68,89.98,89.96,90.17,90.74,90.53,90.74,90.55,90.93,90.93,90.93,90.74,90.55,90.36,90.17,89.79,89.98,90.06,90.36,90.17,90.36,90.36,90.36,90.36,87.15,88.66,88.85,89.02,88.66,88.64,88.64,88.64,88.64,88.64,88.66,88.85,88.73,88.64,88.85,88.85,88.85,89.22,89.22,89.04,89.04,88.31,90.15,89.60,89.58,89.58,88.85,90.93,91.30,91.30,91.49,91.49,91.49,91.49,91.86,91.86,91.48,91.68,91.68,91.68,91.68,91.67,91.67,90.36,99.15,99.62,99.62,99.62,99.62,99.43,99.62,99.62,99.62,100.00,,99.81,99.24,99.43
A-MG181665,90.74,90.74,89.98,90.36,90.55,90.55,90.55,89.96,89.58,89.96,90.17,90.17,89.98,89.98,90.17,90.17,89.98,90.36,90.36,90.15,89.98,89.96,89.79,89.79,89.79,89.79,90.55,90.74,90.36,90.36,90.36,90.36,89.98,89.98,89.98,89.98,90.74,90.74,90.74,90.55,90.55,90.55,90.55,90.55,90.55,90.17,89.98,89.98,89.96,89.98,90.17,90.17,90.17,90.17,90.17,90.36,90.36,90.36,89.87,90.17,90.15,90.36,90.93,90.72,90.93,90.74,91.12,91.12,91.12,90.93,90.74,90.55,90.36,89.98,90.17,90.25,90.55,90.36,90.55,90.55,90.55,90.55,86.96,88.47,88.66,88.83,88.47,88.45,88.45,88.45,88.45,88.45,88.47,89.04,88.92,88.83,89.04,89.04,89.04,89.41,89.41,89.22,89.22,88.54,89.96,89.41,89.39,89.39,89.04,90.74,91.12,91.12,91.30,91.30,91.30,91.30,91.67,91.67,91.29,91.49,91.49,91.49,91.49,91.48,91.48,90.55,98.96,99.43,99.43,99.43,99.43,99.24,99.43,99.43,99.43,99.81,99.81,,99.05,99.24
A-MG181896,90.74,90.74,89.98,90.36,90.55,90.55,90.55,89.96,89.58,89.96,90.17,90.17,89.98,89.98,90.17,90.17,89.98,90.36,90.36,90.15,89.98,89.96,89.79,89.79,89.79,89.79,90.55,90.74,90.36,90.36,90.36,90.36,89.98,89.98,89.98,89.98,90.74,90.74,90.74,90.55,90.55,90.55,90.55,90.55,90.55,90.17,89.98,89.98,89.96,89.98,90.17,90.17,90.17,90.17,90.17,90.36,90.36,90.36,89.87,90.17,90.15,90.36,90.93,90.72,90.93,90.74,91.12,91.12,91.12,90.93,90.74,90.55,89.98,89.98,90.17,90.25,90.55,90.36,90.55,90.55,90.55,90.55,87.15,88.66,88.85,89.02,88.66,88.64,88.64,88.64,88.64,88.64,88.66,89.22,89.11,89.02,89.22,88.85,88.85,89.60,89.60,89.04,89.04,88.31,90.34,89.79,89.77,89.77,88.66,90.55,90.93,90.93,91.12,91.12,91.12,91.12,91.48,91.48,91.10,91.30,91.30,91.30,91.30,91.29,91.29,90.36,98.39,98.87,98.87,98.87,98.87,98.68,98.87,98.87,98.87,99.24,99.24,99.05,,99.81
A-MG181775,90.55,90.55,89.79,90.17,90.36,90.36,90.36,89.77,89.39,89.77,89.98,89.98,89.79,89.79,89.98,89.98,89.79,90.17,90.17,89.96,89.79,89.77,89.60,89.60,89.60,89.60,90.36,90.55,90.17,90.17,90.17,90.17,89.79,89.79,89.79,89.79,90.55,90.55,90.55,90.36,90.36,90.36,90.36,90.36,90.36,89.98,89.79,89.79,89.77,89.79,89.98,89.98,89.98,89.98,89.98,90.17,90.17,90.17,89.68,89.98,89.96,90.17,90.74,90.53,90.74,90.55,90.93,90.93,90.93,90.74,90.55,90.36,89.79,89.79,89.98,90.06,90.36,90.17,90.36,90.36,90.36,90.36,86.96,88.47,88.66,88.83,88.47,88.45,88.45,88.45,88.45,88.45,88.47,89.04,88.92,88.83,89.04,88.66,88.66,89.41,89.41,88.85,88.85,88.07,90.15,89.60,89.58,89.58,88.47,90.74,91.12,91.12,91.30,91.30,91.30,91.30,91.67,91.67,91.29,91.49,91.49,91.49,91.49,91.48,91.48,90.17,98.58,99.05,99.05,99.05,99.05,98.87,99.05,99.05,99.05,99.43,99.43,99.24,99.81,
