,D-HQ657138,D-LC169962,D-LC169951,D-LC169940,D-MT723917,D-MT410495,A-PX211140,A-KC443345,A-LC569097,A-LC477450,A-LC569080,A-LC228370,A-LC569052,A-LC228348,A-LC228337,A-OP717089,A-OP717086,A-LC105569,A-KJ752161,A-MG181887,A-MG181766,A-KC443367,A-KC443222,A-PX211177,A-KJ721724,A-KJ721726,A-MN479030,A-MN479026,A-MN479018,A-MN478971,A-MN479017,A-KF716360,A-KC834711,A-KJ919308,A-KC443356,B-KJ639023,B-KJ639012,B-LC260244,B-KX880428,B-MG670645,B-MG670646,B-MG670642,B-KU059788,B-KU059777,B-KU059766,B-MG670638,B-MG670629,B-LC086725,B-LC086714,B-LC469415,B-LC260246,B-PX211157,B-LC169984,B-LC169973,B-KJ919372,B-LC086802,B-LC086791,B-LC086780,B-LC086736,B-KC178763,B-KC443763,B-KC443323,B-KC443631,B-KC443455,B-KC443200,B-PX211078,B-LC514470,B-MZ546115,B-KX880417,B-KU550266,B-KU550265,B-KU550263,B-LC325463,B-MH704719,B-LC541985,B-LC228326,B-LC228315,B-MT732498,B-LC386065,B-LC514481,B-MG599518,B-MG599517,B-AB975623,B-AB975625,B-AB975653,B-AB848007,B-AB975654,B-LC751266,B-LC751236,B-KY616885,B-LC066661,B-LC066650,B-LC066639,B-PX211080,B-LC260250,B-KU550264,B-KU550262,B-KU870407,B-KU870385,B-MH569748,B-MH569747,B-MF997035,B-MH704718,B-LC228304,B-KC442974,B-KC178768,B-KU356574,B-HQ641355,B-KC443007,B-KR705201,C-KJ721719,C-LC105580,C-MN479107,C-PP861577,C-PP861567,C-OP850442,C-PX211142,C-KC442963,C-KJ721722,C-LC514503,C-OP850443,C-PP861633,C-PP861579,C-KU199270,C-MG181656,C-MW715606,C-MG670643,C-MG670640,C-LC514514,C-MH166403,C-LC514492,C-OP850448,C-OP850447,C-OP850449,C-OP850446,C-OP850444,C-KF716356,C-KF716349,C-KU248405,C-KU248394
D-HQ657138,,91.52,91.55,91.55,91.49,91.42,86.17,86.25,86.44,86.41,86.41,86.41,86.47,86.38,86.44,86.38,86.32,86.25,86.32,86.01,86.13,85.82,85.82,85.30,86.25,86.21,86.10,86.13,86.13,86.13,86.16,86.22,86.16,86.16,86.25,86.22,86.28,86.07,86.10,86.04,86.10,86.13,86.07,86.07,86.13,86.16,86.16,86.13,86.13,86.35,86.25,86.24,86.16,86.10,86.38,86.44,86.35,86.35,86.38,86.50,86.41,86.41,86.38,86.38,86.38,86.45,86.32,86.35,86.41,86.35,86.41,86.35,86.56,86.50,86.53,86.53,86.66,86.28,86.25,86.50,86.35,86.47,86.53,86.59,86.56,86.53,86.50,86.50,86.50,86.53,86.44,86.44,86.41,86.61,86.53,86.41,86.44,86.41,86.38,86.38,86.38,86.41,86.53,86.44,86.01,86.07,85.91,86.19,86.19,86.47,86.41,86.16,86.35,86.41,86.44,86.50,86.03,86.02,86.22,85.82,85.82,85.60,85.70,86.22,86.04,86.13,86.25,86.32,85.85,86.38,86.01,86.10,86.13,86.10,86.10,86.16,86.19,86.19,85.98,86.16
D-LC169962,91.52,,99.97,99.97,99.72,99.72,86.47,86.59,86.59,86.63,86.63,86.69,86.75,86.66,86.66,86.66,86.72,86.63,86.50,86.28,86.28,86.59,86.59,85.84,86.78,86.67,86.63,86.66,86.66,86.66,86.69,86.69,86.56,86.56,86.59,86.59,86.66,86.63,86.59,86.47,86.53,86.56,86.56,86.50,86.56,86.59,86.59,86.63,86.63,86.78,86.56,86.69,86.78,86.78,86.66,86.72,86.56,86.66,86.63,86.89,86.78,86.78,86.75,86.75,86.75,86.68,86.63,86.69,86.75,86.69,86.75,86.69,86.97,86.90,87.00,86.93,87.06,86.69,86.66,86.78,86.69,86.81,86.93,87.00,87.00,86.93,86.90,86.90,86.90,86.93,86.78,86.78,86.75,86.80,86.97,86.87,86.90,86.87,86.84,86.78,86.78,86.87,86.87,86.78,86.35,86.47,86.35,86.66,86.81,86.75,86.81,86.32,86.41,86.32,86.35,86.35,85.89,86.19,86.32,85.82,85.88,85.73,85.70,86.59,85.85,86.22,86.35,86.47,85.94,86.22,86.04,85.94,85.98,85.94,85.94,85.94,86.16,86.25,85.91,86.25
D-LC169951,91.55,99.97,,100.00,99.75,99.75,86.44,86.56,86.56,86.59,86.59,86.66,86.72,86.63,86.63,86.63,86.69,86.59,86.47,86.25,86.25,86.56,86.56,85.81,86.75,86.64,86.59,86.63,86.63,86.63,86.66,86.66,86.53,86.53,86.56,86.56,86.63,86.59,86.56,86.44,86.50,86.53,86.53,86.47,86.53,86.56,86.56,86.59,86.59,86.75,86.53,86.66,86.75,86.75,86.63,86.69,86.53,86.63,86.59,86.86,86.75,86.75,86.72,86.72,86.72,86.65,86.59,86.66,86.72,86.66,86.72,86.66,86.93,86.87,86.97,86.90,87.03,86.66,86.63,86.75,86.66,86.78,86.90,86.97,86.97,86.90,86.87,86.87,86.87,86.90,86.75,86.75,86.72,86.76,86.93,86.84,86.87,86.84,86.81,86.75,86.75,86.84,86.84,86.75,86.32,86.44,86.32,86.63,86.78,86.72,86.78,86.28,86.38,86.28,86.32,86.32,85.86,86.16,86.28,85.79,85.85,85.70,85.67,86.56,85.82,86.19,86.32,86.44,85.91,86.19,86.01,85.91,85.94,85.91,85.91,85.91,86.13,86.22,85.88,86.22
D-LC169940,91.55,99.97,100.00,,99.75,99.75,86.44,86.56,86.56,86.59,86.59,86.66,86.72,86.63,86.63,86.63,86.69,86.59,86.47,86.25,86.25,86.56,86.56,85.81,86.75,86.64,86.59,86.63,86.63,86.63,86.66,86.66,86.53,86.53,86.56,86.56,86.63,86.59,86.56,86.44,86.50,86.53,86.53,86.47,86.53,86.56,86.56,86.59,86.59,86.75,86.53,86.66,86.75,86.75,86.63,86.69,86.53,86.63,86.59,86.86,86.75,86.75,86.72,86.72,86.72,86.65,86.59,86.66,86.72,86.66,86.72,86.66,86.93,86.87,86.97,86.90,87.03,86.66,86.63,86.75,86.66,86.78,86.90,86.97,86.97,86.90,86.87,86.87,86.87,86.90,86.75,86.75,86.72,86.76,86.93,86.84,86.87,86.84,86.81,86.75,86.75,86.84,86.84,86.75,86.32,86.44,86.32,86.63,86.78,86.72,86.78,86.28,86.38,86.28,86.32,86.32,85.86,86.16,86.28,85.79,85.85,85.70,85.67,86.56,85.82,86.19,86.32,86.44,85.91,86.19,86.01,85.91,85.94,85.91,85.91,85.91,86.13,86.22,85.88,86.22
D-MT723917,91.49,99.72,99.75,99.75,,99.81,86.34,86.50,86.50,86.53,86.53,86.59,86.66,86.56,86.56,86.56,86.63,86.53,86.41,86.19,86.19,86.44,86.44,85.81,86.69,86.58,86.53,86.56,86.56,86.56,86.59,86.63,86.56,86.56,86.59,86.69,86.75,86.72,86.69,86.56,86.63,86.66,86.66,86.59,86.66,86.69,86.69,86.72,86.72,86.81,86.53,86.66,86.69,86.69,86.63,86.69,86.53,86.63,86.59,86.86,86.75,86.75,86.72,86.72,86.72,86.65,86.59,86.66,86.75,86.66,86.72,86.66,86.93,86.87,86.97,86.90,87.03,86.59,86.56,86.69,86.66,86.78,86.84,86.90,86.90,86.84,86.81,86.81,86.81,86.84,86.69,86.69,86.66,86.76,86.93,86.84,86.87,86.84,86.81,86.75,86.75,86.84,86.84,86.75,86.28,86.41,86.25,86.56,86.72,86.66,86.78,86.28,86.38,86.28,86.32,86.32,85.86,86.16,86.28,85.79,85.85,85.70,85.67,86.56,85.82,86.19,86.32,86.44,85.91,86.19,86.01,85.91,85.94,85.91,85.91,85.91,86.13,86.22,85.88,86.22
D-MT410495,91.42,99.72,99.75,99.75,99.81,,86.41,86.59,86.59,86.63,86.63,86.69,86.75,86.66,86.66,86.66,86.72,86.63,86.50,86.28,86.28,86.53,86.53,85.77,86.78,86.67,86.63,86.66,86.66,86.66,86.69,86.66,86.53,86.53,86.56,86.59,86.66,86.63,86.59,86.47,86.53,86.56,86.56,86.50,86.56,86.59,86.59,86.63,86.63,86.84,86.56,86.63,86.78,86.78,86.66,86.72,86.56,86.66,86.63,86.89,86.78,86.78,86.75,86.75,86.75,86.62,86.56,86.69,86.78,86.69,86.75,86.69,86.97,86.90,87.00,86.93,87.06,86.63,86.59,86.72,86.69,86.81,86.87,86.93,86.93,86.87,86.84,86.84,86.84,86.87,86.72,86.72,86.69,86.80,86.97,86.87,86.90,86.87,86.84,86.78,86.78,86.87,86.87,86.78,86.38,86.50,86.32,86.66,86.81,86.75,86.87,86.32,86.41,86.32,86.35,86.35,85.89,86.19,86.32,85.82,85.88,85.73,85.70,86.59,85.85,86.22,86.35,86.47,85.94,86.22,86.04,85.94,85.98,85.94,85.94,85.94,86.16,86.25,85.91,86.25
A-PX211140,86.17,86.47,86.44,86.44,86.34,86.41,,97.91,98.82,98.82,98.85,98.85,98.85,98.88,98.88,98.52,98.52,97.71,97.61,97.51,97.58,96.54,96.54,96.91,97.14,97.39,97.14,97.24,97.24,97.24,97.27,96.57,97.17,96.94,97.04,96.34,96.40,96.23,96.27,96.23,96.30,96.34,96.37,96.37,96.44,96.34,96.47,96.40,96.40,96.40,96.44,96.32,96.57,96.57,96.54,96.47,96.54,96.47,96.54,96.84,97.01,97.01,96.97,96.64,96.70,95.99,95.87,95.97,96.07,96.00,96.07,96.00,96.30,96.54,96.37,96.37,96.37,96.13,96.10,96.30,96.37,96.44,96.44,96.44,96.47,96.44,96.40,96.40,96.40,96.44,96.34,96.34,96.34,96.23,96.03,96.23,96.23,96.17,96.13,96.27,96.23,96.20,96.37,96.30,96.97,97.14,97.07,97.38,97.04,97.44,94.66,94.22,94.15,94.02,93.99,93.99,94.21,94.49,94.79,94.09,94.26,94.05,94.05,95.36,94.29,94.09,94.26,94.22,94.15,94.15,94.09,93.99,93.89,93.99,93.95,93.92,94.15,94.19,94.15,94.52
A-KC443345,86.25,86.59,86.56,86.56,86.50,86.59,97.91,,98.54,98.61,98.64,98.64,98.70,98.67,98.67,98.64,98.61,98.30,98.14,97.93,97.96,97.62,97.62,96.91,98.42,98.59,98.36,98.45,98.45,98.45,98.48,97.62,98.27,98.05,98.14,97.55,97.62,97.46,97.49,97.49,97.55,97.59,97.59,97.59,97.65,97.49,97.68,97.65,97.65,97.71,97.68,97.20,97.68,97.68,97.65,97.52,97.55,97.55,97.62,97.94,98.17,98.17,98.14,97.83,97.89,97.10,97.03,97.18,97.31,97.24,97.24,97.24,97.43,97.62,97.55,97.55,97.55,97.43,97.40,97.52,97.65,97.71,97.71,97.71,97.71,97.71,97.68,97.68,97.68,97.71,97.65,97.65,97.62,97.35,97.28,97.52,97.49,97.40,97.37,97.52,97.46,97.46,97.68,97.59,97.89,98.08,97.86,98.39,98.11,98.45,95.57,94.83,94.77,94.55,94.52,94.52,94.98,95.09,95.45,94.74,95.05,94.80,94.80,96.38,94.89,94.80,94.95,94.95,94.83,94.89,94.74,94.64,94.55,94.58,94.58,94.58,94.74,94.74,94.83,95.23
A-LC569097,86.44,86.59,86.56,86.56,86.50,86.59,98.82,98.54,,99.75,99.78,99.78,99.78,99.81,99.81,99.10,99.07,98.20,98.11,97.89,98.05,97.15,97.15,96.35,97.77,98.00,97.83,97.93,97.93,97.93,97.96,97.09,97.65,97.43,97.52,96.90,96.97,96.81,96.84,96.84,96.90,96.93,96.93,96.93,97.00,96.90,97.03,97.00,97.00,97.06,97.03,96.70,97.09,97.09,97.06,96.93,97.03,96.97,97.03,97.29,97.59,97.59,97.55,97.24,97.31,96.54,96.44,96.53,96.72,96.66,96.72,96.66,96.78,97.03,96.90,96.90,96.90,96.84,96.81,96.93,97.00,97.06,97.06,97.12,97.09,97.06,97.03,97.03,97.03,97.06,97.00,97.00,96.97,96.83,96.63,96.87,96.84,96.81,96.78,96.87,96.81,96.81,97.03,96.93,97.43,97.55,97.21,97.77,97.55,97.86,95.11,94.58,94.52,94.37,94.33,94.33,94.57,94.75,95.14,94.40,94.64,94.40,94.40,96.01,94.71,94.49,94.67,94.64,94.49,94.55,94.40,94.33,94.24,94.33,94.27,94.27,94.49,94.49,94.55,94.92
A-LC477450,86.41,86.63,86.59,86.59,86.53,86.63,98.82,98.61,99.75,,99.91,99.85,99.85,99.88,99.88,99.16,99.13,98.24,98.14,97.89,97.99,97.21,97.21,96.39,97.83,98.07,97.89,97.99,97.99,97.99,98.02,97.15,97.71,97.49,97.59,96.97,97.03,96.87,96.90,96.90,96.97,97.00,97.00,97.00,97.06,96.97,97.09,97.06,97.06,97.12,97.09,96.76,97.15,97.15,97.12,97.00,97.09,97.03,97.09,97.35,97.65,97.65,97.62,97.31,97.37,96.60,96.56,96.59,96.78,96.72,96.78,96.72,96.84,97.09,96.97,96.97,96.97,96.90,96.87,97.00,97.06,97.12,97.12,97.18,97.15,97.12,97.09,97.09,97.09,97.12,97.06,97.06,97.03,96.95,96.69,96.93,96.90,96.87,96.84,96.93,96.87,96.87,97.09,97.00,97.49,97.62,97.28,97.83,97.62,97.93,95.08,94.58,94.52,94.37,94.33,94.33,94.57,94.75,95.14,94.33,94.64,94.40,94.46,96.01,94.71,94.49,94.67,94.64,94.49,94.55,94.40,94.33,94.24,94.33,94.27,94.27,94.49,94.49,94.55,94.92
A-LC569080,86.41,86.63,86.59,86.59,86.53,86.63,98.85,98.64,99.78,99.91,,99.88,99.88,99.91,99.91,99.20,99.16,98.24,98.14,97.93,98.02,97.24,97.24,96.42,97.86,98.10,97.93,98.02,98.02,98.02,98.05,97.18,97.74,97.52,97.62,97.00,97.06,96.90,96.93,96.93,97.00,97.03,97.03,97.03,97.09,97.00,97.12,97.09,97.09,97.15,97.12,96.80,97.18,97.18,97.15,97.03,97.12,97.06,97.12,97.38,97.68,97.68,97.65,97.34,97.40,96.63,96.59,96.63,96.81,96.75,96.81,96.75,96.87,97.12,97.00,97.00,97.00,96.93,96.90,97.03,97.09,97.15,97.15,97.21,97.18,97.15,97.12,97.12,97.12,97.15,97.09,97.09,97.06,96.98,96.72,96.97,96.93,96.90,96.87,96.97,96.90,96.90,97.12,97.03,97.52,97.65,97.31,97.86,97.65,97.96,95.11,94.61,94.55,94.40,94.37,94.37,94.61,94.78,95.17,94.37,94.67,94.43,94.43,96.04,94.74,94.52,94.71,94.67,94.52,94.58,94.43,94.37,94.27,94.37,94.30,94.30,94.52,94.52,94.58,94.95
A-LC228370,86.41,86.69,86.66,86.66,86.59,86.69,98.85,98.64,99.78,99.85,99.88,,99.88,99.91,99.91,99.20,99.16,98.24,98.14,97.93,98.02,97.24,97.24,96.42,97.86,98.10,97.93,98.02,98.02,98.02,98.05,97.24,97.74,97.52,97.62,97.06,97.12,96.97,97.00,97.00,97.06,97.09,97.09,97.09,97.15,97.06,97.18,97.15,97.15,97.21,97.18,96.86,97.24,97.24,97.21,97.09,97.18,97.12,97.18,97.45,97.74,97.74,97.71,97.40,97.46,96.70,96.59,96.69,96.87,96.81,96.87,96.81,96.93,97.18,97.06,97.06,97.06,97.00,96.97,97.09,97.15,97.21,97.21,97.28,97.24,97.21,97.18,97.18,97.18,97.21,97.15,97.15,97.12,96.98,96.78,97.03,97.00,96.97,96.93,97.03,96.97,96.97,97.18,97.09,97.52,97.65,97.31,97.86,97.65,97.96,95.11,94.61,94.55,94.40,94.37,94.37,94.61,94.78,95.17,94.37,94.67,94.43,94.43,96.04,94.74,94.52,94.71,94.67,94.52,94.58,94.43,94.37,94.27,94.37,94.30,94.30,94.52,94.52,94.58,94.95
A-LC569052,86.47,86.75,86.72,86.72,86.66,86.75,98.85,98.70,99.78,99.85,99.88,99.88,,99.91,99.91,99.20,99.16,98.24,98.14,97.93,98.02,97.31,97.31,96.48,97.93,98.16,97.99,98.08,98.08,98.08,98.11,97.24,97.80,97.59,97.68,97.06,97.12,96.97,97.00,97.00,97.06,97.09,97.09,97.09,97.15,97.06,97.18,97.15,97.15,97.21,97.18,96.86,97.24,97.24,97.21,97.09,97.18,97.12,97.18,97.45,97.74,97.74,97.71,97.40,97.46,96.70,96.59,96.69,96.87,96.81,96.87,96.81,96.93,97.18,97.06,97.06,97.06,97.00,96.97,97.09,97.15,97.21,97.21,97.28,97.24,97.21,97.18,97.18,97.18,97.21,97.15,97.15,97.12,96.98,96.78,97.03,97.00,96.97,96.93,97.03,96.97,96.97,97.18,97.09,97.59,97.71,97.37,97.93,97.71,98.02,95.17,94.67,94.61,94.46,94.43,94.43,94.67,94.85,95.23,94.43,94.74,94.49,94.49,96.10,94.80,94.58,94.77,94.74,94.58,94.64,94.49,94.43,94.33,94.43,94.37,94.37,94.58,94.58,94.64,95.02
A-LC228348,86.38,86.66,86.63,86.63,86.56,86.66,98.88,98.67,99.81,99.88,99.91,99.91,99.91,,99.94,99.23,99.20,98.27,98.17,97.96,98.05,97.28,97.28,96.45,97.89,98.13,97.96,98.05,98.05,98.05,98.08,97.21,97.77,97.55,97.65,97.03,97.09,96.93,96.97,96.97,97.03,97.06,97.06,97.06,97.12,97.03,97.15,97.12,97.12,97.18,97.15,96.83,97.21,97.21,97.18,97.06,97.15,97.09,97.15,97.41,97.71,97.71,97.68,97.37,97.43,96.66,96.56,96.66,96.84,96.78,96.84,96.78,96.90,97.15,97.03,97.03,97.03,96.97,96.93,97.06,97.12,97.18,97.18,97.24,97.21,97.18,97.15,97.15,97.15,97.18,97.12,97.12,97.09,96.95,96.75,97.00,96.97,96.93,96.90,97.00,96.93,96.93,97.15,97.06,97.55,97.68,97.34,97.89,97.68,97.99,95.14,94.64,94.58,94.43,94.40,94.40,94.64,94.81,95.20,94.40,94.71,94.46,94.46,96.07,94.77,94.55,94.74,94.71,94.55,94.61,94.46,94.40,94.30,94.40,94.33,94.33,94.55,94.55,94.61,94.98
A-LC228337,86.44,86.66,86.63,86.63,86.56,86.66,98.88,98.67,99.81,99.88,99.91,99.91,99.91,99.94,,99.23,99.20,98.27,98.17,97.96,98.05,97.28,97.28,96.52,97.89,98.13,97.96,98.05,98.05,98.05,98.08,97.21,97.77,97.62,97.71,97.03,97.09,96.93,96.97,96.97,97.03,97.06,97.06,97.06,97.12,97.03,97.15,97.12,97.12,97.18,97.15,96.83,97.21,97.21,97.18,97.06,97.15,97.09,97.15,97.41,97.71,97.71,97.68,97.37,97.43,96.66,96.56,96.66,96.84,96.78,96.84,96.78,96.90,97.15,97.03,97.03,97.03,96.97,96.93,97.06,97.12,97.18,97.18,97.24,97.21,97.18,97.15,97.15,97.15,97.18,97.12,97.12,97.09,96.95,96.75,97.00,96.97,96.93,96.90,97.00,96.93,96.93,97.15,97.06,97.55,97.68,97.34,97.89,97.68,97.99,95.14,94.64,94.58,94.43,94.40,94.40,94.64,94.81,95.20,94.40,94.71,94.46,94.46,96.07,94.77,94.55,94.74,94.71,94.55,94.61,94.46,94.40,94.30,94.40,94.33,94.40,94.61,94.61,94.61,94.98
A-OP717089,86.38,86.66,86.63,86.63,86.56,86.66,98.52,98.64,99.10,99.16,99.20,99.20,99.20,99.23,99.23,,99.78,98.42,98.27,98.05,98.08,97.21,97.21,96.52,97.99,98.22,97.99,98.08,98.08,98.08,98.11,97.31,97.93,97.65,97.74,97.06,97.12,96.97,97.00,97.00,97.06,97.09,97.09,97.09,97.15,97.00,97.18,97.15,97.15,97.21,97.18,96.89,97.31,97.31,97.28,97.15,97.24,97.18,97.24,97.51,97.80,97.80,97.77,97.46,97.52,96.66,96.59,96.75,96.87,96.81,96.87,96.81,96.93,97.18,97.06,97.06,97.06,96.93,96.90,97.09,97.15,97.21,97.21,97.21,97.24,97.21,97.18,97.18,97.18,97.21,97.15,97.15,97.12,96.98,96.84,97.03,97.00,96.97,96.93,97.03,96.97,96.97,97.18,97.09,97.62,97.80,97.40,97.96,97.77,98.08,95.23,94.49,94.49,94.33,94.30,94.30,94.54,94.72,95.11,94.30,94.61,94.37,94.37,96.04,94.61,94.46,94.61,94.61,94.49,94.52,94.37,94.30,94.21,94.30,94.24,94.24,94.52,94.52,94.55,94.95
A-OP717086,86.32,86.72,86.69,86.69,86.63,86.72,98.52,98.61,99.07,99.13,99.16,99.16,99.16,99.20,99.20,99.78,,98.39,98.24,98.02,98.05,97.18,97.18,96.48,97.96,98.19,97.96,98.05,98.05,98.05,98.08,97.28,97.83,97.62,97.71,97.03,97.09,96.93,96.97,96.97,97.03,97.06,97.06,97.06,97.12,96.97,97.15,97.12,97.12,97.18,97.15,96.86,97.28,97.28,97.24,97.12,97.21,97.15,97.21,97.48,97.77,97.77,97.74,97.43,97.49,96.63,96.56,96.72,96.84,96.78,96.84,96.78,96.90,97.15,97.03,97.03,97.03,96.90,96.87,97.06,97.12,97.18,97.18,97.18,97.21,97.18,97.15,97.15,97.15,97.18,97.12,97.12,97.09,96.95,96.81,97.00,96.97,96.93,96.90,97.00,96.93,96.93,97.15,97.06,97.59,97.77,97.37,97.93,97.74,98.05,95.20,94.46,94.46,94.30,94.27,94.27,94.51,94.69,95.08,94.27,94.58,94.33,94.33,96.07,94.58,94.43,94.58,94.58,94.52,94.49,94.40,94.33,94.24,94.33,94.27,94.27,94.49,94.49,94.52,94.92
A-LC105569,86.25,86.63,86.59,86.59,86.53,86.63,97.71,98.30,98.20,98.24,98.24,98.24,98.24,98.27,98.27,98.42,98.39,,99.66,98.39,98.42,96.90,96.90,96.22,97.71,97.88,97.65,97.74,97.74,97.74,97.77,96.97,97.52,97.31,97.40,96.84,96.90,96.75,96.78,96.84,96.90,96.93,96.87,96.87,96.93,96.78,96.97,96.87,96.87,96.93,96.90,96.55,97.03,97.03,97.00,96.87,96.97,96.97,96.97,97.29,97.52,97.52,97.49,97.18,97.24,96.32,96.32,96.53,96.59,96.53,96.53,96.53,96.72,96.84,96.72,96.72,96.78,96.69,96.66,96.84,96.87,96.93,96.93,96.93,96.93,96.93,96.90,96.90,96.90,96.93,96.90,96.90,96.87,96.64,96.56,96.69,96.66,96.63,96.59,96.75,96.69,96.69,96.90,96.81,97.31,97.43,97.12,97.68,97.52,97.80,95.23,94.24,94.27,94.12,94.09,94.09,94.50,94.60,94.98,94.24,94.55,94.30,94.33,95.85,94.58,94.40,94.61,94.61,94.43,94.43,94.27,94.18,94.09,94.18,94.12,94.12,94.30,94.30,94.40,94.80
A-KJ752161,86.32,86.50,86.47,86.47,86.41,86.50,97.61,98.14,98.11,98.14,98.14,98.14,98.14,98.17,98.17,98.27,98.24,99.66,,98.24,98.27,96.75,96.75,96.06,97.55,97.72,97.49,97.59,97.59,97.59,97.62,96.81,97.37,97.15,97.24,96.75,96.81,96.66,96.69,96.75,96.81,96.84,96.78,96.78,96.84,96.69,96.87,96.78,96.78,96.84,96.81,96.39,96.87,96.87,96.84,96.72,96.81,96.81,96.81,97.14,97.37,97.37,97.34,97.03,97.09,96.23,96.22,96.44,96.50,96.44,96.44,96.44,96.63,96.75,96.63,96.63,96.69,96.59,96.56,96.75,96.78,96.84,96.84,96.84,96.84,96.84,96.81,96.81,96.81,96.84,96.81,96.81,96.78,96.55,96.47,96.59,96.56,96.53,96.50,96.66,96.59,96.59,96.81,96.72,97.15,97.28,96.97,97.52,97.37,97.65,95.26,94.15,94.18,94.02,93.99,93.99,94.40,94.50,94.89,94.15,94.46,94.21,94.24,95.76,94.49,94.30,94.52,94.52,94.30,94.33,94.18,94.09,93.99,94.09,94.02,94.02,94.15,94.15,94.30,94.71
A-MG181887,86.01,86.28,86.25,86.25,86.19,86.28,97.51,97.93,97.89,97.89,97.93,97.93,97.93,97.96,97.96,98.05,98.02,98.39,98.24,,99.60,96.53,96.53,96.03,97.28,97.57,97.28,97.37,97.37,97.37,97.40,96.59,97.21,97.03,97.12,96.47,96.53,96.38,96.41,96.41,96.47,96.50,96.50,96.50,96.56,96.41,96.59,96.50,96.50,96.69,96.72,96.21,96.66,96.66,96.63,96.63,96.66,96.53,96.59,96.86,97.15,97.15,97.12,96.81,96.87,95.98,95.94,96.16,96.22,96.16,96.16,96.16,96.35,96.47,96.35,96.35,96.35,96.28,96.25,96.47,96.50,96.56,96.56,96.56,96.56,96.56,96.53,96.53,96.53,96.56,96.50,96.50,96.47,96.30,96.13,96.32,96.28,96.25,96.22,96.44,96.32,96.32,96.53,96.44,96.93,97.12,96.87,97.31,97.09,97.43,94.67,93.99,93.99,93.90,93.87,93.87,94.14,94.16,94.61,93.93,94.24,93.99,93.99,95.42,93.99,93.99,94.15,94.15,93.93,93.99,93.90,93.81,93.72,93.81,93.75,93.75,93.78,93.78,93.87,94.27
A-MG181766,86.13,86.28,86.25,86.25,86.19,86.28,97.58,97.96,98.05,97.99,98.02,98.02,98.02,98.05,98.05,98.08,98.05,98.42,98.27,99.60,,96.56,96.56,96.10,97.31,97.54,97.31,97.40,97.40,97.40,97.43,96.63,97.24,97.06,97.15,96.50,96.56,96.41,96.44,96.44,96.50,96.53,96.53,96.53,96.59,96.50,96.63,96.53,96.53,96.72,96.75,96.24,96.69,96.69,96.66,96.66,96.69,96.56,96.63,96.89,97.18,97.18,97.15,96.84,96.90,96.01,95.98,96.19,96.25,96.19,96.19,96.19,96.44,96.50,96.38,96.38,96.38,96.32,96.28,96.47,96.53,96.59,96.59,96.66,96.59,96.59,96.56,96.56,96.56,96.59,96.53,96.53,96.50,96.33,96.16,96.35,96.32,96.28,96.25,96.53,96.41,96.35,96.56,96.47,96.97,97.15,96.90,97.34,97.12,97.46,94.77,94.15,94.15,94.06,94.02,94.02,94.23,94.26,94.71,94.02,94.33,94.09,94.09,95.51,94.09,94.09,94.24,94.24,94.02,94.09,93.99,93.90,93.81,93.90,93.84,93.84,93.93,93.87,93.96,94.37
A-KC443367,85.82,86.59,86.56,86.56,86.44,86.53,96.54,97.62,97.15,97.21,97.24,97.24,97.31,97.28,97.28,97.21,97.18,96.90,96.75,96.53,96.56,,100.00,96.61,98.02,98.31,98.14,98.17,98.17,98.17,98.14,97.40,97.96,97.74,97.83,96.72,96.78,96.63,96.66,96.72,96.78,96.81,96.75,96.75,96.81,96.72,96.84,96.81,96.81,96.87,96.78,96.55,96.78,96.78,96.81,96.75,96.78,96.84,96.84,96.98,97.28,97.28,97.24,97.00,97.06,96.32,96.25,96.28,96.41,96.35,96.35,96.35,96.53,96.72,96.59,96.59,96.66,96.56,96.53,96.66,96.75,96.81,96.81,96.87,96.87,96.81,96.84,96.84,96.84,96.87,96.78,96.78,96.75,96.49,96.38,96.63,96.59,96.56,96.53,96.69,96.63,96.56,96.78,96.69,97.00,97.18,96.90,97.43,97.15,97.43,94.58,93.93,93.90,93.81,93.78,93.78,94.02,94.12,94.49,93.87,94.18,93.93,93.93,95.23,93.93,93.96,94.12,94.06,93.96,93.96,93.87,93.68,93.65,93.75,93.68,93.68,93.78,93.81,93.93,94.21
A-KC443222,85.82,86.59,86.56,86.56,86.44,86.53,96.54,97.62,97.15,97.21,97.24,97.24,97.31,97.28,97.28,97.21,97.18,96.90,96.75,96.53,96.56,100.00,,96.61,98.02,98.31,98.14,98.17,98.17,98.17,98.14,97.40,97.96,97.74,97.83,96.72,96.78,96.63,96.66,96.72,96.78,96.81,96.75,96.75,96.81,96.72,96.84,96.81,96.81,96.87,96.78,96.55,96.78,96.78,96.81,96.75,96.78,96.84,96.84,96.98,97.28,97.28,97.24,97.00,97.06,96.32,96.25,96.28,96.41,96.35,96.35,96.35,96.53,96.72,96.59,96.59,96.66,96.56,96.53,96.66,96.75,96.81,96.81,96.87,96.87,96.81,96.84,96.84,96.84,96.87,96.78,96.78,96.75,96.49,96.38,96.63,96.59,96.56,96.53,96.69,96.63,96.56,96.78,96.69,97.00,97.18,96.90,97.43,97.15,97.43,94.58,93.93,93.90,93.81,93.78,93.78,94.02,94.12,94.49,93.87,94.18,93.93,93.93,95.23,93.93,93.96,94.12,94.06,93.96,93.96,93.87,93.68,93.65,93.75,93.68,93.68,93.78,93.81,93.93,94.21
A-PX211177,85.30,85.84,85.81,85.81,85.81,85.77,96.91,96.91,96.35,96.39,96.42,96.42,96.48,96.45,96.52,96.52,96.48,96.22,96.06,96.03,96.10,96.61,96.61,,97.39,97.63,97.39,97.49,97.49,97.49,97.46,97.59,98.49,98.66,98.75,96.10,96.16,96.00,96.03,96.06,96.13,96.16,96.13,96.13,96.19,96.10,96.29,96.19,96.19,96.10,96.00,95.87,96.06,96.06,96.10,96.00,96.06,96.00,96.06,96.35,96.58,96.58,96.55,96.22,96.29,95.67,95.58,95.64,95.74,95.61,95.61,95.61,95.90,96.06,95.93,95.93,95.93,95.84,95.80,95.93,96.03,96.10,96.13,96.13,96.13,96.13,96.10,96.10,96.10,96.13,96.03,96.03,96.03,95.84,95.64,95.93,95.93,95.90,95.87,95.97,95.93,95.87,96.06,95.97,96.29,96.52,96.22,96.65,96.42,96.74,94.02,93.37,93.31,93.28,93.18,93.18,93.54,93.62,93.89,93.21,93.47,93.31,93.28,94.38,93.34,93.24,93.34,93.34,93.31,93.37,93.18,93.05,93.02,93.11,93.05,93.11,93.28,93.21,93.21,93.57
A-KJ721724,86.25,86.78,86.75,86.75,86.69,86.78,97.14,98.42,97.77,97.83,97.86,97.86,97.93,97.89,97.89,97.99,97.96,97.71,97.55,97.28,97.31,98.02,98.02,97.39,,99.55,99.26,99.35,99.35,99.35,99.32,98.11,98.73,98.51,98.61,97.43,97.49,97.40,97.43,97.46,97.52,97.55,97.52,97.52,97.59,97.43,97.62,97.59,97.59,97.59,97.49,97.26,97.68,97.68,97.59,97.52,97.55,97.55,97.62,97.82,98.11,98.11,98.08,97.77,97.83,97.00,96.97,97.12,97.24,97.18,97.18,97.18,97.31,97.49,97.43,97.43,97.43,97.31,97.28,97.40,97.52,97.59,97.59,97.59,97.59,97.59,97.55,97.55,97.55,97.59,97.52,97.52,97.49,97.20,97.15,97.40,97.37,97.40,97.37,97.46,97.40,97.34,97.55,97.46,97.68,97.86,97.68,98.20,98.05,98.27,95.45,94.55,94.49,94.46,94.37,94.37,94.64,94.72,95.08,94.43,94.74,94.46,94.49,95.98,94.74,94.58,94.74,94.74,94.67,94.64,94.55,94.37,94.33,94.43,94.37,94.37,94.46,94.46,94.55,94.95
A-KJ721726,86.21,86.67,86.64,86.64,86.58,86.67,97.39,98.59,98.00,98.07,98.10,98.10,98.16,98.13,98.13,98.22,98.19,97.88,97.72,97.57,97.54,98.31,98.31,97.63,99.55,,99.55,99.64,99.64,99.64,99.61,98.41,99.02,98.81,98.90,97.51,97.57,97.41,97.45,97.51,97.57,97.60,97.54,97.54,97.60,97.45,97.63,97.60,97.60,97.60,97.51,97.34,97.69,97.69,97.66,97.60,97.63,97.63,97.69,97.89,98.19,98.19,98.16,97.85,97.91,96.99,96.92,97.07,97.20,97.14,97.14,97.14,97.32,97.51,97.38,97.38,97.38,97.32,97.29,97.41,97.54,97.60,97.60,97.60,97.60,97.60,97.57,97.57,97.57,97.60,97.54,97.54,97.51,97.24,97.17,97.41,97.38,97.35,97.32,97.48,97.41,97.35,97.57,97.48,97.85,98.03,97.82,98.34,98.19,98.41,95.50,94.78,94.72,94.63,94.60,94.60,94.87,94.95,95.31,94.66,94.97,94.69,94.72,96.21,94.85,94.75,94.85,94.85,94.85,94.81,94.72,94.54,94.50,94.60,94.54,94.54,94.63,94.63,94.78,95.19
A-MN479030,86.10,86.63,86.59,86.59,86.53,86.63,97.14,98.36,97.83,97.89,97.93,97.93,97.99,97.96,97.96,97.99,97.96,97.65,97.49,97.28,97.31,98.14,98.14,97.39,99.26,99.55,,99.91,99.91,99.91,99.88,98.17,98.79,98.58,98.67,97.28,97.34,97.18,97.21,97.28,97.34,97.37,97.31,97.31,97.37,97.21,97.40,97.37,97.37,97.37,97.28,97.11,97.46,97.46,97.43,97.37,97.40,97.40,97.46,97.66,97.96,97.96,97.93,97.62,97.68,96.82,96.75,96.90,97.03,96.97,96.97,96.97,97.09,97.28,97.15,97.15,97.15,97.09,97.06,97.18,97.31,97.37,97.37,97.37,97.37,97.37,97.34,97.34,97.34,97.37,97.31,97.31,97.28,97.01,96.93,97.18,97.15,97.12,97.09,97.24,97.18,97.12,97.34,97.24,97.68,97.80,97.59,98.11,98.02,98.17,95.39,94.74,94.67,94.58,94.55,94.55,94.82,94.91,95.26,94.61,94.92,94.64,94.67,96.16,94.80,94.71,94.80,94.80,94.86,94.89,94.74,94.55,94.52,94.61,94.55,94.55,94.58,94.58,94.71,95.14
A-MN479026,86.13,86.66,86.63,86.63,86.56,86.66,97.24,98.45,97.93,97.99,98.02,98.02,98.08,98.05,98.05,98.08,98.05,97.74,97.59,97.37,97.40,98.17,98.17,97.49,99.35,99.64,99.91,,100.00,100.00,99.97,98.27,98.89,98.67,98.76,97.37,97.43,97.28,97.31,97.37,97.43,97.46,97.40,97.40,97.46,97.31,97.49,97.46,97.46,97.46,97.37,97.20,97.55,97.55,97.52,97.46,97.49,97.49,97.55,97.76,98.05,98.05,98.02,97.71,97.77,96.91,96.84,97.00,97.12,97.06,97.06,97.06,97.18,97.37,97.24,97.24,97.24,97.18,97.15,97.28,97.40,97.46,97.46,97.46,97.46,97.46,97.43,97.43,97.43,97.46,97.40,97.40,97.37,97.11,97.03,97.28,97.24,97.21,97.18,97.34,97.28,97.21,97.43,97.34,97.77,97.89,97.68,98.20,98.11,98.27,95.42,94.77,94.71,94.61,94.58,94.58,94.85,94.94,95.29,94.64,94.95,94.67,94.71,96.19,94.83,94.74,94.83,94.83,94.83,94.86,94.71,94.52,94.49,94.58,94.52,94.52,94.61,94.61,94.74,95.17
A-MN479018,86.13,86.66,86.63,86.63,86.56,86.66,97.24,98.45,97.93,97.99,98.02,98.02,98.08,98.05,98.05,98.08,98.05,97.74,97.59,97.37,97.40,98.17,98.17,97.49,99.35,99.64,99.91,100.00,,100.00,99.97,98.27,98.89,98.67,98.76,97.37,97.43,97.28,97.31,97.37,97.43,97.46,97.40,97.40,97.46,97.31,97.49,97.46,97.46,97.46,97.37,97.20,97.55,97.55,97.52,97.46,97.49,97.49,97.55,97.76,98.05,98.05,98.02,97.71,97.77,96.91,96.84,97.00,97.12,97.06,97.06,97.06,97.18,97.37,97.24,97.24,97.24,97.18,97.15,97.28,97.40,97.46,97.46,97.46,97.46,97.46,97.43,97.43,97.43,97.46,97.40,97.40,97.37,97.11,97.03,97.28,97.24,97.21,97.18,97.34,97.28,97.21,97.43,97.34,97.77,97.89,97.68,98.20,98.11,98.27,95.42,94.77,94.71,94.61,94.58,94.58,94.85,94.94,95.29,94.64,94.95,94.67,94.71,96.19,94.83,94.74,94.83,94.83,94.83,94.86,94.71,94.52,94.49,94.58,94.52,94.52,94.61,94.61,94.74,95.17
A-MN478971,86.13,86.66,86.63,86.63,86.56,86.66,97.24,98.45,97.93,97.99,98.02,98.02,98.08,98.05,98.05,98.08,98.05,97.74,97.59,97.37,97.40,98.17,98.17,97.49,99.35,99.64,99.91,100.00,100.00,,99.97,98.27,98.89,98.67,98.76,97.37,97.43,97.28,97.31,97.37,97.43,97.46,97.40,97.40,97.46,97.31,97.49,97.46,97.46,97.46,97.37,97.20,97.55,97.55,97.52,97.46,97.49,97.49,97.55,97.76,98.05,98.05,98.02,97.71,97.77,96.91,96.84,97.00,97.12,97.06,97.06,97.06,97.18,97.37,97.24,97.24,97.24,97.18,97.15,97.28,97.40,97.46,97.46,97.46,97.46,97.46,97.43,97.43,97.43,97.46,97.40,97.40,97.37,97.11,97.03,97.28,97.24,97.21,97.18,97.34,97.28,97.21,97.43,97.34,97.77,97.89,97.68,98.20,98.11,98.27,95.42,94.77,94.71,94.61,94.58,94.58,94.85,94.94,95.29,94.64,94.95,94.67,94.71,96.19,94.83,94.74,94.83,94.83,94.83,94.86,94.71,94.52,94.49,94.58,94.52,94.52,94.61,94.61,94.74,95.17
A-MN479017,86.16,86.69,86.66,86.66,86.59,86.69,97.27,98.48,97.96,98.02,98.05,98.05,98.11,98.08,98.08,98.11,98.08,97.77,97.62,97.40,97.43,98.14,98.14,97.46,99.32,99.61,99.88,99.97,99.97,99.97,,98.24,98.85,98.64,98.73,97.34,97.40,97.24,97.28,97.34,97.40,97.43,97.37,97.37,97.43,97.28,97.46,97.43,97.43,97.43,97.34,97.17,97.52,97.52,97.49,97.43,97.46,97.46,97.52,97.72,98.02,98.02,97.99,97.68,97.74,96.88,96.81,96.97,97.09,97.03,97.03,97.03,97.15,97.34,97.21,97.21,97.21,97.15,97.12,97.24,97.37,97.43,97.43,97.43,97.43,97.43,97.40,97.40,97.40,97.43,97.37,97.37,97.34,97.07,97.00,97.24,97.21,97.18,97.15,97.31,97.24,97.18,97.40,97.31,97.74,97.86,97.65,98.17,98.08,98.24,95.39,94.74,94.67,94.58,94.55,94.55,94.82,94.91,95.26,94.61,94.92,94.64,94.67,96.16,94.80,94.71,94.80,94.80,94.80,94.83,94.67,94.55,94.52,94.61,94.55,94.55,94.58,94.58,94.71,95.14
A-KF716360,86.22,86.69,86.66,86.66,86.63,86.66,96.57,97.62,97.09,97.15,97.18,97.24,97.24,97.21,97.21,97.31,97.28,96.97,96.81,96.59,96.63,97.40,97.40,97.59,98.11,98.41,98.17,98.27,98.27,98.27,98.24,,98.95,98.73,98.82,96.81,96.87,96.72,96.75,96.81,96.87,96.90,96.78,96.84,96.90,96.75,96.93,96.90,96.90,96.97,96.75,96.64,97.06,97.00,96.97,96.84,96.87,96.87,96.93,97.17,97.43,97.43,97.40,97.09,97.15,96.42,96.35,96.44,96.56,96.44,96.44,96.44,96.69,96.87,96.75,96.75,96.75,96.63,96.59,96.72,96.84,96.90,96.97,96.97,96.97,96.97,96.93,96.93,96.93,96.97,96.84,96.84,96.81,96.55,96.47,96.66,96.63,96.66,96.63,96.78,96.72,96.66,96.87,96.84,97.09,97.28,97.03,97.52,97.31,97.52,94.80,94.21,94.15,94.06,94.02,94.02,94.54,94.38,94.80,94.09,94.40,94.18,94.15,95.57,94.40,94.12,94.21,94.21,94.15,94.21,94.12,93.93,93.90,93.99,93.93,93.93,93.99,93.99,94.12,94.49
A-KC834711,86.16,86.56,86.53,86.53,86.56,86.53,97.17,98.27,97.65,97.71,97.74,97.74,97.80,97.77,97.77,97.93,97.83,97.52,97.37,97.21,97.24,97.96,97.96,98.49,98.73,99.02,98.79,98.89,98.89,98.89,98.85,98.95,,99.66,99.75,97.31,97.37,97.21,97.24,97.31,97.37,97.40,97.34,97.34,97.40,97.31,97.49,97.46,97.46,97.40,97.31,97.14,97.37,97.37,97.46,97.34,97.37,97.37,97.43,97.63,97.93,97.93,97.89,97.59,97.65,96.91,96.84,96.93,97.06,96.93,96.93,96.93,97.18,97.37,97.24,97.24,97.24,97.12,97.09,97.21,97.34,97.40,97.46,97.46,97.46,97.46,97.43,97.43,97.43,97.46,97.34,97.34,97.31,97.11,96.97,97.24,97.21,97.15,97.12,97.28,97.21,97.15,97.37,97.28,97.65,97.83,97.46,97.96,97.74,98.08,95.36,94.64,94.58,94.49,94.46,94.46,94.85,94.81,95.23,94.52,94.83,94.61,94.58,95.94,94.58,94.49,94.58,94.58,94.61,94.61,94.46,94.33,94.30,94.40,94.33,94.33,94.43,94.43,94.52,94.92
A-KJ919308,86.16,86.56,86.53,86.53,86.56,86.53,96.94,98.05,97.43,97.49,97.52,97.52,97.59,97.55,97.62,97.65,97.62,97.31,97.15,97.03,97.06,97.74,97.74,98.66,98.51,98.81,98.58,98.67,98.67,98.67,98.64,98.73,99.66,,99.91,97.15,97.21,97.06,97.09,97.15,97.21,97.24,97.18,97.18,97.24,97.15,97.34,97.31,97.31,97.24,97.15,96.98,97.28,97.28,97.31,97.18,97.21,97.21,97.28,97.48,97.77,97.77,97.74,97.43,97.49,96.76,96.69,96.78,96.90,96.78,96.78,96.78,97.03,97.21,97.09,97.09,97.09,97.03,97.00,97.06,97.18,97.24,97.31,97.31,97.31,97.31,97.28,97.28,97.28,97.31,97.18,97.18,97.15,96.95,96.81,97.09,97.06,97.00,96.97,97.12,97.06,97.00,97.21,97.12,97.49,97.68,97.31,97.80,97.59,97.93,95.20,94.52,94.46,94.37,94.33,94.33,94.70,94.66,95.08,94.37,94.67,94.46,94.43,95.79,94.43,94.37,94.46,94.46,94.46,94.52,94.30,94.18,94.15,94.24,94.18,94.24,94.33,94.33,94.37,94.77
A-KC443356,86.25,86.59,86.56,86.56,86.59,86.56,97.04,98.14,97.52,97.59,97.62,97.62,97.68,97.65,97.71,97.74,97.71,97.40,97.24,97.12,97.15,97.83,97.83,98.75,98.61,98.90,98.67,98.76,98.76,98.76,98.73,98.82,99.75,99.91,,97.24,97.31,97.15,97.18,97.24,97.31,97.34,97.28,97.28,97.34,97.24,97.43,97.40,97.40,97.34,97.24,97.07,97.31,97.31,97.40,97.28,97.31,97.31,97.37,97.57,97.86,97.86,97.83,97.52,97.59,96.85,96.78,96.87,97.00,96.87,96.87,96.87,97.12,97.31,97.18,97.18,97.18,97.06,97.03,97.15,97.28,97.34,97.40,97.40,97.40,97.40,97.37,97.37,97.37,97.40,97.28,97.28,97.24,97.04,96.90,97.18,97.15,97.09,97.06,97.21,97.15,97.09,97.31,97.21,97.59,97.77,97.40,97.89,97.68,98.02,95.23,94.55,94.49,94.40,94.37,94.37,94.73,94.69,95.11,94.40,94.71,94.49,94.46,95.82,94.46,94.40,94.49,94.49,94.49,94.55,94.33,94.21,94.18,94.27,94.21,94.27,94.37,94.37,94.40,94.80
B-KJ639023,86.22,86.59,86.56,86.56,86.69,86.59,96.34,97.55,96.90,96.97,97.00,97.06,97.06,97.03,97.03,97.06,97.03,96.84,96.75,96.47,96.50,96.72,96.72,96.10,97.43,97.51,97.28,97.37,97.37,97.37,97.34,96.81,97.31,97.15,97.24,,99.81,99.41,99.44,99.20,99.26,99.29,99.47,99.54,99.60,99.44,99.50,99.54,99.54,99.10,98.89,98.53,98.58,98.58,98.92,98.79,98.82,98.82,98.89,98.84,99.20,99.20,99.16,99.04,99.16,98.49,98.51,98.51,98.76,98.70,98.70,98.70,98.76,98.98,98.79,98.79,98.79,98.89,98.85,98.95,99.10,99.16,99.16,99.16,99.16,99.16,99.13,99.13,99.13,99.16,99.10,99.10,99.07,98.81,98.67,98.85,98.82,98.85,98.82,98.98,98.92,98.92,99.13,99.04,97.62,97.68,97.52,97.99,98.08,98.39,94.86,94.02,94.09,93.99,94.02,94.02,94.23,94.32,94.64,94.09,94.33,94.06,94.09,95.70,94.24,94.09,94.12,94.12,93.99,94.02,93.87,93.65,93.62,93.72,93.65,93.65,94.02,94.09,94.06,94.33
B-KJ639012,86.28,86.66,86.63,86.63,86.75,86.66,96.40,97.62,96.97,97.03,97.06,97.12,97.12,97.09,97.09,97.12,97.09,96.90,96.81,96.53,96.56,96.78,96.78,96.16,97.49,97.57,97.34,97.43,97.43,97.43,97.40,96.87,97.37,97.21,97.31,99.81,,99.47,99.50,99.26,99.32,99.35,99.54,99.60,99.66,99.50,99.57,99.60,99.60,99.16,98.95,98.59,98.64,98.64,98.98,98.85,98.89,98.89,98.95,98.90,99.26,99.26,99.23,99.10,99.23,98.55,98.58,98.58,98.82,98.76,98.76,98.76,98.82,99.04,98.85,98.85,98.85,98.95,98.92,99.01,99.16,99.23,99.23,99.23,99.23,99.23,99.20,99.20,99.20,99.23,99.16,99.16,99.13,98.87,98.73,98.92,98.89,98.92,98.89,99.04,98.98,98.98,99.20,99.10,97.68,97.74,97.59,98.05,98.14,98.45,94.92,94.09,94.15,94.06,94.09,94.09,94.30,94.38,94.71,94.21,94.40,94.12,94.15,95.76,94.30,94.15,94.18,94.18,94.06,94.09,93.93,93.72,93.68,93.78,93.72,93.72,94.15,94.21,94.12,94.40
B-LC260244,86.07,86.63,86.59,86.59,86.72,86.63,96.23,97.46,96.81,96.87,96.90,96.97,96.97,96.93,96.93,96.97,96.93,96.75,96.66,96.38,96.41,96.63,96.63,96.00,97.40,97.41,97.18,97.28,97.28,97.28,97.24,96.72,97.21,97.06,97.15,99.41,99.47,,99.97,99.29,99.35,99.38,99.57,99.63,99.69,99.54,99.60,99.63,99.63,99.07,98.85,98.44,98.48,98.48,98.82,98.70,98.73,98.73,98.79,98.75,99.10,99.10,99.07,98.95,99.01,98.43,98.48,98.48,98.73,98.67,98.67,98.67,98.73,98.95,98.76,98.82,98.76,98.85,98.82,98.92,99.07,99.13,99.13,99.13,99.13,99.13,99.10,99.10,99.10,99.13,99.07,99.07,99.04,98.75,98.64,98.82,98.79,98.82,98.79,98.95,98.89,98.89,99.10,99.01,97.52,97.59,97.43,97.89,97.99,98.30,94.83,93.93,93.99,93.90,93.93,93.93,94.14,94.23,94.55,93.99,94.24,93.96,93.99,95.60,94.15,93.99,94.02,94.09,93.90,93.93,93.78,93.56,93.53,93.62,93.56,93.56,93.93,93.99,93.96,94.24
B-KX880428,86.10,86.59,86.56,86.56,86.69,86.59,96.27,97.49,96.84,96.90,96.93,97.00,97.00,96.97,96.97,97.00,96.97,96.78,96.69,96.41,96.44,96.66,96.66,96.03,97.43,97.45,97.21,97.31,97.31,97.31,97.28,96.75,97.24,97.09,97.18,99.44,99.50,99.97,,99.32,99.38,99.41,99.60,99.66,99.72,99.57,99.63,99.66,99.66,99.10,98.89,98.47,98.51,98.51,98.85,98.73,98.76,98.76,98.82,98.78,99.13,99.13,99.10,98.98,99.04,98.46,98.51,98.51,98.76,98.70,98.70,98.70,98.76,98.98,98.79,98.85,98.79,98.89,98.85,98.95,99.10,99.16,99.16,99.16,99.16,99.16,99.13,99.13,99.13,99.16,99.10,99.10,99.07,98.78,98.67,98.85,98.82,98.85,98.82,98.98,98.92,98.92,99.13,99.04,97.55,97.62,97.46,97.93,98.02,98.33,94.86,93.96,94.02,93.93,93.96,93.96,94.17,94.26,94.58,94.02,94.27,93.99,94.02,95.63,94.18,94.02,94.06,94.12,93.93,93.96,93.81,93.59,93.56,93.65,93.59,93.59,93.96,94.02,93.99,94.27
B-MG670645,86.04,86.47,86.44,86.44,86.56,86.47,96.23,97.49,96.84,96.90,96.93,97.00,97.00,96.97,96.97,97.00,96.97,96.84,96.75,96.41,96.44,96.72,96.72,96.06,97.46,97.51,97.28,97.37,97.37,97.37,97.34,96.81,97.31,97.15,97.24,99.20,99.26,99.29,99.32,,99.88,99.91,99.35,99.41,99.47,99.50,99.69,99.54,99.54,98.92,98.70,98.28,98.39,98.39,98.67,98.54,98.58,98.58,98.64,98.59,98.95,98.95,98.92,98.79,98.85,98.27,98.33,98.33,98.58,98.51,98.51,98.51,98.58,98.79,98.61,98.61,98.61,98.70,98.67,98.76,98.92,98.98,98.98,98.98,98.98,98.98,98.95,98.95,98.95,98.98,98.92,98.92,98.89,98.59,98.48,98.67,98.64,98.67,98.64,98.79,98.73,98.73,98.95,98.85,97.55,97.62,97.40,97.86,97.99,98.27,94.92,94.09,94.09,93.99,94.02,94.02,94.23,94.32,94.64,94.09,94.33,94.06,94.09,95.70,94.27,94.02,94.12,94.12,93.99,94.02,93.87,93.65,93.62,93.72,93.65,93.65,94.02,94.09,94.06,94.33
B-MG670646,86.10,86.53,86.50,86.50,86.63,86.53,96.30,97.55,96.90,96.97,97.00,97.06,97.06,97.03,97.03,97.06,97.03,96.90,96.81,96.47,96.50,96.78,96.78,96.13,97.52,97.57,97.34,97.43,97.43,97.43,97.40,96.87,97.37,97.21,97.31,99.26,99.32,99.35,99.38,99.88,,99.97,99.41,99.47,99.54,99.57,99.75,99.60,99.60,98.98,98.76,98.34,98.45,98.45,98.73,98.61,98.64,98.64,98.70,98.65,99.01,99.01,98.98,98.85,98.92,98.34,98.39,98.39,98.64,98.58,98.58,98.58,98.64,98.85,98.67,98.67,98.67,98.76,98.73,98.82,98.98,99.04,99.04,99.04,99.04,99.04,99.01,99.01,99.01,99.04,98.98,98.98,98.95,98.65,98.54,98.73,98.70,98.73,98.70,98.85,98.79,98.79,99.01,98.92,97.62,97.68,97.46,97.93,98.02,98.33,94.98,94.15,94.15,94.06,94.09,94.09,94.30,94.38,94.71,94.15,94.40,94.12,94.15,95.76,94.30,94.09,94.18,94.18,94.06,94.09,93.93,93.72,93.68,93.78,93.72,93.72,94.09,94.15,94.12,94.40
B-MG670642,86.13,86.56,86.53,86.53,86.66,86.56,96.34,97.59,96.93,97.00,97.03,97.09,97.09,97.06,97.06,97.09,97.06,96.93,96.84,96.50,96.53,96.81,96.81,96.16,97.55,97.60,97.37,97.46,97.46,97.46,97.43,96.90,97.40,97.24,97.34,99.29,99.35,99.38,99.41,99.91,99.97,,99.44,99.50,99.57,99.60,99.78,99.63,99.63,99.01,98.79,98.37,98.48,98.48,98.76,98.64,98.67,98.67,98.73,98.68,99.04,99.04,99.01,98.89,98.95,98.37,98.42,98.42,98.67,98.61,98.61,98.61,98.67,98.89,98.70,98.70,98.70,98.79,98.76,98.85,99.01,99.07,99.07,99.07,99.07,99.07,99.04,99.04,99.04,99.07,99.01,99.01,98.98,98.68,98.58,98.76,98.73,98.76,98.73,98.89,98.82,98.82,99.04,98.95,97.65,97.71,97.49,97.96,98.05,98.36,95.02,94.18,94.18,94.09,94.12,94.12,94.33,94.41,94.74,94.18,94.43,94.15,94.18,95.79,94.33,94.12,94.21,94.21,94.09,94.12,93.96,93.75,93.72,93.81,93.75,93.75,94.12,94.18,94.15,94.43
B-KU059788,86.07,86.56,86.53,86.53,86.66,86.56,96.37,97.59,96.93,97.00,97.03,97.09,97.09,97.06,97.06,97.09,97.06,96.87,96.78,96.50,96.53,96.75,96.75,96.13,97.52,97.54,97.31,97.40,97.40,97.40,97.37,96.78,97.34,97.18,97.28,99.47,99.54,99.57,99.60,99.35,99.41,99.44,,99.88,99.88,99.60,99.66,99.69,99.69,99.13,98.92,98.50,98.54,98.54,98.89,98.76,98.79,98.79,98.85,98.81,99.16,99.16,99.13,99.07,99.07,98.49,98.54,98.54,98.79,98.73,98.73,98.73,98.79,99.01,98.82,98.82,98.82,98.92,98.89,98.98,99.13,99.20,99.20,99.20,99.20,99.20,99.16,99.16,99.16,99.20,99.13,99.13,99.10,98.81,98.70,98.95,98.92,98.89,98.85,99.01,98.95,98.95,99.16,99.07,97.65,97.71,97.49,97.96,98.05,98.36,94.95,93.99,94.06,93.96,93.99,93.99,94.20,94.29,94.61,94.06,94.30,94.02,94.06,95.67,94.21,94.06,94.09,94.09,93.96,93.99,93.84,93.62,93.59,93.68,93.62,93.62,93.99,94.06,94.02,94.30
B-KU059777,86.07,86.50,86.47,86.47,86.59,86.50,96.37,97.59,96.93,97.00,97.03,97.09,97.09,97.06,97.06,97.09,97.06,96.87,96.78,96.50,96.53,96.75,96.75,96.13,97.52,97.54,97.31,97.40,97.40,97.40,97.37,96.84,97.34,97.18,97.28,99.54,99.60,99.63,99.66,99.41,99.47,99.50,99.88,,99.94,99.66,99.72,99.75,99.75,99.20,98.98,98.56,98.61,98.61,98.95,98.82,98.85,98.85,98.92,98.87,99.23,99.23,99.20,99.07,99.13,98.55,98.61,98.61,98.85,98.79,98.79,98.79,98.85,99.07,98.89,98.89,98.89,98.98,98.95,99.04,99.20,99.26,99.26,99.26,99.26,99.26,99.23,99.23,99.23,99.26,99.20,99.20,99.16,98.87,98.76,98.95,98.92,98.95,98.92,99.07,99.01,99.01,99.23,99.13,97.65,97.71,97.55,98.02,98.11,98.42,94.95,94.06,94.12,94.02,94.06,94.06,94.26,94.35,94.67,94.12,94.37,94.09,94.12,95.73,94.27,94.12,94.15,94.15,94.02,94.06,93.90,93.68,93.65,93.75,93.68,93.68,94.06,94.12,94.09,94.37
B-KU059766,86.13,86.56,86.53,86.53,86.66,86.56,96.44,97.65,97.00,97.06,97.09,97.15,97.15,97.12,97.12,97.15,97.12,96.93,96.84,96.56,96.59,96.81,96.81,96.19,97.59,97.60,97.37,97.46,97.46,97.46,97.43,96.90,97.40,97.24,97.34,99.60,99.66,99.69,99.72,99.47,99.54,99.57,99.88,99.94,,99.72,99.78,99.81,99.81,99.26,99.04,98.62,98.67,98.67,99.01,98.89,98.92,98.92,98.98,98.93,99.29,99.29,99.26,99.13,99.20,98.61,98.67,98.67,98.92,98.85,98.85,98.85,98.92,99.13,98.95,98.95,98.95,99.04,99.01,99.10,99.26,99.32,99.32,99.32,99.32,99.32,99.29,99.29,99.29,99.32,99.26,99.26,99.23,98.93,98.82,99.01,98.98,99.01,98.98,99.13,99.07,99.07,99.29,99.20,97.71,97.77,97.62,98.08,98.17,98.48,95.02,94.12,94.18,94.09,94.12,94.12,94.33,94.41,94.74,94.18,94.43,94.15,94.18,95.79,94.33,94.18,94.21,94.21,94.09,94.12,93.96,93.75,93.72,93.81,93.75,93.75,94.12,94.18,94.15,94.43
B-MG670638,86.16,86.59,86.56,86.56,86.69,86.59,96.34,97.49,96.90,96.97,97.00,97.06,97.06,97.03,97.03,97.00,96.97,96.78,96.69,96.41,96.50,96.72,96.72,96.10,97.43,97.45,97.21,97.31,97.31,97.31,97.28,96.75,97.31,97.15,97.24,99.44,99.50,99.54,99.57,99.50,99.57,99.60,99.60,99.66,99.72,,99.81,99.78,99.78,99.10,98.89,98.47,98.51,98.51,98.85,98.73,98.76,98.76,98.82,98.78,99.13,99.13,99.10,98.98,99.04,98.46,98.51,98.51,98.76,98.70,98.70,98.70,98.82,99.04,98.85,98.85,98.85,98.89,98.85,98.95,99.10,99.16,99.16,99.23,99.16,99.16,99.13,99.13,99.13,99.16,99.10,99.10,99.07,98.78,98.73,98.85,98.82,98.85,98.82,98.98,98.92,98.92,99.13,99.04,97.62,97.62,97.46,97.93,98.02,98.33,94.86,94.02,94.12,94.02,94.06,94.06,94.17,94.32,94.58,94.02,94.27,93.99,94.02,95.63,94.18,94.02,94.06,94.06,93.93,93.96,93.81,93.59,93.56,93.65,93.59,93.59,94.02,94.09,93.99,94.27
B-MG670629,86.16,86.59,86.56,86.56,86.69,86.59,96.47,97.68,97.03,97.09,97.12,97.18,97.18,97.15,97.15,97.18,97.15,96.97,96.87,96.59,96.63,96.84,96.84,96.29,97.62,97.63,97.40,97.49,97.49,97.49,97.46,96.93,97.49,97.34,97.43,99.50,99.57,99.60,99.63,99.69,99.75,99.78,99.66,99.72,99.78,99.81,,99.85,99.85,99.16,98.95,98.53,98.64,98.64,98.92,98.79,98.82,98.82,98.89,98.84,99.20,99.20,99.16,99.04,99.10,98.52,98.58,98.58,98.82,98.76,98.76,98.76,98.82,99.04,98.85,98.85,98.85,98.95,98.92,99.01,99.16,99.23,99.23,99.23,99.23,99.23,99.20,99.20,99.20,99.23,99.16,99.16,99.13,98.84,98.73,98.92,98.89,98.92,98.89,99.04,98.98,98.98,99.20,99.10,97.74,97.80,97.65,98.11,98.20,98.51,95.05,94.15,94.21,94.12,94.15,94.15,94.36,94.44,94.77,94.21,94.46,94.18,94.21,95.82,94.37,94.15,94.24,94.24,94.12,94.15,93.99,93.78,93.75,93.84,93.78,93.78,94.15,94.21,94.18,94.46
B-LC086725,86.13,86.63,86.59,86.59,86.72,86.63,96.40,97.65,97.00,97.06,97.09,97.15,97.15,97.12,97.12,97.15,97.12,96.87,96.78,96.50,96.53,96.81,96.81,96.19,97.59,97.60,97.37,97.46,97.46,97.46,97.43,96.90,97.46,97.31,97.40,99.54,99.60,99.63,99.66,99.54,99.60,99.63,99.69,99.75,99.81,99.78,99.85,,100.00,99.26,99.04,98.62,98.67,98.67,99.01,98.89,98.92,98.92,98.98,98.93,99.29,99.29,99.26,99.13,99.20,98.61,98.67,98.67,98.92,98.85,98.85,98.85,98.92,99.13,98.95,98.95,98.95,99.04,99.01,99.10,99.26,99.32,99.32,99.32,99.32,99.32,99.29,99.29,99.29,99.32,99.26,99.26,99.23,98.93,98.89,99.01,98.98,99.01,98.98,99.13,99.07,99.07,99.29,99.20,97.71,97.77,97.62,98.08,98.17,98.48,95.02,94.12,94.18,94.09,94.12,94.12,94.33,94.41,94.74,94.18,94.43,94.15,94.18,95.79,94.33,94.18,94.21,94.21,94.09,94.12,93.96,93.75,93.72,93.81,93.75,93.75,94.12,94.18,94.15,94.43
B-LC086714,86.13,86.63,86.59,86.59,86.72,86.63,96.40,97.65,97.00,97.06,97.09,97.15,97.15,97.12,97.12,97.15,97.12,96.87,96.78,96.50,96.53,96.81,96.81,96.19,97.59,97.60,97.37,97.46,97.46,97.46,97.43,96.90,97.46,97.31,97.40,99.54,99.60,99.63,99.66,99.54,99.60,99.63,99.69,99.75,99.81,99.78,99.85,100.00,,99.26,99.04,98.62,98.67,98.67,99.01,98.89,98.92,98.92,98.98,98.93,99.29,99.29,99.26,99.13,99.20,98.61,98.67,98.67,98.92,98.85,98.85,98.85,98.92,99.13,98.95,98.95,98.95,99.04,99.01,99.10,99.26,99.32,99.32,99.32,99.32,99.32,99.29,99.29,99.29,99.32,99.26,99.26,99.23,98.93,98.89,99.01,98.98,99.01,98.98,99.13,99.07,99.07,99.29,99.20,97.71,97.77,97.62,98.08,98.17,98.48,95.02,94.12,94.18,94.09,94.12,94.12,94.33,94.41,94.74,94.18,94.43,94.15,94.18,95.79,94.33,94.18,94.21,94.21,94.09,94.12,93.96,93.75,93.72,93.81,93.75,93.75,94.12,94.18,94.15,94.43
B-LC469415,86.35,86.78,86.75,86.75,86.81,86.84,96.40,97.71,97.06,97.12,97.15,97.21,97.21,97.18,97.18,97.21,97.18,96.93,96.84,96.69,96.72,96.87,96.87,96.10,97.59,97.60,97.37,97.46,97.46,97.46,97.43,96.97,97.40,97.24,97.34,99.10,99.16,99.07,99.10,98.92,98.98,99.01,99.13,99.20,99.26,99.10,99.16,99.26,99.26,,99.54,98.68,98.73,98.73,99.07,98.95,98.98,98.98,99.04,98.99,99.35,99.35,99.32,99.20,99.26,98.74,98.73,98.79,98.98,98.92,98.92,98.92,98.98,99.13,99.01,99.01,99.01,99.10,99.07,99.16,99.32,99.38,99.38,99.38,99.38,99.38,99.35,99.35,99.35,99.38,99.32,99.32,99.29,98.99,98.89,99.07,99.04,99.07,99.04,99.20,99.13,99.13,99.35,99.26,97.65,97.71,97.74,98.20,98.17,98.48,95.20,94.24,94.30,94.21,94.24,94.24,94.45,94.54,94.86,94.30,94.49,94.21,94.24,95.67,94.40,94.24,94.27,94.27,94.24,94.27,94.12,93.90,93.87,93.96,93.90,93.90,94.12,94.18,94.21,94.49
B-LC260246,86.25,86.56,86.53,86.53,86.53,86.56,96.44,97.68,97.03,97.09,97.12,97.18,97.18,97.15,97.15,97.18,97.15,96.90,96.81,96.72,96.75,96.78,96.78,96.00,97.49,97.51,97.28,97.37,97.37,97.37,97.34,96.75,97.31,97.15,97.24,98.89,98.95,98.85,98.89,98.70,98.76,98.79,98.92,98.98,99.04,98.89,98.95,99.04,99.04,99.54,,98.53,98.51,98.51,98.85,98.79,98.82,98.82,98.89,98.78,99.13,99.13,99.10,98.98,99.04,98.52,98.51,98.58,98.76,98.70,98.70,98.70,98.76,98.92,98.79,98.79,98.79,98.89,98.85,98.95,99.10,99.16,99.16,99.16,99.16,99.16,99.13,99.13,99.13,99.16,99.10,99.10,99.07,98.84,98.67,98.85,98.82,98.85,98.82,98.98,98.92,98.98,99.13,99.04,97.49,97.55,97.52,97.99,98.02,98.33,94.86,94.15,94.21,94.12,94.15,94.15,94.36,94.44,94.71,94.21,94.46,94.18,94.21,95.63,94.30,94.21,94.24,94.24,94.15,94.18,93.96,93.81,93.78,93.87,93.81,93.81,94.02,94.09,94.12,94.40
B-PX211157,86.24,86.69,86.66,86.66,86.66,86.63,96.32,97.20,96.70,96.76,96.80,96.86,96.86,96.83,96.83,96.89,96.86,96.55,96.39,96.21,96.24,96.55,96.55,95.87,97.26,97.34,97.11,97.20,97.20,97.20,97.17,96.64,97.14,96.98,97.07,98.53,98.59,98.44,98.47,98.28,98.34,98.37,98.50,98.56,98.62,98.47,98.53,98.62,98.62,98.68,98.53,,98.47,98.47,99.30,99.37,99.40,99.40,99.46,98.61,99.02,99.02,98.99,98.87,98.93,98.37,98.22,98.22,98.41,98.34,98.34,98.34,98.34,98.50,98.37,98.37,98.37,98.56,98.53,98.59,98.68,98.75,98.81,98.81,98.81,98.81,98.78,98.78,98.78,98.81,98.75,98.75,98.72,98.47,98.25,98.50,98.47,98.50,98.47,98.65,98.59,98.50,98.72,98.62,97.32,97.38,97.29,97.76,97.91,98.16,94.44,93.95,94.01,93.92,93.95,93.95,94.22,94.27,94.50,94.01,94.20,93.92,93.95,95.40,94.10,93.98,94.01,94.01,93.85,93.89,93.73,93.51,93.48,93.58,93.51,93.51,93.89,93.95,93.92,94.16
B-LC169984,86.16,86.78,86.75,86.75,86.69,86.78,96.57,97.68,97.09,97.15,97.18,97.24,97.24,97.21,97.21,97.31,97.28,97.03,96.87,96.66,96.69,96.78,96.78,96.06,97.68,97.69,97.46,97.55,97.55,97.55,97.52,97.06,97.37,97.28,97.31,98.58,98.64,98.48,98.51,98.39,98.45,98.48,98.54,98.61,98.67,98.51,98.64,98.67,98.67,98.73,98.51,98.47,,99.94,98.85,98.73,98.76,98.76,98.82,98.96,99.38,99.38,99.35,98.98,99.04,98.18,98.14,98.20,98.45,98.39,98.39,98.39,98.45,98.54,98.42,98.42,98.42,98.58,98.54,98.58,98.73,98.79,98.85,98.85,98.85,98.85,98.82,98.82,98.82,98.85,98.73,98.73,98.70,98.50,98.42,98.54,98.51,98.54,98.51,98.67,98.61,98.61,98.82,98.73,97.80,97.93,97.93,98.42,98.39,98.64,94.98,94.33,94.46,94.37,94.40,94.40,94.48,94.57,94.92,94.33,94.58,94.30,94.33,95.79,94.58,94.37,94.46,94.46,94.18,94.30,94.15,93.93,93.90,93.99,93.93,93.93,94.24,94.37,94.27,94.61
B-LC169973,86.10,86.78,86.75,86.75,86.69,86.78,96.57,97.68,97.09,97.15,97.18,97.24,97.24,97.21,97.21,97.31,97.28,97.03,96.87,96.66,96.69,96.78,96.78,96.06,97.68,97.69,97.46,97.55,97.55,97.55,97.52,97.00,97.37,97.28,97.31,98.58,98.64,98.48,98.51,98.39,98.45,98.48,98.54,98.61,98.67,98.51,98.64,98.67,98.67,98.73,98.51,98.47,99.94,,98.85,98.73,98.76,98.76,98.82,98.96,99.38,99.38,99.35,98.98,99.04,98.18,98.14,98.20,98.45,98.39,98.39,98.39,98.45,98.54,98.42,98.42,98.42,98.58,98.54,98.58,98.73,98.79,98.85,98.85,98.85,98.85,98.82,98.82,98.82,98.85,98.73,98.73,98.70,98.50,98.42,98.54,98.51,98.54,98.51,98.67,98.61,98.61,98.82,98.73,97.80,97.93,97.86,98.36,98.39,98.64,94.98,94.40,94.52,94.43,94.46,94.46,94.48,94.57,94.92,94.33,94.58,94.30,94.33,95.79,94.52,94.30,94.40,94.40,94.18,94.24,94.09,93.87,93.84,93.93,93.87,93.87,94.24,94.37,94.27,94.61
B-KJ919372,86.38,86.66,86.63,86.63,86.63,86.66,96.54,97.65,97.06,97.12,97.15,97.21,97.21,97.18,97.18,97.28,97.24,97.00,96.84,96.63,96.66,96.81,96.81,96.10,97.59,97.66,97.43,97.52,97.52,97.52,97.49,96.97,97.46,97.31,97.40,98.92,98.98,98.82,98.85,98.67,98.73,98.76,98.89,98.95,99.01,98.85,98.92,99.01,99.01,99.07,98.85,99.30,98.85,98.85,,99.63,99.66,99.66,99.72,99.06,99.47,99.47,99.44,99.32,99.38,98.52,98.48,98.54,98.73,98.67,98.67,98.67,98.73,98.89,98.76,98.76,98.76,98.92,98.89,98.98,99.07,99.13,99.13,99.13,99.13,99.13,99.10,99.10,99.10,99.13,99.13,99.13,99.10,98.78,98.64,98.89,98.85,98.89,98.85,98.95,98.89,98.89,99.10,99.01,97.77,97.83,97.77,98.27,98.30,98.61,94.89,94.30,94.37,94.27,94.30,94.30,94.45,94.60,94.86,94.30,94.55,94.27,94.30,95.85,94.46,94.30,94.33,94.33,94.21,94.24,94.09,93.87,93.84,93.93,93.87,93.87,94.18,94.24,94.27,94.55
B-LC086802,86.44,86.72,86.69,86.69,86.69,86.72,96.47,97.52,96.93,97.00,97.03,97.09,97.09,97.06,97.06,97.15,97.12,96.87,96.72,96.63,96.66,96.75,96.75,96.00,97.52,97.60,97.37,97.46,97.46,97.46,97.43,96.84,97.34,97.18,97.28,98.79,98.85,98.70,98.73,98.54,98.61,98.64,98.76,98.82,98.89,98.73,98.79,98.89,98.89,98.95,98.79,99.37,98.73,98.73,99.63,,99.78,99.72,99.78,98.93,99.35,99.35,99.32,99.20,99.26,98.40,98.36,98.42,98.61,98.54,98.54,98.54,98.61,98.76,98.64,98.64,98.64,98.79,98.76,98.85,98.95,99.01,99.07,99.07,99.07,99.07,99.04,99.04,99.04,99.07,99.01,99.01,98.98,98.65,98.51,98.76,98.73,98.76,98.73,98.82,98.76,98.76,98.98,98.89,97.65,97.71,97.59,98.08,98.17,98.48,94.89,94.24,94.30,94.21,94.24,94.24,94.45,94.60,94.86,94.30,94.55,94.27,94.30,95.79,94.52,94.37,94.40,94.40,94.21,94.30,94.15,93.93,93.90,93.99,93.93,93.93,94.30,94.37,94.33,94.61
B-LC086791,86.35,86.56,86.53,86.53,86.53,86.56,96.54,97.55,97.03,97.09,97.12,97.18,97.18,97.15,97.15,97.24,97.21,96.97,96.81,96.66,96.69,96.78,96.78,96.06,97.55,97.63,97.40,97.49,97.49,97.49,97.46,96.87,97.37,97.21,97.31,98.82,98.89,98.73,98.76,98.58,98.64,98.67,98.79,98.85,98.92,98.76,98.82,98.92,98.92,98.98,98.82,99.40,98.76,98.76,99.66,99.78,,99.75,99.81,98.96,99.38,99.38,99.35,99.23,99.29,98.43,98.39,98.45,98.64,98.58,98.58,98.58,98.64,98.79,98.67,98.67,98.67,98.82,98.79,98.89,98.98,99.04,99.10,99.10,99.10,99.10,99.07,99.07,99.07,99.10,99.04,99.04,99.01,98.68,98.54,98.79,98.76,98.79,98.76,98.85,98.79,98.79,99.01,98.92,97.68,97.74,97.62,98.11,98.20,98.51,94.80,94.21,94.27,94.18,94.21,94.21,94.42,94.57,94.83,94.27,94.52,94.24,94.27,95.76,94.43,94.27,94.30,94.30,94.18,94.21,94.06,93.84,93.81,93.90,93.84,93.84,94.15,94.21,94.24,94.52
B-LC086780,86.35,86.66,86.63,86.63,86.63,86.66,96.47,97.55,96.97,97.03,97.06,97.12,97.12,97.09,97.09,97.18,97.15,96.97,96.81,96.53,96.56,96.84,96.84,96.00,97.55,97.63,97.40,97.49,97.49,97.49,97.46,96.87,97.37,97.21,97.31,98.82,98.89,98.73,98.76,98.58,98.64,98.67,98.79,98.85,98.92,98.76,98.82,98.92,98.92,98.98,98.82,99.40,98.76,98.76,99.66,99.72,99.75,,99.81,98.96,99.38,99.38,99.35,99.23,99.29,98.43,98.39,98.45,98.64,98.58,98.58,98.58,98.64,98.79,98.67,98.67,98.67,98.82,98.79,98.89,98.98,99.04,99.10,99.10,99.10,99.10,99.07,99.07,99.07,99.10,99.04,99.04,99.01,98.68,98.54,98.79,98.76,98.79,98.76,98.85,98.79,98.79,99.01,98.92,97.74,97.74,97.62,98.11,98.20,98.51,94.86,94.27,94.37,94.27,94.30,94.30,94.48,94.63,94.89,94.33,94.58,94.30,94.33,95.76,94.49,94.33,94.43,94.43,94.24,94.27,94.12,93.90,93.87,93.96,93.90,93.90,94.21,94.27,94.30,94.58
B-LC086736,86.38,86.63,86.59,86.59,86.59,86.63,96.54,97.62,97.03,97.09,97.12,97.18,97.18,97.15,97.15,97.24,97.21,96.97,96.81,96.59,96.63,96.84,96.84,96.06,97.62,97.69,97.46,97.55,97.55,97.55,97.52,96.93,97.43,97.28,97.37,98.89,98.95,98.79,98.82,98.64,98.70,98.73,98.85,98.92,98.98,98.82,98.89,98.98,98.98,99.04,98.89,99.46,98.82,98.82,99.72,99.78,99.81,99.81,,99.02,99.44,99.44,99.41,99.29,99.35,98.49,98.45,98.51,98.70,98.64,98.64,98.64,98.70,98.85,98.73,98.73,98.73,98.89,98.85,98.95,99.04,99.10,99.16,99.16,99.16,99.16,99.13,99.13,99.13,99.16,99.10,99.10,99.07,98.75,98.61,98.85,98.82,98.85,98.82,98.92,98.85,98.85,99.07,98.98,97.74,97.80,97.68,98.17,98.27,98.58,94.86,94.27,94.33,94.24,94.27,94.27,94.48,94.63,94.89,94.40,94.64,94.37,94.40,95.82,94.49,94.33,94.37,94.37,94.24,94.27,94.12,93.90,93.87,93.96,93.90,93.90,94.21,94.27,94.30,94.58
B-KC178763,86.50,86.89,86.86,86.86,86.86,86.89,96.84,97.94,97.29,97.35,97.38,97.45,97.45,97.41,97.41,97.51,97.48,97.29,97.14,96.86,96.89,96.98,96.98,96.35,97.82,97.89,97.66,97.76,97.76,97.76,97.72,97.17,97.63,97.48,97.57,98.84,98.90,98.75,98.78,98.59,98.65,98.68,98.81,98.87,98.93,98.78,98.84,98.93,98.93,98.99,98.78,98.61,98.96,98.96,99.06,98.93,98.96,98.96,99.02,,99.58,99.58,99.55,99.18,99.24,98.51,98.47,98.53,98.78,98.72,98.72,98.72,98.72,98.84,98.72,98.72,98.72,98.78,98.75,98.84,98.99,99.06,99.06,99.06,99.06,99.06,99.02,99.02,99.02,99.06,98.99,98.99,98.96,98.70,98.59,98.75,98.72,98.75,98.72,98.87,98.81,98.81,99.02,98.93,97.91,98.03,97.94,98.41,98.45,98.96,95.20,94.32,94.38,94.29,94.32,94.32,94.51,94.58,94.94,94.35,94.60,94.32,94.35,95.87,94.58,94.40,94.46,94.46,94.37,94.37,94.27,94.06,94.02,94.12,94.06,94.06,94.30,94.37,94.40,94.74
B-KC443763,86.41,86.78,86.75,86.75,86.75,86.78,97.01,98.17,97.59,97.65,97.68,97.74,97.74,97.71,97.71,97.80,97.77,97.52,97.37,97.15,97.18,97.28,97.28,96.58,98.11,98.19,97.96,98.05,98.05,98.05,98.02,97.43,97.93,97.77,97.86,99.20,99.26,99.10,99.13,98.95,99.01,99.04,99.16,99.23,99.29,99.13,99.20,99.29,99.29,99.35,99.13,99.02,99.38,99.38,99.47,99.35,99.38,99.38,99.44,99.58,,100.00,99.97,99.60,99.66,98.74,98.70,98.76,99.01,98.95,98.95,98.95,99.07,99.16,99.04,99.04,99.04,99.13,99.10,99.20,99.35,99.41,99.41,99.41,99.41,99.41,99.38,99.38,99.38,99.41,99.35,99.35,99.32,99.06,98.92,99.10,99.07,99.10,99.07,99.23,99.16,99.16,99.38,99.29,98.24,98.36,98.24,98.73,98.82,99.13,95.42,94.61,94.67,94.58,94.61,94.61,94.82,94.91,95.26,94.67,94.92,94.64,94.67,96.19,94.86,94.64,94.74,94.74,94.58,94.64,94.49,94.27,94.24,94.33,94.27,94.27,94.58,94.64,94.67,95.02
B-KC443323,86.41,86.78,86.75,86.75,86.75,86.78,97.01,98.17,97.59,97.65,97.68,97.74,97.74,97.71,97.71,97.80,97.77,97.52,97.37,97.15,97.18,97.28,97.28,96.58,98.11,98.19,97.96,98.05,98.05,98.05,98.02,97.43,97.93,97.77,97.86,99.20,99.26,99.10,99.13,98.95,99.01,99.04,99.16,99.23,99.29,99.13,99.20,99.29,99.29,99.35,99.13,99.02,99.38,99.38,99.47,99.35,99.38,99.38,99.44,99.58,100.00,,99.97,99.60,99.66,98.74,98.70,98.76,99.01,98.95,98.95,98.95,99.07,99.16,99.04,99.04,99.04,99.13,99.10,99.20,99.35,99.41,99.41,99.41,99.41,99.41,99.38,99.38,99.38,99.41,99.35,99.35,99.32,99.06,98.92,99.10,99.07,99.10,99.07,99.23,99.16,99.16,99.38,99.29,98.24,98.36,98.24,98.73,98.82,99.13,95.42,94.61,94.67,94.58,94.61,94.61,94.82,94.91,95.26,94.67,94.92,94.64,94.67,96.19,94.86,94.64,94.74,94.74,94.58,94.64,94.49,94.27,94.24,94.33,94.27,94.27,94.58,94.64,94.67,95.02
B-KC443631,86.38,86.75,86.72,86.72,86.72,86.75,96.97,98.14,97.55,97.62,97.65,97.71,97.71,97.68,97.68,97.77,97.74,97.49,97.34,97.12,97.15,97.24,97.24,96.55,98.08,98.16,97.93,98.02,98.02,98.02,97.99,97.40,97.89,97.74,97.83,99.16,99.23,99.07,99.10,98.92,98.98,99.01,99.13,99.20,99.26,99.10,99.16,99.26,99.26,99.32,99.10,98.99,99.35,99.35,99.44,99.32,99.35,99.35,99.41,99.55,99.97,99.97,,99.57,99.63,98.71,98.67,98.73,98.98,98.92,98.92,98.92,99.04,99.13,99.01,99.01,99.01,99.10,99.07,99.16,99.32,99.38,99.38,99.38,99.38,99.38,99.35,99.35,99.35,99.38,99.32,99.32,99.29,99.02,98.89,99.07,99.04,99.07,99.04,99.20,99.13,99.13,99.35,99.26,98.20,98.33,98.20,98.70,98.79,99.10,95.39,94.58,94.64,94.55,94.58,94.58,94.79,94.88,95.23,94.64,94.89,94.61,94.64,96.16,94.83,94.61,94.71,94.71,94.55,94.61,94.46,94.24,94.21,94.30,94.24,94.24,94.55,94.61,94.64,94.98
B-KC443455,86.38,86.75,86.72,86.72,86.72,86.75,96.64,97.83,97.24,97.31,97.34,97.40,97.40,97.37,97.37,97.46,97.43,97.18,97.03,96.81,96.84,97.00,97.00,96.22,97.77,97.85,97.62,97.71,97.71,97.71,97.68,97.09,97.59,97.43,97.52,99.04,99.10,98.95,98.98,98.79,98.85,98.89,99.07,99.07,99.13,98.98,99.04,99.13,99.13,99.20,98.98,98.87,98.98,98.98,99.32,99.20,99.23,99.23,99.29,99.18,99.60,99.60,99.57,,99.88,98.58,98.54,98.67,98.85,98.79,98.79,98.79,98.92,99.01,98.89,98.89,98.89,98.98,98.95,99.04,99.20,99.26,99.26,99.26,99.26,99.26,99.23,99.23,99.23,99.26,99.20,99.20,99.16,98.90,98.76,98.95,98.92,98.95,98.92,99.07,99.01,99.01,99.23,99.13,97.96,98.02,97.83,98.33,98.42,98.73,95.20,94.49,94.55,94.46,94.49,94.49,94.70,94.78,95.11,94.55,94.80,94.52,94.55,96.04,94.71,94.55,94.58,94.58,94.46,94.49,94.33,94.12,94.09,94.18,94.12,94.12,94.43,94.49,94.52,94.80
B-KC443200,86.38,86.75,86.72,86.72,86.72,86.75,96.70,97.89,97.31,97.37,97.40,97.46,97.46,97.43,97.43,97.52,97.49,97.24,97.09,96.87,96.90,97.06,97.06,96.29,97.83,97.91,97.68,97.77,97.77,97.77,97.74,97.15,97.65,97.49,97.59,99.16,99.23,99.01,99.04,98.85,98.92,98.95,99.07,99.13,99.20,99.04,99.10,99.20,99.20,99.26,99.04,98.93,99.04,99.04,99.38,99.26,99.29,99.29,99.35,99.24,99.66,99.66,99.63,99.88,,98.65,98.61,98.73,98.92,98.85,98.85,98.85,98.98,99.07,98.95,98.95,98.95,99.04,99.01,99.10,99.26,99.32,99.32,99.32,99.32,99.32,99.29,99.29,99.29,99.32,99.26,99.26,99.23,98.96,98.82,99.01,98.98,99.01,98.98,99.13,99.07,99.07,99.29,99.20,97.96,98.02,97.89,98.39,98.48,98.79,95.26,94.55,94.61,94.52,94.55,94.55,94.76,94.85,95.17,94.61,94.86,94.58,94.61,96.10,94.77,94.61,94.64,94.64,94.52,94.55,94.40,94.18,94.15,94.24,94.18,94.18,94.49,94.55,94.58,94.86
B-PX211078,86.45,86.68,86.65,86.65,86.65,86.62,95.99,97.10,96.54,96.60,96.63,96.70,96.70,96.66,96.66,96.66,96.63,96.32,96.23,95.98,96.01,96.32,96.32,95.67,97.00,96.99,96.82,96.91,96.91,96.91,96.88,96.42,96.91,96.76,96.85,98.49,98.55,98.43,98.46,98.27,98.34,98.37,98.49,98.55,98.61,98.46,98.52,98.61,98.61,98.74,98.52,98.37,98.18,98.18,98.52,98.40,98.43,98.43,98.49,98.51,98.74,98.74,98.71,98.58,98.65,,99.51,99.45,99.57,99.51,99.51,99.51,98.58,98.74,98.61,98.61,98.61,98.68,98.65,98.71,98.86,98.92,98.92,98.92,98.92,98.92,98.89,98.89,98.89,98.92,98.86,98.86,98.83,99.13,98.86,99.05,99.02,99.05,99.02,99.14,99.08,99.11,99.20,99.11,97.16,97.22,97.10,97.53,97.62,98.00,94.62,93.97,93.97,93.88,93.91,93.91,94.06,94.17,94.40,93.85,94.09,93.82,93.85,95.30,94.06,93.94,94.03,94.03,93.82,93.85,93.69,93.60,93.63,93.66,93.63,93.60,93.72,93.78,93.82,94.00
B-LC514470,86.32,86.63,86.59,86.59,86.59,86.56,95.87,97.03,96.44,96.56,96.59,96.59,96.59,96.56,96.56,96.59,96.56,96.32,96.22,95.94,95.98,96.25,96.25,95.58,96.97,96.92,96.75,96.84,96.84,96.84,96.81,96.35,96.84,96.69,96.78,98.51,98.58,98.48,98.51,98.33,98.39,98.42,98.54,98.61,98.67,98.51,98.58,98.67,98.67,98.73,98.51,98.22,98.14,98.14,98.48,98.36,98.39,98.39,98.45,98.47,98.70,98.70,98.67,98.54,98.61,99.51,,99.50,99.63,99.57,99.57,99.57,98.64,98.73,98.61,98.61,98.61,98.70,98.67,98.82,98.92,98.98,98.98,98.98,98.98,98.98,98.95,98.95,98.95,98.98,98.92,98.92,98.89,99.15,98.92,99.10,99.07,99.10,99.07,99.16,99.10,99.16,99.26,99.16,97.18,97.31,97.06,97.49,97.59,97.89,94.71,93.87,93.93,93.84,93.87,93.87,93.99,94.10,94.37,93.81,94.06,93.78,93.81,95.33,94.02,93.90,93.99,93.99,93.78,93.81,93.65,93.56,93.59,93.62,93.59,93.56,93.75,93.81,93.78,93.99
B-MZ546115,86.35,86.69,86.66,86.66,86.66,86.69,95.97,97.18,96.53,96.59,96.63,96.69,96.69,96.66,96.66,96.75,96.72,96.53,96.44,96.16,96.19,96.28,96.28,95.64,97.12,97.07,96.90,97.00,97.00,97.00,96.97,96.44,96.93,96.78,96.87,98.51,98.58,98.48,98.51,98.33,98.39,98.42,98.54,98.61,98.67,98.51,98.58,98.67,98.67,98.79,98.58,98.22,98.20,98.20,98.54,98.42,98.45,98.45,98.51,98.53,98.76,98.76,98.73,98.67,98.73,99.45,99.50,,99.69,99.63,99.63,99.63,98.76,98.85,98.73,98.73,98.73,98.76,98.73,98.82,98.98,99.04,99.04,99.04,99.04,99.04,99.01,99.01,99.01,99.04,98.98,98.98,98.95,99.15,98.98,99.16,99.13,99.16,99.13,99.23,99.16,99.23,99.32,99.23,97.24,97.37,97.15,97.62,97.77,98.02,94.80,94.02,94.02,93.93,93.96,93.96,94.08,94.20,94.46,93.90,94.15,93.87,93.90,95.45,94.12,94.06,94.15,94.15,93.87,93.90,93.75,93.65,93.68,93.72,93.68,93.65,93.78,93.84,93.87,94.09
B-KX880417,86.41,86.75,86.72,86.72,86.75,86.78,96.07,97.31,96.72,96.78,96.81,96.87,96.87,96.84,96.84,96.87,96.84,96.59,96.50,96.22,96.25,96.41,96.41,95.74,97.24,97.20,97.03,97.12,97.12,97.12,97.09,96.56,97.06,96.90,97.00,98.76,98.82,98.73,98.76,98.58,98.64,98.67,98.79,98.85,98.92,98.76,98.82,98.92,98.92,98.98,98.76,98.41,98.45,98.45,98.73,98.61,98.64,98.64,98.70,98.78,99.01,99.01,98.98,98.85,98.92,99.57,99.63,99.69,,99.88,99.88,99.88,98.95,99.04,98.92,98.92,98.92,99.01,98.98,99.07,99.23,99.29,99.29,99.29,99.29,99.29,99.26,99.26,99.26,99.29,99.23,99.23,99.20,99.40,99.23,99.41,99.38,99.41,99.38,99.47,99.41,99.47,99.57,99.47,97.49,97.55,97.28,97.74,97.89,98.20,94.92,94.09,94.15,94.06,94.09,94.09,94.20,94.26,94.58,94.02,94.27,93.99,94.02,95.57,94.24,94.12,94.21,94.21,93.99,94.02,93.87,93.78,93.81,93.84,93.81,93.78,93.90,93.96,93.99,94.21
B-KU550266,86.35,86.69,86.66,86.66,86.66,86.69,96.00,97.24,96.66,96.72,96.75,96.81,96.81,96.78,96.78,96.81,96.78,96.53,96.44,96.16,96.19,96.35,96.35,95.61,97.18,97.14,96.97,97.06,97.06,97.06,97.03,96.44,96.93,96.78,96.87,98.70,98.76,98.67,98.70,98.51,98.58,98.61,98.73,98.79,98.85,98.70,98.76,98.85,98.85,98.92,98.70,98.34,98.39,98.39,98.67,98.54,98.58,98.58,98.64,98.72,98.95,98.95,98.92,98.79,98.85,99.51,99.57,99.63,99.88,,99.88,99.88,98.89,98.98,98.85,98.85,98.85,98.95,98.92,99.01,99.16,99.23,99.23,99.23,99.23,99.23,99.20,99.20,99.20,99.23,99.16,99.16,99.13,99.33,99.16,99.35,99.32,99.35,99.32,99.41,99.35,99.41,99.50,99.41,97.37,97.43,97.21,97.68,97.83,98.14,94.86,94.02,94.09,93.99,94.02,94.02,94.14,94.20,94.52,93.96,94.21,93.93,93.96,95.51,94.18,94.06,94.15,94.15,93.93,93.96,93.81,93.72,93.75,93.78,93.75,93.72,93.84,93.90,93.93,94.15
B-KU550265,86.41,86.75,86.72,86.72,86.72,86.75,96.07,97.24,96.72,96.78,96.81,96.87,96.87,96.84,96.84,96.87,96.84,96.53,96.44,96.16,96.19,96.35,96.35,95.61,97.18,97.14,96.97,97.06,97.06,97.06,97.03,96.44,96.93,96.78,96.87,98.70,98.76,98.67,98.70,98.51,98.58,98.61,98.73,98.79,98.85,98.70,98.76,98.85,98.85,98.92,98.70,98.34,98.39,98.39,98.67,98.54,98.58,98.58,98.64,98.72,98.95,98.95,98.92,98.79,98.85,99.51,99.57,99.63,99.88,99.88,,99.88,98.89,98.98,98.85,98.85,98.85,98.95,98.92,99.01,99.16,99.23,99.23,99.23,99.23,99.23,99.20,99.20,99.20,99.23,99.16,99.16,99.13,99.33,99.16,99.35,99.32,99.35,99.32,99.41,99.35,99.41,99.50,99.41,97.37,97.43,97.21,97.68,97.83,98.14,94.86,94.09,94.15,94.06,94.09,94.09,94.14,94.26,94.58,93.96,94.21,93.93,93.96,95.57,94.18,94.06,94.15,94.15,93.93,93.96,93.81,93.72,93.75,93.78,93.75,93.72,93.90,93.96,93.99,94.21
B-KU550263,86.35,86.69,86.66,86.66,86.66,86.69,96.00,97.24,96.66,96.72,96.75,96.81,96.81,96.78,96.78,96.81,96.78,96.53,96.44,96.16,96.19,96.35,96.35,95.61,97.18,97.14,96.97,97.06,97.06,97.06,97.03,96.44,96.93,96.78,96.87,98.70,98.76,98.67,98.70,98.51,98.58,98.61,98.73,98.79,98.85,98.70,98.76,98.85,98.85,98.92,98.70,98.34,98.39,98.39,98.67,98.54,98.58,98.58,98.64,98.72,98.95,98.95,98.92,98.79,98.85,99.51,99.57,99.63,99.88,99.88,99.88,,98.89,98.98,98.85,98.85,98.85,98.95,98.92,99.01,99.16,99.23,99.23,99.23,99.23,99.23,99.20,99.20,99.20,99.23,99.16,99.16,99.13,99.33,99.16,99.35,99.32,99.35,99.32,99.41,99.35,99.41,99.50,99.41,97.37,97.43,97.21,97.68,97.83,98.14,94.86,94.02,94.09,93.99,94.02,94.02,94.14,94.20,94.52,93.96,94.21,93.93,93.96,95.51,94.18,94.06,94.15,94.15,93.93,93.96,93.81,93.72,93.75,93.78,93.75,93.72,93.84,93.90,93.93,94.15
B-LC325463,86.56,86.97,86.93,86.93,86.93,86.97,96.30,97.43,96.78,96.84,96.87,96.93,96.93,96.90,96.90,96.93,96.90,96.72,96.63,96.35,96.44,96.53,96.53,95.90,97.31,97.32,97.09,97.18,97.18,97.18,97.15,96.69,97.18,97.03,97.12,98.76,98.82,98.73,98.76,98.58,98.64,98.67,98.79,98.85,98.92,98.82,98.82,98.92,98.92,98.98,98.76,98.34,98.45,98.45,98.73,98.61,98.64,98.64,98.70,98.72,99.07,99.07,99.04,98.92,98.98,98.58,98.64,98.76,98.95,98.89,98.89,98.89,,99.41,99.29,99.29,99.29,99.01,98.98,99.07,99.23,99.29,99.35,99.35,99.35,99.35,99.32,99.32,99.32,99.35,99.23,99.23,99.20,98.96,98.92,99.04,99.01,99.04,99.01,99.10,99.04,99.10,99.32,99.23,97.43,97.55,97.34,97.80,97.89,98.20,94.92,94.15,94.21,94.12,94.15,94.15,94.30,94.38,94.71,94.15,94.40,94.12,94.15,95.63,94.18,94.02,94.12,94.12,93.99,94.02,93.87,93.65,93.62,93.72,93.65,93.65,94.02,94.02,94.06,94.27
B-MH704719,86.50,86.90,86.87,86.87,86.87,86.90,96.54,97.62,97.03,97.09,97.12,97.18,97.18,97.15,97.15,97.18,97.15,96.84,96.75,96.47,96.50,96.72,96.72,96.06,97.49,97.51,97.28,97.37,97.37,97.37,97.34,96.87,97.37,97.21,97.31,98.98,99.04,98.95,98.98,98.79,98.85,98.89,99.01,99.07,99.13,99.04,99.04,99.13,99.13,99.13,98.92,98.50,98.54,98.54,98.89,98.76,98.79,98.79,98.85,98.84,99.16,99.16,99.13,99.01,99.07,98.74,98.73,98.85,99.04,98.98,98.98,98.98,99.41,,99.75,99.75,99.75,99.16,99.13,99.23,99.38,99.44,99.50,99.50,99.50,99.50,99.47,99.47,99.47,99.50,99.38,99.38,99.35,99.06,99.01,99.13,99.10,99.13,99.10,99.26,99.20,99.20,99.41,99.32,97.62,97.74,97.52,97.99,98.05,98.42,94.92,94.21,94.21,94.12,94.15,94.15,94.33,94.38,94.71,94.15,94.40,94.12,94.15,95.76,94.24,94.09,94.12,94.12,93.99,94.02,93.87,93.65,93.62,93.72,93.65,93.65,93.96,94.02,94.06,94.27
B-LC541985,86.53,87.00,86.97,86.97,86.97,87.00,96.37,97.55,96.90,96.97,97.00,97.06,97.06,97.03,97.03,97.06,97.03,96.72,96.63,96.35,96.38,96.59,96.59,95.93,97.43,97.38,97.15,97.24,97.24,97.24,97.21,96.75,97.24,97.09,97.18,98.79,98.85,98.76,98.79,98.61,98.67,98.70,98.82,98.89,98.95,98.85,98.85,98.95,98.95,99.01,98.79,98.37,98.42,98.42,98.76,98.64,98.67,98.67,98.73,98.72,99.04,99.04,99.01,98.89,98.95,98.61,98.61,98.73,98.92,98.85,98.85,98.85,99.29,99.75,,99.81,99.81,99.04,99.01,99.10,99.26,99.32,99.38,99.38,99.38,99.38,99.35,99.35,99.35,99.38,99.26,99.26,99.23,98.93,98.89,99.01,98.98,99.01,98.98,99.13,99.07,99.07,99.29,99.20,97.49,97.62,97.52,97.99,97.93,98.30,94.80,94.21,94.21,94.12,94.15,94.15,94.33,94.38,94.77,94.15,94.40,94.12,94.15,95.76,94.24,94.09,94.12,94.12,93.99,94.09,93.87,93.65,93.62,93.72,93.65,93.65,93.99,94.06,94.06,94.21
B-LC228326,86.53,86.93,86.90,86.90,86.90,86.93,96.37,97.55,96.90,96.97,97.00,97.06,97.06,97.03,97.03,97.06,97.03,96.72,96.63,96.35,96.38,96.59,96.59,95.93,97.43,97.38,97.15,97.24,97.24,97.24,97.21,96.75,97.24,97.09,97.18,98.79,98.85,98.82,98.85,98.61,98.67,98.70,98.82,98.89,98.95,98.85,98.85,98.95,98.95,99.01,98.79,98.37,98.42,98.42,98.76,98.64,98.67,98.67,98.73,98.72,99.04,99.04,99.01,98.89,98.95,98.61,98.61,98.73,98.92,98.85,98.85,98.85,99.29,99.75,99.81,,99.88,99.04,99.01,99.10,99.26,99.32,99.38,99.38,99.38,99.38,99.35,99.35,99.35,99.38,99.26,99.26,99.23,98.93,98.89,99.01,98.98,99.01,98.98,99.13,99.07,99.07,99.29,99.20,97.49,97.62,97.52,97.99,97.93,98.30,94.80,94.21,94.21,94.12,94.15,94.15,94.33,94.38,94.71,94.15,94.40,94.12,94.15,95.70,94.18,94.02,94.06,94.06,93.93,93.96,93.81,93.59,93.56,93.65,93.59,93.59,93.93,93.99,93.99,94.21
B-LC228315,86.66,87.06,87.03,87.03,87.03,87.06,96.37,97.55,96.90,96.97,97.00,97.06,97.06,97.03,97.03,97.06,97.03,96.78,96.69,96.35,96.38,96.66,96.66,95.93,97.43,97.38,97.15,97.24,97.24,97.24,97.21,96.75,97.24,97.09,97.18,98.79,98.85,98.76,98.79,98.61,98.67,98.70,98.82,98.89,98.95,98.85,98.85,98.95,98.95,99.01,98.79,98.37,98.42,98.42,98.76,98.64,98.67,98.67,98.73,98.72,99.04,99.04,99.01,98.89,98.95,98.61,98.61,98.73,98.92,98.85,98.85,98.85,99.29,99.75,99.81,99.88,,99.04,99.01,99.10,99.26,99.32,99.38,99.38,99.38,99.38,99.35,99.35,99.35,99.38,99.26,99.26,99.23,98.93,98.89,99.01,98.98,99.01,98.98,99.13,99.07,99.07,99.29,99.20,97.49,97.62,97.52,97.99,97.93,98.30,94.86,94.27,94.27,94.18,94.21,94.21,94.39,94.44,94.83,94.21,94.46,94.18,94.21,95.76,94.24,94.09,94.12,94.12,93.99,94.02,93.87,93.65,93.62,93.72,93.65,93.65,93.99,94.06,94.06,94.27
B-MT732498,86.28,86.69,86.66,86.66,86.59,86.63,96.13,97.43,96.84,96.90,96.93,97.00,97.00,96.97,96.97,96.93,96.90,96.69,96.59,96.28,96.32,96.56,96.56,95.84,97.31,97.32,97.09,97.18,97.18,97.18,97.15,96.63,97.12,97.03,97.06,98.89,98.95,98.85,98.89,98.70,98.76,98.79,98.92,98.98,99.04,98.89,98.95,99.04,99.04,99.10,98.89,98.56,98.58,98.58,98.92,98.79,98.82,98.82,98.89,98.78,99.13,99.13,99.10,98.98,99.04,98.68,98.70,98.76,99.01,98.95,98.95,98.95,99.01,99.16,99.04,99.04,99.04,,99.97,99.63,99.35,99.41,99.47,99.47,99.47,99.47,99.47,99.54,99.54,99.50,99.66,99.66,99.63,99.02,98.92,99.10,99.07,99.10,99.07,99.23,99.16,99.16,99.38,99.29,97.43,97.49,97.40,97.86,97.96,98.27,94.98,94.15,94.21,94.12,94.15,94.15,94.30,94.38,94.71,94.15,94.40,94.12,94.15,95.63,94.37,94.21,94.24,94.24,94.12,94.15,93.99,93.78,93.75,93.84,93.78,93.78,94.02,94.09,94.12,94.27
B-LC386065,86.25,86.66,86.63,86.63,86.56,86.59,96.10,97.40,96.81,96.87,96.90,96.97,96.97,96.93,96.93,96.90,96.87,96.66,96.56,96.25,96.28,96.53,96.53,95.80,97.28,97.29,97.06,97.15,97.15,97.15,97.12,96.59,97.09,97.00,97.03,98.85,98.92,98.82,98.85,98.67,98.73,98.76,98.89,98.95,99.01,98.85,98.92,99.01,99.01,99.07,98.85,98.53,98.54,98.54,98.89,98.76,98.79,98.79,98.85,98.75,99.10,99.10,99.07,98.95,99.01,98.65,98.67,98.73,98.98,98.92,98.92,98.92,98.98,99.13,99.01,99.01,99.01,99.97,,99.60,99.32,99.38,99.44,99.44,99.44,99.44,99.44,99.50,99.50,99.47,99.63,99.63,99.60,98.99,98.89,99.07,99.04,99.07,99.04,99.20,99.13,99.13,99.35,99.26,97.40,97.46,97.37,97.83,97.93,98.24,94.95,94.12,94.18,94.09,94.12,94.12,94.26,94.35,94.67,94.12,94.37,94.09,94.12,95.60,94.33,94.18,94.21,94.21,94.09,94.12,93.96,93.75,93.72,93.81,93.75,93.75,93.99,94.06,94.09,94.24
B-LC514481,86.50,86.78,86.75,86.75,86.69,86.72,96.30,97.52,96.93,97.00,97.03,97.09,97.09,97.06,97.06,97.09,97.06,96.84,96.75,96.47,96.47,96.66,96.66,95.93,97.40,97.41,97.18,97.28,97.28,97.28,97.24,96.72,97.21,97.06,97.15,98.95,99.01,98.92,98.95,98.76,98.82,98.85,98.98,99.04,99.10,98.95,99.01,99.10,99.10,99.16,98.95,98.59,98.58,98.58,98.98,98.85,98.89,98.89,98.95,98.84,99.20,99.20,99.16,99.04,99.10,98.71,98.82,98.82,99.07,99.01,99.01,99.01,99.07,99.23,99.10,99.10,99.10,99.63,99.60,,99.41,99.47,99.54,99.54,99.54,99.54,99.54,99.54,99.54,99.57,99.66,99.66,99.63,99.09,98.98,99.16,99.13,99.16,99.13,99.29,99.23,99.23,99.44,99.35,97.49,97.55,97.46,97.93,98.02,98.33,94.95,94.12,94.18,94.15,94.18,94.18,94.26,94.35,94.67,94.12,94.37,94.09,94.12,95.63,94.27,94.12,94.15,94.15,94.02,94.06,93.90,93.68,93.65,93.75,93.68,93.68,93.99,94.06,94.09,94.30
B-MG599518,86.35,86.69,86.66,86.66,86.66,86.69,96.37,97.65,97.00,97.06,97.09,97.15,97.15,97.12,97.12,97.15,97.12,96.87,96.78,96.50,96.53,96.75,96.75,96.03,97.52,97.54,97.31,97.40,97.40,97.40,97.37,96.84,97.34,97.18,97.28,99.10,99.16,99.07,99.10,98.92,98.98,99.01,99.13,99.20,99.26,99.10,99.16,99.26,99.26,99.32,99.10,98.68,98.73,98.73,99.07,98.95,98.98,98.98,99.04,98.99,99.35,99.35,99.32,99.20,99.26,98.86,98.92,98.98,99.23,99.16,99.16,99.16,99.23,99.38,99.26,99.26,99.26,99.35,99.32,99.41,,99.81,99.63,99.63,99.63,99.63,99.60,99.60,99.60,99.63,99.57,99.57,99.54,99.24,99.13,99.32,99.29,99.32,99.29,99.44,99.38,99.38,99.60,99.50,97.71,97.77,97.62,98.08,98.24,98.48,95.17,94.37,94.43,94.40,94.43,94.43,94.51,94.66,94.92,94.37,94.61,94.33,94.37,95.85,94.46,94.30,94.33,94.33,94.15,94.18,94.02,93.81,93.78,93.87,93.81,93.81,94.18,94.24,94.27,94.49
B-MG599517,86.47,86.81,86.78,86.78,86.78,86.81,96.44,97.71,97.06,97.12,97.15,97.21,97.21,97.18,97.18,97.21,97.18,96.93,96.84,96.56,96.59,96.81,96.81,96.10,97.59,97.60,97.37,97.46,97.46,97.46,97.43,96.90,97.40,97.24,97.34,99.16,99.23,99.13,99.16,98.98,99.04,99.07,99.20,99.26,99.32,99.16,99.23,99.32,99.32,99.38,99.16,98.75,98.79,98.79,99.13,99.01,99.04,99.04,99.10,99.06,99.41,99.41,99.38,99.26,99.32,98.92,98.98,99.04,99.29,99.23,99.23,99.23,99.29,99.44,99.32,99.32,99.32,99.41,99.38,99.47,99.81,,99.69,99.69,99.69,99.69,99.66,99.66,99.66,99.69,99.63,99.63,99.60,99.30,99.20,99.38,99.35,99.38,99.35,99.50,99.44,99.44,99.66,99.57,97.77,97.83,97.68,98.14,98.30,98.54,95.14,94.37,94.43,94.40,94.43,94.43,94.51,94.66,94.92,94.37,94.61,94.33,94.37,95.85,94.46,94.30,94.33,94.33,94.21,94.24,94.09,93.87,93.84,93.93,93.87,93.87,94.18,94.24,94.27,94.49
B-AB975623,86.53,86.93,86.90,86.90,86.84,86.87,96.44,97.71,97.06,97.12,97.15,97.21,97.21,97.18,97.18,97.21,97.18,96.93,96.84,96.56,96.59,96.81,96.81,96.13,97.59,97.60,97.37,97.46,97.46,97.46,97.43,96.97,97.46,97.31,97.40,99.16,99.23,99.13,99.16,98.98,99.04,99.07,99.20,99.26,99.32,99.16,99.23,99.32,99.32,99.38,99.16,98.81,98.85,98.85,99.13,99.07,99.10,99.10,99.16,99.06,99.41,99.41,99.38,99.26,99.32,98.92,98.98,99.04,99.29,99.23,99.23,99.23,99.35,99.50,99.38,99.38,99.38,99.47,99.44,99.54,99.63,99.69,,99.94,99.94,99.94,99.91,99.91,99.91,99.94,99.69,99.69,99.66,99.30,99.20,99.38,99.35,99.38,99.35,99.50,99.44,99.44,99.66,99.57,97.77,97.83,97.68,98.14,98.24,98.54,95.08,94.43,94.49,94.40,94.43,94.43,94.57,94.66,94.98,94.43,94.67,94.40,94.43,95.91,94.46,94.30,94.33,94.33,94.21,94.24,94.09,93.87,93.84,93.93,93.87,93.87,94.18,94.24,94.27,94.49
B-AB975625,86.59,87.00,86.97,86.97,86.90,86.93,96.44,97.71,97.12,97.18,97.21,97.28,97.28,97.24,97.24,97.21,97.18,96.93,96.84,96.56,96.66,96.87,96.87,96.13,97.59,97.60,97.37,97.46,97.46,97.46,97.43,96.97,97.46,97.31,97.40,99.16,99.23,99.13,99.16,98.98,99.04,99.07,99.20,99.26,99.32,99.23,99.23,99.32,99.32,99.38,99.16,98.81,98.85,98.85,99.13,99.07,99.10,99.10,99.16,99.06,99.41,99.41,99.38,99.26,99.32,98.92,98.98,99.04,99.29,99.23,99.23,99.23,99.35,99.50,99.38,99.38,99.38,99.47,99.44,99.54,99.63,99.69,99.94,,99.94,99.94,99.91,99.91,99.91,99.94,99.69,99.69,99.66,99.30,99.20,99.38,99.35,99.38,99.35,99.50,99.44,99.44,99.66,99.57,97.77,97.83,97.68,98.14,98.24,98.54,95.08,94.49,94.55,94.46,94.49,94.49,94.57,94.66,94.98,94.43,94.67,94.40,94.43,95.91,94.46,94.30,94.33,94.33,94.21,94.24,94.09,93.87,93.84,93.93,93.87,93.87,94.18,94.24,94.27,94.49
B-AB975653,86.56,87.00,86.97,86.97,86.90,86.93,96.47,97.71,97.09,97.15,97.18,97.24,97.24,97.21,97.21,97.24,97.21,96.93,96.84,96.56,96.59,96.87,96.87,96.13,97.59,97.60,97.37,97.46,97.46,97.46,97.43,96.97,97.46,97.31,97.40,99.16,99.23,99.13,99.16,98.98,99.04,99.07,99.20,99.26,99.32,99.16,99.23,99.32,99.32,99.38,99.16,98.81,98.85,98.85,99.13,99.07,99.10,99.10,99.16,99.06,99.41,99.41,99.38,99.26,99.32,98.92,98.98,99.04,99.29,99.23,99.23,99.23,99.35,99.50,99.38,99.38,99.38,99.47,99.44,99.54,99.63,99.69,99.94,99.94,,99.94,99.91,99.91,99.91,99.94,99.69,99.69,99.66,99.33,99.20,99.38,99.35,99.38,99.35,99.50,99.44,99.44,99.66,99.57,97.77,97.83,97.68,98.14,98.30,98.54,95.14,94.49,94.55,94.46,94.49,94.49,94.64,94.72,95.05,94.49,94.74,94.46,94.49,95.98,94.52,94.37,94.40,94.40,94.27,94.30,94.15,93.93,93.90,93.99,93.93,93.93,94.24,94.30,94.33,94.55
B-AB848007,86.53,86.93,86.90,86.90,86.84,86.87,96.44,97.71,97.06,97.12,97.15,97.21,97.21,97.18,97.18,97.21,97.18,96.93,96.84,96.56,96.59,96.81,96.81,96.13,97.59,97.60,97.37,97.46,97.46,97.46,97.43,96.97,97.46,97.31,97.40,99.16,99.23,99.13,99.16,98.98,99.04,99.07,99.20,99.26,99.32,99.16,99.23,99.32,99.32,99.38,99.16,98.81,98.85,98.85,99.13,99.07,99.10,99.10,99.16,99.06,99.41,99.41,99.38,99.26,99.32,98.92,98.98,99.04,99.29,99.23,99.23,99.23,99.35,99.50,99.38,99.38,99.38,99.47,99.44,99.54,99.63,99.69,99.94,99.94,99.94,,99.91,99.91,99.91,99.94,99.69,99.69,99.66,99.30,99.20,99.38,99.35,99.38,99.35,99.50,99.44,99.44,99.66,99.57,97.77,97.83,97.68,98.14,98.24,98.54,95.08,94.43,94.49,94.40,94.43,94.43,94.57,94.66,94.98,94.43,94.67,94.40,94.43,95.91,94.46,94.30,94.33,94.33,94.21,94.24,94.09,93.87,93.84,93.93,93.87,93.87,94.18,94.24,94.27,94.49
B-AB975654,86.50,86.90,86.87,86.87,86.81,86.84,96.40,97.68,97.03,97.09,97.12,97.18,97.18,97.15,97.15,97.18,97.15,96.90,96.81,96.53,96.56,96.84,96.84,96.10,97.55,97.57,97.34,97.43,97.43,97.43,97.40,96.93,97.43,97.28,97.37,99.13,99.20,99.10,99.13,98.95,99.01,99.04,99.16,99.23,99.29,99.13,99.20,99.29,99.29,99.35,99.13,98.78,98.82,98.82,99.10,99.04,99.07,99.07,99.13,99.02,99.38,99.38,99.35,99.23,99.29,98.89,98.95,99.01,99.26,99.20,99.20,99.20,99.32,99.47,99.35,99.35,99.35,99.47,99.44,99.54,99.60,99.66,99.91,99.91,99.91,99.91,,99.94,99.94,99.97,99.69,99.69,99.66,99.27,99.16,99.35,99.32,99.35,99.32,99.47,99.41,99.41,99.63,99.54,97.74,97.80,97.65,98.11,98.20,98.51,95.05,94.40,94.46,94.37,94.40,94.40,94.54,94.63,94.95,94.40,94.64,94.37,94.40,95.88,94.43,94.27,94.30,94.30,94.18,94.21,94.06,93.84,93.81,93.90,93.84,93.84,94.15,94.21,94.24,94.46
B-LC751266,86.50,86.90,86.87,86.87,86.81,86.84,96.40,97.68,97.03,97.09,97.12,97.18,97.18,97.15,97.15,97.18,97.15,96.90,96.81,96.53,96.56,96.84,96.84,96.10,97.55,97.57,97.34,97.43,97.43,97.43,97.40,96.93,97.43,97.28,97.37,99.13,99.20,99.10,99.13,98.95,99.01,99.04,99.16,99.23,99.29,99.13,99.20,99.29,99.29,99.35,99.13,98.78,98.82,98.82,99.10,99.04,99.07,99.07,99.13,99.02,99.38,99.38,99.35,99.23,99.29,98.89,98.95,99.01,99.26,99.20,99.20,99.20,99.32,99.47,99.35,99.35,99.35,99.54,99.50,99.54,99.60,99.66,99.91,99.91,99.91,99.91,99.94,,100.00,99.97,99.69,99.69,99.66,99.27,99.16,99.35,99.32,99.35,99.32,99.47,99.41,99.41,99.63,99.54,97.74,97.80,97.65,98.11,98.20,98.51,95.05,94.40,94.46,94.37,94.40,94.40,94.54,94.63,94.95,94.40,94.64,94.37,94.40,95.88,94.49,94.33,94.37,94.37,94.24,94.27,94.12,93.90,93.87,93.96,93.90,93.90,94.15,94.21,94.24,94.46
B-LC751236,86.50,86.90,86.87,86.87,86.81,86.84,96.40,97.68,97.03,97.09,97.12,97.18,97.18,97.15,97.15,97.18,97.15,96.90,96.81,96.53,96.56,96.84,96.84,96.10,97.55,97.57,97.34,97.43,97.43,97.43,97.40,96.93,97.43,97.28,97.37,99.13,99.20,99.10,99.13,98.95,99.01,99.04,99.16,99.23,99.29,99.13,99.20,99.29,99.29,99.35,99.13,98.78,98.82,98.82,99.10,99.04,99.07,99.07,99.13,99.02,99.38,99.38,99.35,99.23,99.29,98.89,98.95,99.01,99.26,99.20,99.20,99.20,99.32,99.47,99.35,99.35,99.35,99.54,99.50,99.54,99.60,99.66,99.91,99.91,99.91,99.91,99.94,100.00,,99.97,99.69,99.69,99.66,99.27,99.16,99.35,99.32,99.35,99.32,99.47,99.41,99.41,99.63,99.54,97.74,97.80,97.65,98.11,98.20,98.51,95.05,94.40,94.46,94.37,94.40,94.40,94.54,94.63,94.95,94.40,94.64,94.37,94.40,95.88,94.49,94.33,94.37,94.37,94.24,94.27,94.12,93.90,93.87,93.96,93.90,93.90,94.15,94.21,94.24,94.46
B-KY616885,86.53,86.93,86.90,86.90,86.84,86.87,96.44,97.71,97.06,97.12,97.15,97.21,97.21,97.18,97.18,97.21,97.18,96.93,96.84,96.56,96.59,96.87,96.87,96.13,97.59,97.60,97.37,97.46,97.46,97.46,97.43,96.97,97.46,97.31,97.40,99.16,99.23,99.13,99.16,98.98,99.04,99.07,99.20,99.26,99.32,99.16,99.23,99.32,99.32,99.38,99.16,98.81,98.85,98.85,99.13,99.07,99.10,99.10,99.16,99.06,99.41,99.41,99.38,99.26,99.32,98.92,98.98,99.04,99.29,99.23,99.23,99.23,99.35,99.50,99.38,99.38,99.38,99.50,99.47,99.57,99.63,99.69,99.94,99.94,99.94,99.94,99.97,99.97,99.97,,99.72,99.72,99.69,99.30,99.20,99.38,99.35,99.38,99.35,99.50,99.44,99.44,99.66,99.57,97.77,97.83,97.68,98.14,98.24,98.54,95.08,94.43,94.49,94.40,94.43,94.43,94.57,94.66,94.98,94.43,94.67,94.40,94.43,95.91,94.46,94.30,94.33,94.33,94.21,94.24,94.09,93.87,93.84,93.93,93.87,93.87,94.18,94.24,94.27,94.49
B-LC066661,86.44,86.78,86.75,86.75,86.69,86.72,96.34,97.65,97.00,97.06,97.09,97.15,97.15,97.12,97.12,97.15,97.12,96.90,96.81,96.50,96.53,96.78,96.78,96.03,97.52,97.54,97.31,97.40,97.40,97.40,97.37,96.84,97.34,97.18,97.28,99.10,99.16,99.07,99.10,98.92,98.98,99.01,99.13,99.20,99.26,99.10,99.16,99.26,99.26,99.32,99.10,98.75,98.73,98.73,99.13,99.01,99.04,99.04,99.10,98.99,99.35,99.35,99.32,99.20,99.26,98.86,98.92,98.98,99.23,99.16,99.16,99.16,99.23,99.38,99.26,99.26,99.26,99.66,99.63,99.66,99.57,99.63,99.69,99.69,99.69,99.69,99.69,99.69,99.69,99.72,,100.00,99.91,99.24,99.13,99.32,99.29,99.32,99.29,99.44,99.38,99.38,99.60,99.50,97.65,97.71,97.62,98.08,98.17,98.48,95.14,94.24,94.30,94.21,94.24,94.24,94.39,94.47,94.80,94.24,94.49,94.21,94.24,95.79,94.40,94.24,94.27,94.27,94.15,94.18,94.02,93.81,93.78,93.87,93.81,93.81,94.12,94.18,94.21,94.43
B-LC066650,86.44,86.78,86.75,86.75,86.69,86.72,96.34,97.65,97.00,97.06,97.09,97.15,97.15,97.12,97.12,97.15,97.12,96.90,96.81,96.50,96.53,96.78,96.78,96.03,97.52,97.54,97.31,97.40,97.40,97.40,97.37,96.84,97.34,97.18,97.28,99.10,99.16,99.07,99.10,98.92,98.98,99.01,99.13,99.20,99.26,99.10,99.16,99.26,99.26,99.32,99.10,98.75,98.73,98.73,99.13,99.01,99.04,99.04,99.10,98.99,99.35,99.35,99.32,99.20,99.26,98.86,98.92,98.98,99.23,99.16,99.16,99.16,99.23,99.38,99.26,99.26,99.26,99.66,99.63,99.66,99.57,99.63,99.69,99.69,99.69,99.69,99.69,99.69,99.69,99.72,100.00,,99.91,99.24,99.13,99.32,99.29,99.32,99.29,99.44,99.38,99.38,99.60,99.50,97.65,97.71,97.62,98.08,98.17,98.48,95.14,94.24,94.30,94.21,94.24,94.24,94.39,94.47,94.80,94.24,94.49,94.21,94.24,95.79,94.40,94.24,94.27,94.27,94.15,94.18,94.02,93.81,93.78,93.87,93.81,93.81,94.12,94.18,94.21,94.43
B-LC066639,86.41,86.75,86.72,86.72,86.66,86.69,96.34,97.62,96.97,97.03,97.06,97.12,97.12,97.09,97.09,97.12,97.09,96.87,96.78,96.47,96.50,96.75,96.75,96.03,97.49,97.51,97.28,97.37,97.37,97.37,97.34,96.81,97.31,97.15,97.24,99.07,99.13,99.04,99.07,98.89,98.95,98.98,99.10,99.16,99.23,99.07,99.13,99.23,99.23,99.29,99.07,98.72,98.70,98.70,99.10,98.98,99.01,99.01,99.07,98.96,99.32,99.32,99.29,99.16,99.23,98.83,98.89,98.95,99.20,99.13,99.13,99.13,99.20,99.35,99.23,99.23,99.23,99.63,99.60,99.63,99.54,99.60,99.66,99.66,99.66,99.66,99.66,99.66,99.66,99.69,99.91,99.91,,99.21,99.10,99.29,99.26,99.29,99.26,99.41,99.35,99.35,99.57,99.47,97.62,97.68,97.59,98.05,98.14,98.45,95.11,94.21,94.27,94.18,94.21,94.21,94.36,94.44,94.77,94.21,94.46,94.18,94.21,95.76,94.37,94.21,94.24,94.24,94.12,94.15,93.99,93.78,93.75,93.84,93.78,93.78,94.09,94.15,94.18,94.40
B-PX211080,86.61,86.80,86.76,86.76,86.76,86.80,96.23,97.35,96.83,96.95,96.98,96.98,96.98,96.95,96.95,96.98,96.95,96.64,96.55,96.30,96.33,96.49,96.49,95.84,97.20,97.24,97.01,97.11,97.11,97.11,97.07,96.55,97.11,96.95,97.04,98.81,98.87,98.75,98.78,98.59,98.65,98.68,98.81,98.87,98.93,98.78,98.84,98.93,98.93,98.99,98.84,98.47,98.50,98.50,98.78,98.65,98.68,98.68,98.75,98.70,99.06,99.06,99.02,98.90,98.96,99.13,99.15,99.15,99.40,99.33,99.33,99.33,98.96,99.06,98.93,98.93,98.93,99.02,98.99,99.09,99.24,99.30,99.30,99.30,99.33,99.30,99.27,99.27,99.27,99.30,99.24,99.24,99.21,,99.24,99.43,99.40,99.43,99.40,99.52,99.46,99.49,99.58,99.49,97.35,97.41,97.38,97.85,97.91,98.19,94.97,94.23,94.35,94.26,94.29,94.29,94.36,94.43,94.72,94.16,94.41,94.13,94.16,95.71,94.32,94.23,94.26,94.26,94.07,94.10,93.89,93.73,93.76,93.79,93.76,93.73,94.04,94.10,94.13,94.35
B-LC260250,86.53,86.97,86.93,86.93,86.93,86.97,96.03,97.28,96.63,96.69,96.72,96.78,96.78,96.75,96.75,96.84,96.81,96.56,96.47,96.13,96.16,96.38,96.38,95.64,97.15,97.17,96.93,97.03,97.03,97.03,97.00,96.47,96.97,96.81,96.90,98.67,98.73,98.64,98.67,98.48,98.54,98.58,98.70,98.76,98.82,98.73,98.73,98.89,98.89,98.89,98.67,98.25,98.42,98.42,98.64,98.51,98.54,98.54,98.61,98.59,98.92,98.92,98.89,98.76,98.82,98.86,98.92,98.98,99.23,99.16,99.16,99.16,98.92,99.01,98.89,98.89,98.89,98.92,98.89,98.98,99.13,99.20,99.20,99.20,99.20,99.20,99.16,99.16,99.16,99.20,99.13,99.13,99.10,99.24,,99.38,99.35,99.38,99.35,99.38,99.32,99.44,99.47,99.38,97.28,97.34,97.24,97.71,97.80,98.11,94.80,93.99,94.02,93.93,93.96,93.96,94.08,94.13,94.46,93.90,94.15,93.87,93.90,95.51,94.18,94.02,94.06,94.06,93.90,93.90,93.75,93.53,93.56,93.59,93.56,93.53,94.02,94.09,93.93,94.15
B-KU550264,86.41,86.87,86.84,86.84,86.84,86.87,96.23,97.52,96.87,96.93,96.97,97.03,97.03,97.00,97.00,97.03,97.00,96.69,96.59,96.32,96.35,96.63,96.63,95.93,97.40,97.41,97.18,97.28,97.28,97.28,97.24,96.66,97.24,97.09,97.18,98.85,98.92,98.82,98.85,98.67,98.73,98.76,98.95,98.95,99.01,98.85,98.92,99.01,99.01,99.07,98.85,98.50,98.54,98.54,98.89,98.76,98.79,98.79,98.85,98.75,99.10,99.10,99.07,98.95,99.01,99.05,99.10,99.16,99.41,99.35,99.35,99.35,99.04,99.13,99.01,99.01,99.01,99.10,99.07,99.16,99.32,99.38,99.38,99.38,99.38,99.38,99.35,99.35,99.35,99.38,99.32,99.32,99.29,99.43,99.38,,99.97,99.75,99.72,99.57,99.50,99.63,99.66,99.57,97.40,97.46,97.37,97.83,97.93,98.24,94.95,94.12,94.18,94.09,94.12,94.12,94.20,94.29,94.61,94.06,94.30,94.02,94.06,95.60,94.27,94.18,94.21,94.21,94.06,94.09,93.93,93.75,93.78,93.81,93.78,93.75,93.93,93.99,94.09,94.30
B-KU550262,86.44,86.90,86.87,86.87,86.87,86.90,96.23,97.49,96.84,96.90,96.93,97.00,97.00,96.97,96.97,97.00,96.97,96.66,96.56,96.28,96.32,96.59,96.59,95.93,97.37,97.38,97.15,97.24,97.24,97.24,97.21,96.63,97.21,97.06,97.15,98.82,98.89,98.79,98.82,98.64,98.70,98.73,98.92,98.92,98.98,98.82,98.89,98.98,98.98,99.04,98.82,98.47,98.51,98.51,98.85,98.73,98.76,98.76,98.82,98.72,99.07,99.07,99.04,98.92,98.98,99.02,99.07,99.13,99.38,99.32,99.32,99.32,99.01,99.10,98.98,98.98,98.98,99.07,99.04,99.13,99.29,99.35,99.35,99.35,99.35,99.35,99.32,99.32,99.32,99.35,99.29,99.29,99.26,99.40,99.35,99.97,,99.72,99.69,99.54,99.47,99.60,99.63,99.54,97.37,97.49,97.34,97.80,97.89,98.20,94.98,94.09,94.15,94.06,94.09,94.09,94.17,94.26,94.58,94.09,94.27,94.06,94.09,95.57,94.24,94.15,94.18,94.18,94.09,94.12,93.96,93.78,93.81,93.84,93.81,93.78,93.90,93.96,94.06,94.27
B-KU870407,86.41,86.87,86.84,86.84,86.84,86.87,96.17,97.40,96.81,96.87,96.90,96.97,96.97,96.93,96.93,96.97,96.93,96.63,96.53,96.25,96.28,96.56,96.56,95.90,97.40,97.35,97.12,97.21,97.21,97.21,97.18,96.66,97.15,97.00,97.09,98.85,98.92,98.82,98.85,98.67,98.73,98.76,98.89,98.95,99.01,98.85,98.92,99.01,99.01,99.07,98.85,98.50,98.54,98.54,98.89,98.76,98.79,98.79,98.85,98.75,99.10,99.10,99.07,98.95,99.01,99.05,99.10,99.16,99.41,99.35,99.35,99.35,99.04,99.13,99.01,99.01,99.01,99.10,99.07,99.16,99.32,99.38,99.38,99.38,99.38,99.38,99.35,99.35,99.35,99.38,99.32,99.32,99.29,99.43,99.38,99.75,99.72,,99.97,99.57,99.50,99.63,99.66,99.57,97.40,97.46,97.37,97.83,97.93,98.24,94.89,94.12,94.18,94.15,94.12,94.12,94.26,94.29,94.61,94.12,94.37,94.09,94.12,95.60,94.21,94.12,94.15,94.15,93.96,93.99,93.84,93.65,93.68,93.72,93.68,93.65,93.93,93.99,94.02,94.24
B-KU870385,86.38,86.84,86.81,86.81,86.81,86.84,96.13,97.37,96.78,96.84,96.87,96.93,96.93,96.90,96.90,96.93,96.90,96.59,96.50,96.22,96.25,96.53,96.53,95.87,97.37,97.32,97.09,97.18,97.18,97.18,97.15,96.63,97.12,96.97,97.06,98.82,98.89,98.79,98.82,98.64,98.70,98.73,98.85,98.92,98.98,98.82,98.89,98.98,98.98,99.04,98.82,98.47,98.51,98.51,98.85,98.73,98.76,98.76,98.82,98.72,99.07,99.07,99.04,98.92,98.98,99.02,99.07,99.13,99.38,99.32,99.32,99.32,99.01,99.10,98.98,98.98,98.98,99.07,99.04,99.13,99.29,99.35,99.35,99.35,99.35,99.35,99.32,99.32,99.32,99.35,99.29,99.29,99.26,99.40,99.35,99.72,99.69,99.97,,99.54,99.47,99.60,99.63,99.54,97.37,97.43,97.34,97.80,97.89,98.20,94.86,94.09,94.15,94.12,94.09,94.09,94.23,94.26,94.58,94.09,94.33,94.06,94.09,95.57,94.18,94.09,94.12,94.12,93.93,93.96,93.81,93.62,93.65,93.68,93.65,93.62,93.90,93.96,93.99,94.21
B-MH569748,86.38,86.78,86.75,86.75,86.75,86.78,96.27,97.52,96.87,96.93,96.97,97.03,97.03,97.00,97.00,97.03,97.00,96.75,96.66,96.44,96.53,96.69,96.69,95.97,97.46,97.48,97.24,97.34,97.34,97.34,97.31,96.78,97.28,97.12,97.21,98.98,99.04,98.95,98.98,98.79,98.85,98.89,99.01,99.07,99.13,98.98,99.04,99.13,99.13,99.20,98.98,98.65,98.67,98.67,98.95,98.82,98.85,98.85,98.92,98.87,99.23,99.23,99.20,99.07,99.13,99.14,99.16,99.23,99.47,99.41,99.41,99.41,99.10,99.26,99.13,99.13,99.13,99.23,99.20,99.29,99.44,99.50,99.50,99.50,99.50,99.50,99.47,99.47,99.47,99.50,99.44,99.44,99.41,99.52,99.38,99.57,99.54,99.57,99.54,,99.88,99.63,99.72,99.63,97.52,97.59,97.49,97.96,98.05,98.36,95.02,94.24,94.30,94.21,94.24,94.24,94.39,94.41,94.74,94.24,94.49,94.21,94.24,95.73,94.33,94.24,94.27,94.27,94.09,94.12,93.96,93.75,93.78,93.81,93.78,93.75,94.06,94.12,94.15,94.37
B-MH569747,86.38,86.78,86.75,86.75,86.75,86.78,96.23,97.46,96.81,96.87,96.90,96.97,96.97,96.93,96.93,96.97,96.93,96.69,96.59,96.32,96.41,96.63,96.63,95.93,97.40,97.41,97.18,97.28,97.28,97.28,97.24,96.72,97.21,97.06,97.15,98.92,98.98,98.89,98.92,98.73,98.79,98.82,98.95,99.01,99.07,98.92,98.98,99.07,99.07,99.13,98.92,98.59,98.61,98.61,98.89,98.76,98.79,98.79,98.85,98.81,99.16,99.16,99.13,99.01,99.07,99.08,99.10,99.16,99.41,99.35,99.35,99.35,99.04,99.20,99.07,99.07,99.07,99.16,99.13,99.23,99.38,99.44,99.44,99.44,99.44,99.44,99.41,99.41,99.41,99.44,99.38,99.38,99.35,99.46,99.32,99.50,99.47,99.50,99.47,99.88,,99.57,99.66,99.57,97.46,97.52,97.43,97.89,97.99,98.30,95.02,94.24,94.30,94.21,94.24,94.24,94.39,94.41,94.74,94.18,94.43,94.15,94.18,95.67,94.33,94.24,94.27,94.27,94.09,94.12,93.96,93.75,93.78,93.81,93.78,93.75,94.06,94.12,94.15,94.37
B-MF997035,86.41,86.87,86.84,86.84,86.84,86.87,96.20,97.46,96.81,96.87,96.90,96.97,96.97,96.93,96.93,96.97,96.93,96.69,96.59,96.32,96.35,96.56,96.56,95.87,97.34,97.35,97.12,97.21,97.21,97.21,97.18,96.66,97.15,97.00,97.09,98.92,98.98,98.89,98.92,98.73,98.79,98.82,98.95,99.01,99.07,98.92,98.98,99.07,99.07,99.13,98.98,98.50,98.61,98.61,98.89,98.76,98.79,98.79,98.85,98.81,99.16,99.16,99.13,99.01,99.07,99.11,99.16,99.23,99.47,99.41,99.41,99.41,99.10,99.20,99.07,99.07,99.07,99.16,99.13,99.23,99.38,99.44,99.44,99.44,99.44,99.44,99.41,99.41,99.41,99.44,99.38,99.38,99.35,99.49,99.44,99.63,99.60,99.63,99.60,99.63,99.57,,99.72,99.63,97.46,97.52,97.43,97.89,97.99,98.30,95.02,94.24,94.30,94.21,94.24,94.24,94.33,94.41,94.74,94.18,94.43,94.15,94.18,95.73,94.33,94.24,94.27,94.27,94.09,94.12,93.96,93.75,93.78,93.81,93.78,93.75,94.06,94.12,94.15,94.37
B-MH704718,86.53,86.87,86.84,86.84,86.84,86.87,96.37,97.68,97.03,97.09,97.12,97.18,97.18,97.15,97.15,97.18,97.15,96.90,96.81,96.53,96.56,96.78,96.78,96.06,97.55,97.57,97.34,97.43,97.43,97.43,97.40,96.87,97.37,97.21,97.31,99.13,99.20,99.10,99.13,98.95,99.01,99.04,99.16,99.23,99.29,99.13,99.20,99.29,99.29,99.35,99.13,98.72,98.82,98.82,99.10,98.98,99.01,99.01,99.07,99.02,99.38,99.38,99.35,99.23,99.29,99.20,99.26,99.32,99.57,99.50,99.50,99.50,99.32,99.41,99.29,99.29,99.29,99.38,99.35,99.44,99.60,99.66,99.66,99.66,99.66,99.66,99.63,99.63,99.63,99.66,99.60,99.60,99.57,99.58,99.47,99.66,99.63,99.66,99.63,99.72,99.66,99.72,,99.91,97.68,97.74,97.65,98.11,98.20,98.51,95.17,94.40,94.46,94.37,94.40,94.40,94.48,94.57,94.89,94.33,94.58,94.30,94.33,95.88,94.49,94.40,94.43,94.43,94.24,94.27,94.12,93.90,93.93,93.96,93.90,93.90,94.21,94.27,94.30,94.52
B-LC228304,86.44,86.78,86.75,86.75,86.75,86.78,96.30,97.59,96.93,97.00,97.03,97.09,97.09,97.06,97.06,97.09,97.06,96.81,96.72,96.44,96.47,96.69,96.69,95.97,97.46,97.48,97.24,97.34,97.34,97.34,97.31,96.84,97.28,97.12,97.21,99.04,99.10,99.01,99.04,98.85,98.92,98.95,99.07,99.13,99.20,99.04,99.10,99.20,99.20,99.26,99.04,98.62,98.73,98.73,99.01,98.89,98.92,98.92,98.98,98.93,99.29,99.29,99.26,99.13,99.20,99.11,99.16,99.23,99.47,99.41,99.41,99.41,99.23,99.32,99.20,99.20,99.20,99.29,99.26,99.35,99.50,99.57,99.57,99.57,99.57,99.57,99.54,99.54,99.54,99.57,99.50,99.50,99.47,99.49,99.38,99.57,99.54,99.57,99.54,99.63,99.57,99.63,99.91,,97.59,97.65,97.55,98.02,98.11,98.42,95.14,94.30,94.37,94.27,94.30,94.30,94.39,94.47,94.80,94.24,94.49,94.21,94.24,95.79,94.46,94.30,94.33,94.33,94.15,94.18,94.02,93.81,93.84,93.87,93.81,93.81,94.12,94.18,94.21,94.43
B-KC442974,86.01,86.35,86.32,86.32,86.28,86.38,96.97,97.89,97.43,97.49,97.52,97.52,97.59,97.55,97.55,97.62,97.59,97.31,97.15,96.93,96.97,97.00,97.00,96.29,97.68,97.85,97.68,97.77,97.77,97.77,97.74,97.09,97.65,97.49,97.59,97.62,97.68,97.52,97.55,97.55,97.62,97.65,97.65,97.65,97.71,97.62,97.74,97.71,97.71,97.65,97.49,97.32,97.80,97.80,97.77,97.65,97.68,97.74,97.74,97.91,98.24,98.24,98.20,97.96,97.96,97.16,97.18,97.24,97.49,97.37,97.37,97.37,97.43,97.62,97.49,97.49,97.49,97.43,97.40,97.49,97.71,97.77,97.77,97.77,97.77,97.77,97.74,97.74,97.74,97.77,97.65,97.65,97.62,97.35,97.28,97.40,97.37,97.40,97.37,97.52,97.46,97.46,97.68,97.59,,99.44,97.96,98.45,98.36,98.58,95.23,94.55,94.58,94.37,94.33,94.33,94.70,94.97,95.20,94.49,94.80,94.52,94.55,96.44,94.80,94.46,94.67,94.74,94.52,94.58,94.43,94.21,94.18,94.27,94.21,94.21,94.46,94.52,94.55,94.83
B-KC178768,86.07,86.47,86.44,86.44,86.41,86.50,97.14,98.08,97.55,97.62,97.65,97.65,97.71,97.68,97.68,97.80,97.77,97.43,97.28,97.12,97.15,97.18,97.18,96.52,97.86,98.03,97.80,97.89,97.89,97.89,97.86,97.28,97.83,97.68,97.77,97.68,97.74,97.59,97.62,97.62,97.68,97.71,97.71,97.71,97.77,97.62,97.80,97.77,97.77,97.71,97.55,97.38,97.93,97.93,97.83,97.71,97.74,97.74,97.80,98.03,98.36,98.36,98.33,98.02,98.02,97.22,97.31,97.37,97.55,97.43,97.43,97.43,97.55,97.74,97.62,97.62,97.62,97.49,97.46,97.55,97.77,97.83,97.83,97.83,97.83,97.83,97.80,97.80,97.80,97.83,97.71,97.71,97.68,97.41,97.34,97.46,97.49,97.46,97.43,97.59,97.52,97.52,97.74,97.65,99.44,,98.08,98.58,98.42,98.70,95.42,94.61,94.55,94.33,94.30,94.30,94.79,94.97,95.26,94.61,94.86,94.64,94.67,96.63,94.86,94.46,94.67,94.74,94.64,94.71,94.55,94.33,94.30,94.40,94.33,94.33,94.52,94.52,94.61,94.95
B-KU356574,85.91,86.35,86.32,86.32,86.25,86.32,97.07,97.86,97.21,97.28,97.31,97.31,97.37,97.34,97.34,97.40,97.37,97.12,96.97,96.87,96.90,96.90,96.90,96.22,97.68,97.82,97.59,97.68,97.68,97.68,97.65,97.03,97.46,97.31,97.40,97.52,97.59,97.43,97.46,97.40,97.46,97.49,97.49,97.55,97.62,97.46,97.65,97.62,97.62,97.74,97.52,97.29,97.93,97.86,97.77,97.59,97.62,97.62,97.68,97.94,98.24,98.24,98.20,97.83,97.89,97.10,97.06,97.15,97.28,97.21,97.21,97.21,97.34,97.52,97.52,97.52,97.52,97.40,97.37,97.46,97.62,97.68,97.68,97.68,97.68,97.68,97.65,97.65,97.65,97.68,97.62,97.62,97.59,97.38,97.24,97.37,97.34,97.37,97.34,97.49,97.43,97.43,97.65,97.55,97.96,98.08,,99.44,98.17,98.51,95.05,94.24,94.37,94.15,94.12,94.12,94.36,94.54,94.86,94.15,94.46,94.18,94.21,95.94,94.58,94.30,94.52,94.46,94.24,94.37,94.21,93.99,93.96,94.06,93.99,93.99,94.12,94.18,94.33,94.67
B-HQ641355,86.19,86.66,86.63,86.63,86.56,86.66,97.38,98.39,97.77,97.83,97.86,97.86,97.93,97.89,97.89,97.96,97.93,97.68,97.52,97.31,97.34,97.43,97.43,96.65,98.20,98.34,98.11,98.20,98.20,98.20,98.17,97.52,97.96,97.80,97.89,97.99,98.05,97.89,97.93,97.86,97.93,97.96,97.96,98.02,98.08,97.93,98.11,98.08,98.08,98.20,97.99,97.76,98.42,98.36,98.27,98.08,98.11,98.11,98.17,98.41,98.73,98.73,98.70,98.33,98.39,97.53,97.49,97.62,97.74,97.68,97.68,97.68,97.80,97.99,97.99,97.99,97.99,97.86,97.83,97.93,98.08,98.14,98.14,98.14,98.14,98.14,98.11,98.11,98.11,98.14,98.08,98.08,98.05,97.85,97.71,97.83,97.80,97.83,97.80,97.96,97.89,97.89,98.11,98.02,98.45,98.58,99.44,,98.73,99.07,95.60,94.67,94.74,94.52,94.49,94.49,94.82,94.97,95.33,94.61,94.92,94.64,94.67,96.44,95.05,94.77,94.98,94.92,94.71,94.83,94.67,94.46,94.43,94.52,94.46,94.46,94.58,94.64,94.80,95.14
B-KC443007,86.19,86.81,86.78,86.78,86.72,86.81,97.04,98.11,97.55,97.62,97.65,97.65,97.71,97.68,97.68,97.77,97.74,97.52,97.37,97.09,97.12,97.15,97.15,96.42,98.05,98.19,98.02,98.11,98.11,98.11,98.08,97.31,97.74,97.59,97.68,98.08,98.14,97.99,98.02,97.99,98.02,98.05,98.05,98.11,98.17,98.02,98.20,98.17,98.17,98.17,98.02,97.91,98.39,98.39,98.30,98.17,98.20,98.20,98.27,98.45,98.82,98.82,98.79,98.42,98.48,97.62,97.59,97.77,97.89,97.83,97.83,97.83,97.89,98.05,97.93,97.93,97.93,97.96,97.93,98.02,98.24,98.30,98.24,98.24,98.30,98.24,98.20,98.20,98.20,98.24,98.17,98.17,98.14,97.91,97.80,97.93,97.89,97.93,97.89,98.05,97.99,97.99,98.20,98.11,98.36,98.42,98.17,98.73,,99.13,95.39,94.71,94.64,94.43,94.46,94.46,94.79,95.00,95.29,94.71,94.89,94.61,94.64,96.28,94.89,94.67,94.83,94.83,94.64,94.67,94.52,94.30,94.27,94.37,94.30,94.30,94.55,94.67,94.71,95.05
B-KR705201,86.47,86.75,86.72,86.72,86.66,86.75,97.44,98.45,97.86,97.93,97.96,97.96,98.02,97.99,97.99,98.08,98.05,97.80,97.65,97.43,97.46,97.43,97.43,96.74,98.27,98.41,98.17,98.27,98.27,98.27,98.24,97.52,98.08,97.93,98.02,98.39,98.45,98.30,98.33,98.27,98.33,98.36,98.36,98.42,98.48,98.33,98.51,98.48,98.48,98.48,98.33,98.16,98.64,98.64,98.61,98.48,98.51,98.51,98.58,98.96,99.13,99.13,99.10,98.73,98.79,98.00,97.89,98.02,98.20,98.14,98.14,98.14,98.20,98.42,98.30,98.30,98.30,98.27,98.24,98.33,98.48,98.54,98.54,98.54,98.54,98.54,98.51,98.51,98.51,98.54,98.48,98.48,98.45,98.19,98.11,98.24,98.20,98.24,98.20,98.36,98.30,98.30,98.51,98.42,98.58,98.70,98.51,99.07,99.13,,95.73,94.86,94.86,94.64,94.67,94.67,95.01,95.15,95.51,94.86,95.11,94.83,94.86,96.50,95.11,94.83,94.98,94.98,94.77,94.89,94.67,94.46,94.43,94.52,94.46,94.46,94.77,94.83,94.92,95.26
C-KJ721719,86.41,86.81,86.78,86.78,86.78,86.87,94.66,95.57,95.11,95.08,95.11,95.11,95.17,95.14,95.14,95.23,95.20,95.23,95.26,94.67,94.77,94.58,94.58,94.02,95.45,95.50,95.39,95.42,95.42,95.42,95.39,94.80,95.36,95.20,95.23,94.86,94.92,94.83,94.86,94.92,94.98,95.02,94.95,94.95,95.02,94.86,95.05,95.02,95.02,95.20,94.86,94.44,94.98,94.98,94.89,94.89,94.80,94.86,94.86,95.20,95.42,95.42,95.39,95.20,95.26,94.62,94.71,94.80,94.92,94.86,94.86,94.86,94.92,94.92,94.80,94.80,94.86,94.98,94.95,94.95,95.17,95.14,95.08,95.08,95.14,95.08,95.05,95.05,95.05,95.08,95.14,95.14,95.11,94.97,94.80,94.95,94.98,94.89,94.86,95.02,95.02,95.02,95.17,95.14,95.23,95.42,95.05,95.60,95.39,95.73,,95.45,95.39,95.20,95.17,95.17,95.47,95.65,96.07,95.29,95.57,95.29,95.33,95.94,95.73,95.60,95.79,95.79,95.57,95.88,95.51,95.42,95.45,95.42,95.42,95.42,95.57,95.57,95.73,96.13
C-LC105580,86.16,86.32,86.28,86.28,86.28,86.32,94.22,94.83,94.58,94.58,94.61,94.61,94.67,94.64,94.64,94.49,94.46,94.24,94.15,93.99,94.15,93.93,93.93,93.37,94.55,94.78,94.74,94.77,94.77,94.77,94.74,94.21,94.64,94.52,94.55,94.02,94.09,93.93,93.96,94.09,94.15,94.18,93.99,94.06,94.12,94.02,94.15,94.12,94.12,94.24,94.15,93.95,94.33,94.40,94.30,94.24,94.21,94.27,94.27,94.32,94.61,94.61,94.58,94.49,94.55,93.97,93.87,94.02,94.09,94.02,94.09,94.02,94.15,94.21,94.21,94.21,94.27,94.15,94.12,94.12,94.37,94.37,94.43,94.49,94.49,94.43,94.40,94.40,94.40,94.43,94.24,94.24,94.21,94.23,93.99,94.12,94.09,94.12,94.09,94.24,94.24,94.24,94.40,94.30,94.55,94.61,94.24,94.67,94.71,94.86,95.45,,99.38,99.01,99.04,99.04,98.17,98.39,98.73,97.99,98.30,98.02,98.05,97.15,97.52,97.43,97.59,97.59,97.52,97.65,97.40,97.24,97.28,97.24,97.24,97.24,97.83,97.83,97.65,97.93
C-MN479107,86.35,86.41,86.38,86.38,86.38,86.41,94.15,94.77,94.52,94.52,94.55,94.55,94.61,94.58,94.58,94.49,94.46,94.27,94.18,93.99,94.15,93.90,93.90,93.31,94.49,94.72,94.67,94.71,94.71,94.71,94.67,94.15,94.58,94.46,94.49,94.09,94.15,93.99,94.02,94.09,94.15,94.18,94.06,94.12,94.18,94.12,94.21,94.18,94.18,94.30,94.21,94.01,94.46,94.52,94.37,94.30,94.27,94.37,94.33,94.38,94.67,94.67,94.64,94.55,94.61,93.97,93.93,94.02,94.15,94.09,94.15,94.09,94.21,94.21,94.21,94.21,94.27,94.21,94.18,94.18,94.43,94.43,94.49,94.55,94.55,94.49,94.46,94.46,94.46,94.49,94.30,94.30,94.27,94.35,94.02,94.18,94.15,94.18,94.15,94.30,94.30,94.30,94.46,94.37,94.58,94.55,94.37,94.74,94.64,94.86,95.39,99.38,,99.57,99.60,99.60,98.04,98.36,98.67,97.99,98.30,98.02,98.05,97.15,97.52,97.49,97.71,97.68,97.52,97.65,97.40,97.24,97.21,97.24,97.24,97.24,97.80,97.80,97.65,97.93
C-PP861577,86.41,86.32,86.28,86.28,86.28,86.32,94.02,94.55,94.37,94.37,94.40,94.40,94.46,94.43,94.43,94.33,94.30,94.12,94.02,93.90,94.06,93.81,93.81,93.28,94.46,94.63,94.58,94.61,94.61,94.61,94.58,94.06,94.49,94.37,94.40,93.99,94.06,93.90,93.93,93.99,94.06,94.09,93.96,94.02,94.09,94.02,94.12,94.09,94.09,94.21,94.12,93.92,94.37,94.43,94.27,94.21,94.18,94.27,94.24,94.29,94.58,94.58,94.55,94.46,94.52,93.88,93.84,93.93,94.06,93.99,94.06,93.99,94.12,94.12,94.12,94.12,94.18,94.12,94.09,94.15,94.40,94.40,94.40,94.46,94.46,94.40,94.37,94.37,94.37,94.40,94.21,94.21,94.18,94.26,93.93,94.09,94.06,94.15,94.12,94.21,94.21,94.21,94.37,94.27,94.37,94.33,94.15,94.52,94.43,94.64,95.20,99.01,99.57,,99.85,99.85,97.76,98.11,98.36,97.68,97.99,97.71,97.74,96.87,97.21,97.18,97.40,97.37,97.21,97.34,97.09,97.00,96.97,97.00,97.00,97.00,97.49,97.49,97.34,97.62
C-PP861567,86.44,86.35,86.32,86.32,86.32,86.35,93.99,94.52,94.33,94.33,94.37,94.37,94.43,94.40,94.40,94.30,94.27,94.09,93.99,93.87,94.02,93.78,93.78,93.18,94.37,94.60,94.55,94.58,94.58,94.58,94.55,94.02,94.46,94.33,94.37,94.02,94.09,93.93,93.96,94.02,94.09,94.12,93.99,94.06,94.12,94.06,94.15,94.12,94.12,94.24,94.15,93.95,94.40,94.46,94.30,94.24,94.21,94.30,94.27,94.32,94.61,94.61,94.58,94.49,94.55,93.91,93.87,93.96,94.09,94.02,94.09,94.02,94.15,94.15,94.15,94.15,94.21,94.15,94.12,94.18,94.43,94.43,94.43,94.49,94.49,94.43,94.40,94.40,94.40,94.43,94.24,94.24,94.21,94.29,93.96,94.12,94.09,94.12,94.09,94.24,94.24,94.24,94.40,94.30,94.33,94.30,94.12,94.49,94.46,94.67,95.17,99.04,99.60,99.85,,99.94,97.73,98.08,98.33,97.65,97.96,97.68,97.71,96.84,97.18,97.15,97.37,97.34,97.18,97.31,97.06,96.97,96.93,96.97,96.97,96.97,97.46,97.46,97.31,97.59
C-OP850442,86.50,86.35,86.32,86.32,86.32,86.35,93.99,94.52,94.33,94.33,94.37,94.37,94.43,94.40,94.40,94.30,94.27,94.09,93.99,93.87,94.02,93.78,93.78,93.18,94.37,94.60,94.55,94.58,94.58,94.58,94.55,94.02,94.46,94.33,94.37,94.02,94.09,93.93,93.96,94.02,94.09,94.12,93.99,94.06,94.12,94.06,94.15,94.12,94.12,94.24,94.15,93.95,94.40,94.46,94.30,94.24,94.21,94.30,94.27,94.32,94.61,94.61,94.58,94.49,94.55,93.91,93.87,93.96,94.09,94.02,94.09,94.02,94.15,94.15,94.15,94.15,94.21,94.15,94.12,94.18,94.43,94.43,94.43,94.49,94.49,94.43,94.40,94.40,94.40,94.43,94.24,94.24,94.21,94.29,93.96,94.12,94.09,94.12,94.09,94.24,94.24,94.24,94.40,94.30,94.33,94.30,94.12,94.49,94.46,94.67,95.17,99.04,99.60,99.85,99.94,,97.73,98.08,98.33,97.65,97.96,97.68,97.71,96.84,97.18,97.15,97.37,97.34,97.18,97.31,97.06,96.97,96.93,96.97,96.97,96.97,97.46,97.46,97.31,97.59
C-PX211142,86.03,85.89,85.86,85.86,85.86,85.89,94.21,94.98,94.57,94.57,94.61,94.61,94.67,94.64,94.64,94.54,94.51,94.50,94.40,94.14,94.23,94.02,94.02,93.54,94.64,94.87,94.82,94.85,94.85,94.85,94.82,94.54,94.85,94.70,94.73,94.23,94.30,94.14,94.17,94.23,94.30,94.33,94.20,94.26,94.33,94.17,94.36,94.33,94.33,94.45,94.36,94.22,94.48,94.48,94.45,94.45,94.42,94.48,94.48,94.51,94.82,94.82,94.79,94.70,94.76,94.06,93.99,94.08,94.20,94.14,94.14,94.14,94.30,94.33,94.33,94.33,94.39,94.30,94.26,94.26,94.51,94.51,94.57,94.57,94.64,94.57,94.54,94.54,94.54,94.57,94.39,94.39,94.36,94.36,94.08,94.20,94.17,94.26,94.23,94.39,94.39,94.33,94.48,94.39,94.70,94.79,94.36,94.82,94.79,95.01,95.47,98.17,98.04,97.76,97.73,97.73,,98.46,98.94,98.82,99.06,98.85,98.82,97.21,97.64,97.39,97.55,97.55,97.64,97.73,97.45,97.33,97.30,97.33,97.33,97.33,97.73,97.73,97.70,97.95
C-KC442963,86.02,86.19,86.16,86.16,86.16,86.19,94.49,95.09,94.75,94.75,94.78,94.78,94.85,94.81,94.81,94.72,94.69,94.60,94.50,94.16,94.26,94.12,94.12,93.62,94.72,94.95,94.91,94.94,94.94,94.94,94.91,94.38,94.81,94.66,94.69,94.32,94.38,94.23,94.26,94.32,94.38,94.41,94.29,94.35,94.41,94.32,94.44,94.41,94.41,94.54,94.44,94.27,94.57,94.57,94.60,94.60,94.57,94.63,94.63,94.58,94.91,94.91,94.88,94.78,94.85,94.17,94.10,94.20,94.26,94.20,94.26,94.20,94.38,94.38,94.38,94.38,94.44,94.38,94.35,94.35,94.66,94.66,94.66,94.66,94.72,94.66,94.63,94.63,94.63,94.66,94.47,94.47,94.44,94.43,94.13,94.29,94.26,94.29,94.26,94.41,94.41,94.41,94.57,94.47,94.97,94.97,94.54,94.97,95.00,95.15,95.65,98.39,98.36,98.11,98.08,98.08,98.46,,99.02,98.34,98.65,98.37,98.41,97.48,97.88,97.66,97.82,97.82,97.88,98.00,97.69,97.54,97.51,97.54,97.54,97.54,98.10,98.11,98.00,98.28
C-KJ721722,86.22,86.32,86.28,86.28,86.28,86.32,94.79,95.45,95.14,95.14,95.17,95.17,95.23,95.20,95.20,95.11,95.08,94.98,94.89,94.61,94.71,94.49,94.49,93.89,95.08,95.31,95.26,95.29,95.29,95.29,95.26,94.80,95.23,95.08,95.11,94.64,94.71,94.55,94.58,94.64,94.71,94.74,94.61,94.67,94.74,94.58,94.77,94.74,94.74,94.86,94.71,94.50,94.92,94.92,94.86,94.86,94.83,94.89,94.89,94.94,95.26,95.26,95.23,95.11,95.17,94.40,94.37,94.46,94.58,94.52,94.58,94.52,94.71,94.71,94.77,94.71,94.83,94.71,94.67,94.67,94.92,94.92,94.98,94.98,95.05,94.98,94.95,94.95,94.95,94.98,94.80,94.80,94.77,94.72,94.46,94.61,94.58,94.61,94.58,94.74,94.74,94.74,94.89,94.80,95.20,95.26,94.86,95.33,95.29,95.51,96.07,98.73,98.67,98.36,98.33,98.33,98.94,99.02,,98.76,99.07,98.85,98.82,97.83,98.24,98.08,98.24,98.24,98.17,98.42,98.05,97.89,97.86,97.89,97.89,97.89,98.45,98.45,98.36,98.64
C-LC514503,85.82,85.82,85.79,85.79,85.79,85.82,94.09,94.74,94.40,94.33,94.37,94.37,94.43,94.40,94.40,94.30,94.27,94.24,94.15,93.93,94.02,93.87,93.87,93.21,94.43,94.66,94.61,94.64,94.64,94.64,94.61,94.09,94.52,94.37,94.40,94.09,94.21,93.99,94.02,94.09,94.15,94.18,94.06,94.12,94.18,94.02,94.21,94.18,94.18,94.30,94.21,94.01,94.33,94.33,94.30,94.30,94.27,94.33,94.40,94.35,94.67,94.67,94.64,94.55,94.61,93.85,93.81,93.90,94.02,93.96,93.96,93.96,94.15,94.15,94.15,94.15,94.21,94.15,94.12,94.12,94.37,94.37,94.43,94.43,94.49,94.43,94.40,94.40,94.40,94.43,94.24,94.24,94.21,94.16,93.90,94.06,94.09,94.12,94.09,94.24,94.18,94.18,94.33,94.24,94.49,94.61,94.15,94.61,94.71,94.86,95.29,97.99,97.99,97.68,97.65,97.65,98.82,98.34,98.76,,99.57,99.54,99.57,97.15,97.55,97.34,97.49,97.49,97.65,97.74,97.46,97.28,97.24,97.28,97.28,97.28,97.71,97.77,97.65,97.89
C-OP850443,85.82,85.88,85.85,85.85,85.85,85.88,94.26,95.05,94.64,94.64,94.67,94.67,94.74,94.71,94.71,94.61,94.58,94.55,94.46,94.24,94.33,94.18,94.18,93.47,94.74,94.97,94.92,94.95,94.95,94.95,94.92,94.40,94.83,94.67,94.71,94.33,94.40,94.24,94.27,94.33,94.40,94.43,94.30,94.37,94.43,94.27,94.46,94.43,94.43,94.49,94.46,94.20,94.58,94.58,94.55,94.55,94.52,94.58,94.64,94.60,94.92,94.92,94.89,94.80,94.86,94.09,94.06,94.15,94.27,94.21,94.21,94.21,94.40,94.40,94.40,94.40,94.46,94.40,94.37,94.37,94.61,94.61,94.67,94.67,94.74,94.67,94.64,94.64,94.64,94.67,94.49,94.49,94.46,94.41,94.15,94.30,94.27,94.37,94.33,94.49,94.43,94.43,94.58,94.49,94.80,94.86,94.46,94.92,94.89,95.11,95.57,98.30,98.30,97.99,97.96,97.96,99.06,98.65,99.07,99.57,,99.66,99.69,97.46,97.86,97.65,97.80,97.80,97.89,97.99,97.71,97.52,97.49,97.52,97.52,97.52,97.96,97.96,97.96,98.20
C-PP861633,85.60,85.73,85.70,85.70,85.70,85.73,94.05,94.80,94.40,94.40,94.43,94.43,94.49,94.46,94.46,94.37,94.33,94.30,94.21,93.99,94.09,93.93,93.93,93.31,94.46,94.69,94.64,94.67,94.67,94.67,94.64,94.18,94.61,94.46,94.49,94.06,94.12,93.96,93.99,94.06,94.12,94.15,94.02,94.09,94.15,93.99,94.18,94.15,94.15,94.21,94.18,93.92,94.30,94.30,94.27,94.27,94.24,94.30,94.37,94.32,94.64,94.64,94.61,94.52,94.58,93.82,93.78,93.87,93.99,93.93,93.93,93.93,94.12,94.12,94.12,94.12,94.18,94.12,94.09,94.09,94.33,94.33,94.40,94.40,94.46,94.40,94.37,94.37,94.37,94.40,94.21,94.21,94.18,94.13,93.87,94.02,94.06,94.09,94.06,94.21,94.15,94.15,94.30,94.21,94.52,94.64,94.18,94.64,94.61,94.83,95.29,98.02,98.02,97.71,97.68,97.68,98.85,98.37,98.85,99.54,99.66,,99.78,97.18,97.59,97.37,97.52,97.52,97.68,97.77,97.49,97.31,97.28,97.31,97.31,97.31,97.68,97.68,97.68,97.93
C-PP861579,85.70,85.70,85.67,85.67,85.67,85.70,94.05,94.80,94.40,94.46,94.43,94.43,94.49,94.46,94.46,94.37,94.33,94.33,94.24,93.99,94.09,93.93,93.93,93.28,94.49,94.72,94.67,94.71,94.71,94.71,94.67,94.15,94.58,94.43,94.46,94.09,94.15,93.99,94.02,94.09,94.15,94.18,94.06,94.12,94.18,94.02,94.21,94.18,94.18,94.24,94.21,93.95,94.33,94.33,94.30,94.30,94.27,94.33,94.40,94.35,94.67,94.67,94.64,94.55,94.61,93.85,93.81,93.90,94.02,93.96,93.96,93.96,94.15,94.15,94.15,94.15,94.21,94.15,94.12,94.12,94.37,94.37,94.43,94.43,94.49,94.43,94.40,94.40,94.40,94.43,94.24,94.24,94.21,94.16,93.90,94.06,94.09,94.12,94.09,94.24,94.18,94.18,94.33,94.24,94.55,94.67,94.21,94.67,94.64,94.86,95.33,98.05,98.05,97.74,97.71,97.71,98.82,98.41,98.82,99.57,99.69,99.78,,97.21,97.62,97.40,97.55,97.55,97.71,97.80,97.52,97.34,97.31,97.34,97.34,97.34,97.71,97.71,97.71,97.96
C-KU199270,86.22,86.59,86.56,86.56,86.56,86.59,95.36,96.38,96.01,96.01,96.04,96.04,96.10,96.07,96.07,96.04,96.07,95.85,95.76,95.42,95.51,95.23,95.23,94.38,95.98,96.21,96.16,96.19,96.19,96.19,96.16,95.57,95.94,95.79,95.82,95.70,95.76,95.60,95.63,95.70,95.76,95.79,95.67,95.73,95.79,95.63,95.82,95.79,95.79,95.67,95.63,95.40,95.79,95.79,95.85,95.79,95.76,95.76,95.82,95.87,96.19,96.19,96.16,96.04,96.10,95.30,95.33,95.45,95.57,95.51,95.57,95.51,95.63,95.76,95.76,95.70,95.76,95.63,95.60,95.63,95.85,95.85,95.91,95.91,95.98,95.91,95.88,95.88,95.88,95.91,95.79,95.79,95.76,95.71,95.51,95.60,95.57,95.60,95.57,95.73,95.67,95.73,95.88,95.79,96.44,96.63,95.94,96.44,96.28,96.50,95.94,97.15,97.15,96.87,96.84,96.84,97.21,97.48,97.83,97.15,97.46,97.18,97.21,,97.49,97.46,97.55,97.55,97.21,97.52,97.28,97.12,97.09,97.12,97.12,97.12,97.46,97.46,97.55,97.89
C-MG181656,86.04,85.85,85.82,85.82,85.82,85.85,94.29,94.89,94.71,94.71,94.74,94.74,94.80,94.77,94.77,94.61,94.58,94.58,94.49,93.99,94.09,93.93,93.93,93.34,94.74,94.85,94.80,94.83,94.83,94.83,94.80,94.40,94.58,94.43,94.46,94.24,94.30,94.15,94.18,94.27,94.30,94.33,94.21,94.27,94.33,94.18,94.37,94.33,94.33,94.40,94.30,94.10,94.58,94.52,94.46,94.52,94.43,94.49,94.49,94.58,94.86,94.86,94.83,94.71,94.77,94.06,94.02,94.12,94.24,94.18,94.18,94.18,94.18,94.24,94.24,94.18,94.24,94.37,94.33,94.27,94.46,94.46,94.46,94.46,94.52,94.46,94.43,94.49,94.49,94.46,94.40,94.40,94.37,94.32,94.18,94.27,94.24,94.21,94.18,94.33,94.33,94.33,94.49,94.46,94.80,94.86,94.58,95.05,94.89,95.11,95.73,97.52,97.52,97.21,97.18,97.18,97.64,97.88,98.24,97.55,97.86,97.59,97.62,97.49,,98.79,99.01,99.01,98.39,98.79,98.48,98.33,98.30,98.39,98.33,98.33,98.24,98.24,98.58,98.85
C-MW715606,86.13,86.22,86.19,86.19,86.19,86.22,94.09,94.80,94.49,94.49,94.52,94.52,94.58,94.55,94.55,94.46,94.43,94.40,94.30,93.99,94.09,93.96,93.96,93.24,94.58,94.75,94.71,94.74,94.74,94.74,94.71,94.12,94.49,94.37,94.40,94.09,94.15,93.99,94.02,94.02,94.09,94.12,94.06,94.12,94.18,94.02,94.15,94.18,94.18,94.24,94.21,93.98,94.37,94.30,94.30,94.37,94.27,94.33,94.33,94.40,94.64,94.64,94.61,94.55,94.61,93.94,93.90,94.06,94.12,94.06,94.06,94.06,94.02,94.09,94.09,94.02,94.09,94.21,94.18,94.12,94.30,94.30,94.30,94.30,94.37,94.30,94.27,94.33,94.33,94.30,94.24,94.24,94.21,94.23,94.02,94.18,94.15,94.12,94.09,94.24,94.24,94.24,94.40,94.30,94.46,94.46,94.30,94.77,94.67,94.83,95.60,97.43,97.49,97.18,97.15,97.15,97.39,97.66,98.08,97.34,97.65,97.37,97.40,97.46,98.79,,99.60,99.60,98.14,98.58,98.27,98.11,98.08,98.11,98.11,98.11,98.14,98.14,98.42,98.70
C-MG670643,86.25,86.35,86.32,86.32,86.32,86.35,94.26,94.95,94.67,94.67,94.71,94.71,94.77,94.74,94.74,94.61,94.58,94.61,94.52,94.15,94.24,94.12,94.12,93.34,94.74,94.85,94.80,94.83,94.83,94.83,94.80,94.21,94.58,94.46,94.49,94.12,94.18,94.02,94.06,94.12,94.18,94.21,94.09,94.15,94.21,94.06,94.24,94.21,94.21,94.27,94.24,94.01,94.46,94.40,94.33,94.40,94.30,94.43,94.37,94.46,94.74,94.74,94.71,94.58,94.64,94.03,93.99,94.15,94.21,94.15,94.15,94.15,94.12,94.12,94.12,94.06,94.12,94.24,94.21,94.15,94.33,94.33,94.33,94.33,94.40,94.33,94.30,94.37,94.37,94.33,94.27,94.27,94.24,94.26,94.06,94.21,94.18,94.15,94.12,94.27,94.27,94.27,94.43,94.33,94.67,94.67,94.52,94.98,94.83,94.98,95.79,97.59,97.71,97.40,97.37,97.37,97.55,97.82,98.24,97.49,97.80,97.52,97.55,97.55,99.01,99.60,,99.88,98.36,98.79,98.48,98.33,98.30,98.33,98.33,98.33,98.30,98.30,98.58,98.85
C-MG670640,86.32,86.47,86.44,86.44,86.44,86.47,94.22,94.95,94.64,94.64,94.67,94.67,94.74,94.71,94.71,94.61,94.58,94.61,94.52,94.15,94.24,94.06,94.06,93.34,94.74,94.85,94.80,94.83,94.83,94.83,94.80,94.21,94.58,94.46,94.49,94.12,94.18,94.09,94.12,94.12,94.18,94.21,94.09,94.15,94.21,94.06,94.24,94.21,94.21,94.27,94.24,94.01,94.46,94.40,94.33,94.40,94.30,94.43,94.37,94.46,94.74,94.74,94.71,94.58,94.64,94.03,93.99,94.15,94.21,94.15,94.15,94.15,94.12,94.12,94.12,94.06,94.12,94.24,94.21,94.15,94.33,94.33,94.33,94.33,94.40,94.33,94.30,94.37,94.37,94.33,94.27,94.27,94.24,94.26,94.06,94.21,94.18,94.15,94.12,94.27,94.27,94.27,94.43,94.33,94.74,94.74,94.46,94.92,94.83,94.98,95.79,97.59,97.68,97.37,97.34,97.34,97.55,97.82,98.24,97.49,97.80,97.52,97.55,97.55,99.01,99.60,99.88,,98.36,98.79,98.48,98.33,98.30,98.33,98.33,98.33,98.30,98.30,98.58,98.85
C-LC514514,85.85,85.94,85.91,85.91,85.91,85.94,94.15,94.83,94.49,94.49,94.52,94.52,94.58,94.55,94.55,94.49,94.52,94.43,94.30,93.93,94.02,93.96,93.96,93.31,94.67,94.85,94.86,94.83,94.83,94.83,94.80,94.15,94.61,94.46,94.49,93.99,94.06,93.90,93.93,93.99,94.06,94.09,93.96,94.02,94.09,93.93,94.12,94.09,94.09,94.24,94.15,93.85,94.18,94.18,94.21,94.21,94.18,94.24,94.24,94.37,94.58,94.58,94.55,94.46,94.52,93.82,93.78,93.87,93.99,93.93,93.93,93.93,93.99,93.99,93.99,93.93,93.99,94.12,94.09,94.02,94.15,94.21,94.21,94.21,94.27,94.21,94.18,94.24,94.24,94.21,94.15,94.15,94.12,94.07,93.90,94.06,94.09,93.96,93.93,94.09,94.09,94.09,94.24,94.15,94.52,94.64,94.24,94.71,94.64,94.77,95.57,97.52,97.52,97.21,97.18,97.18,97.64,97.88,98.17,97.65,97.89,97.68,97.71,97.21,98.39,98.14,98.36,98.36,,99.04,99.38,99.10,99.07,99.10,99.10,99.10,98.11,98.11,98.36,98.64
C-MH166403,86.38,86.22,86.19,86.19,86.19,86.22,94.15,94.89,94.55,94.55,94.58,94.58,94.64,94.61,94.61,94.52,94.49,94.43,94.33,93.99,94.09,93.96,93.96,93.37,94.64,94.81,94.89,94.86,94.86,94.86,94.83,94.21,94.61,94.52,94.55,94.02,94.09,93.93,93.96,94.02,94.09,94.12,93.99,94.06,94.12,93.96,94.15,94.12,94.12,94.27,94.18,93.89,94.30,94.24,94.24,94.30,94.21,94.27,94.27,94.37,94.64,94.64,94.61,94.49,94.55,93.85,93.81,93.90,94.02,93.96,93.96,93.96,94.02,94.02,94.09,93.96,94.02,94.15,94.12,94.06,94.18,94.24,94.24,94.24,94.30,94.24,94.21,94.27,94.27,94.24,94.18,94.18,94.15,94.10,93.90,94.09,94.12,93.99,93.96,94.12,94.12,94.12,94.27,94.18,94.58,94.71,94.37,94.83,94.67,94.89,95.88,97.65,97.65,97.34,97.31,97.31,97.73,98.00,98.42,97.74,97.99,97.77,97.80,97.52,98.79,98.58,98.79,98.79,99.04,,99.41,99.26,99.23,99.26,99.26,99.26,98.39,98.39,98.73,99.01
C-LC514492,86.01,86.04,86.01,86.01,86.01,86.04,94.09,94.74,94.40,94.40,94.43,94.43,94.49,94.46,94.46,94.37,94.40,94.27,94.18,93.90,93.99,93.87,93.87,93.18,94.55,94.72,94.74,94.71,94.71,94.71,94.67,94.12,94.46,94.30,94.33,93.87,93.93,93.78,93.81,93.87,93.93,93.96,93.84,93.90,93.96,93.81,93.99,93.96,93.96,94.12,93.96,93.73,94.15,94.09,94.09,94.15,94.06,94.12,94.12,94.27,94.49,94.49,94.46,94.33,94.40,93.69,93.65,93.75,93.87,93.81,93.81,93.81,93.87,93.87,93.87,93.81,93.87,93.99,93.96,93.90,94.02,94.09,94.09,94.09,94.15,94.09,94.06,94.12,94.12,94.09,94.02,94.02,93.99,93.89,93.75,93.93,93.96,93.84,93.81,93.96,93.96,93.96,94.12,94.02,94.43,94.55,94.21,94.67,94.52,94.67,95.51,97.40,97.40,97.09,97.06,97.06,97.45,97.69,98.05,97.46,97.71,97.49,97.52,97.28,98.48,98.27,98.48,98.48,99.38,99.41,,99.60,99.57,99.60,99.60,99.60,98.08,98.08,98.42,98.70
C-OP850448,86.10,85.94,85.91,85.91,85.91,85.94,93.99,94.64,94.33,94.33,94.37,94.37,94.43,94.40,94.40,94.30,94.33,94.18,94.09,93.81,93.90,93.68,93.68,93.05,94.37,94.54,94.55,94.52,94.52,94.52,94.55,93.93,94.33,94.18,94.21,93.65,93.72,93.56,93.59,93.65,93.72,93.75,93.62,93.68,93.75,93.59,93.78,93.75,93.75,93.90,93.81,93.51,93.93,93.87,93.87,93.93,93.84,93.90,93.90,94.06,94.27,94.27,94.24,94.12,94.18,93.60,93.56,93.65,93.78,93.72,93.72,93.72,93.65,93.65,93.65,93.59,93.65,93.78,93.75,93.68,93.81,93.87,93.87,93.87,93.93,93.87,93.84,93.90,93.90,93.87,93.81,93.81,93.78,93.73,93.53,93.75,93.78,93.65,93.62,93.75,93.75,93.75,93.90,93.81,94.21,94.33,93.99,94.46,94.30,94.46,95.42,97.24,97.24,97.00,96.97,96.97,97.33,97.54,97.89,97.28,97.52,97.31,97.34,97.12,98.33,98.11,98.33,98.33,99.10,99.26,99.60,,99.91,99.94,99.94,99.94,97.93,97.93,98.27,98.54
C-OP850447,86.13,85.98,85.94,85.94,85.94,85.98,93.89,94.55,94.24,94.24,94.27,94.27,94.33,94.30,94.30,94.21,94.24,94.09,93.99,93.72,93.81,93.65,93.65,93.02,94.33,94.50,94.52,94.49,94.49,94.49,94.52,93.90,94.30,94.15,94.18,93.62,93.68,93.53,93.56,93.62,93.68,93.72,93.59,93.65,93.72,93.56,93.75,93.72,93.72,93.87,93.78,93.48,93.90,93.84,93.84,93.90,93.81,93.87,93.87,94.02,94.24,94.24,94.21,94.09,94.15,93.63,93.59,93.68,93.81,93.75,93.75,93.75,93.62,93.62,93.62,93.56,93.62,93.75,93.72,93.65,93.78,93.84,93.84,93.84,93.90,93.84,93.81,93.87,93.87,93.84,93.78,93.78,93.75,93.76,93.56,93.78,93.81,93.68,93.65,93.78,93.78,93.78,93.93,93.84,94.18,94.30,93.96,94.43,94.27,94.43,95.45,97.28,97.21,96.97,96.93,96.93,97.30,97.51,97.86,97.24,97.49,97.28,97.31,97.09,98.30,98.08,98.30,98.30,99.07,99.23,99.57,99.91,,99.91,99.91,99.91,97.89,97.89,98.24,98.51
C-OP850449,86.10,85.94,85.91,85.91,85.91,85.94,93.99,94.58,94.33,94.33,94.37,94.37,94.43,94.40,94.40,94.30,94.33,94.18,94.09,93.81,93.90,93.75,93.75,93.11,94.43,94.60,94.61,94.58,94.58,94.58,94.61,93.99,94.40,94.24,94.27,93.72,93.78,93.62,93.65,93.72,93.78,93.81,93.68,93.75,93.81,93.65,93.84,93.81,93.81,93.96,93.87,93.58,93.99,93.93,93.93,93.99,93.90,93.96,93.96,94.12,94.33,94.33,94.30,94.18,94.24,93.66,93.62,93.72,93.84,93.78,93.78,93.78,93.72,93.72,93.72,93.65,93.72,93.84,93.81,93.75,93.87,93.93,93.93,93.93,93.99,93.93,93.90,93.96,93.96,93.93,93.87,93.87,93.84,93.79,93.59,93.81,93.84,93.72,93.68,93.81,93.81,93.81,93.96,93.87,94.27,94.40,94.06,94.52,94.37,94.52,95.42,97.24,97.24,97.00,96.97,96.97,97.33,97.54,97.89,97.28,97.52,97.31,97.34,97.12,98.39,98.11,98.33,98.33,99.10,99.26,99.60,99.94,99.91,,99.94,99.94,97.93,97.93,98.27,98.54
C-OP850446,86.10,85.94,85.91,85.91,85.91,85.94,93.95,94.58,94.27,94.27,94.30,94.30,94.37,94.33,94.33,94.24,94.27,94.12,94.02,93.75,93.84,93.68,93.68,93.05,94.37,94.54,94.55,94.52,94.52,94.52,94.55,93.93,94.33,94.18,94.21,93.65,93.72,93.56,93.59,93.65,93.72,93.75,93.62,93.68,93.75,93.59,93.78,93.75,93.75,93.90,93.81,93.51,93.93,93.87,93.87,93.93,93.84,93.90,93.90,94.06,94.27,94.27,94.24,94.12,94.18,93.63,93.59,93.68,93.81,93.75,93.75,93.75,93.65,93.65,93.65,93.59,93.65,93.78,93.75,93.68,93.81,93.87,93.87,93.87,93.93,93.87,93.84,93.90,93.90,93.87,93.81,93.81,93.78,93.76,93.56,93.78,93.81,93.68,93.65,93.78,93.78,93.78,93.90,93.81,94.21,94.33,93.99,94.46,94.30,94.46,95.42,97.24,97.24,97.00,96.97,96.97,97.33,97.54,97.89,97.28,97.52,97.31,97.34,97.12,98.33,98.11,98.33,98.33,99.10,99.26,99.60,99.94,99.91,99.94,,99.94,97.93,97.93,98.27,98.54
C-OP850444,86.16,85.94,85.91,85.91,85.91,85.94,93.92,94.58,94.27,94.27,94.30,94.30,94.37,94.33,94.40,94.24,94.27,94.12,94.02,93.75,93.84,93.68,93.68,93.11,94.37,94.54,94.55,94.52,94.52,94.52,94.55,93.93,94.33,94.24,94.27,93.65,93.72,93.56,93.59,93.65,93.72,93.75,93.62,93.68,93.75,93.59,93.78,93.75,93.75,93.90,93.81,93.51,93.93,93.87,93.87,93.93,93.84,93.90,93.90,94.06,94.27,94.27,94.24,94.12,94.18,93.60,93.56,93.65,93.78,93.72,93.72,93.72,93.65,93.65,93.65,93.59,93.65,93.78,93.75,93.68,93.81,93.87,93.87,93.87,93.93,93.87,93.84,93.90,93.90,93.87,93.81,93.81,93.78,93.73,93.53,93.75,93.78,93.65,93.62,93.75,93.75,93.75,93.90,93.81,94.21,94.33,93.99,94.46,94.30,94.46,95.42,97.24,97.24,97.00,96.97,96.97,97.33,97.54,97.89,97.28,97.52,97.31,97.34,97.12,98.33,98.11,98.33,98.33,99.10,99.26,99.60,99.94,99.91,99.94,99.94,,97.99,97.99,98.27,98.54
C-KF716356,86.19,86.16,86.13,86.13,86.13,86.16,94.15,94.74,94.49,94.49,94.52,94.52,94.58,94.55,94.61,94.52,94.49,94.30,94.15,93.78,93.93,93.78,93.78,93.28,94.46,94.63,94.58,94.61,94.61,94.61,94.58,93.99,94.43,94.33,94.37,94.02,94.15,93.93,93.96,94.02,94.09,94.12,93.99,94.06,94.12,94.02,94.15,94.12,94.12,94.12,94.02,93.89,94.24,94.24,94.18,94.30,94.15,94.21,94.21,94.30,94.58,94.58,94.55,94.43,94.49,93.72,93.75,93.78,93.90,93.84,93.90,93.84,94.02,93.96,93.99,93.93,93.99,94.02,93.99,93.99,94.18,94.18,94.18,94.18,94.24,94.18,94.15,94.15,94.15,94.18,94.12,94.12,94.09,94.04,94.02,93.93,93.90,93.93,93.90,94.06,94.06,94.06,94.21,94.12,94.46,94.52,94.12,94.58,94.55,94.77,95.57,97.83,97.80,97.49,97.46,97.46,97.73,98.10,98.45,97.71,97.96,97.68,97.71,97.46,98.24,98.14,98.30,98.30,98.11,98.39,98.08,97.93,97.89,97.93,97.93,97.99,,99.75,98.42,98.70
C-KF716349,86.19,86.25,86.22,86.22,86.22,86.25,94.19,94.74,94.49,94.49,94.52,94.52,94.58,94.55,94.61,94.52,94.49,94.30,94.15,93.78,93.87,93.81,93.81,93.21,94.46,94.63,94.58,94.61,94.61,94.61,94.58,93.99,94.43,94.33,94.37,94.09,94.21,93.99,94.02,94.09,94.15,94.18,94.06,94.12,94.18,94.09,94.21,94.18,94.18,94.18,94.09,93.95,94.37,94.37,94.24,94.37,94.21,94.27,94.27,94.37,94.64,94.64,94.61,94.49,94.55,93.78,93.81,93.84,93.96,93.90,93.96,93.90,94.02,94.02,94.06,93.99,94.06,94.09,94.06,94.06,94.24,94.24,94.24,94.24,94.30,94.24,94.21,94.21,94.21,94.24,94.18,94.18,94.15,94.10,94.09,93.99,93.96,93.99,93.96,94.12,94.12,94.12,94.27,94.18,94.52,94.52,94.18,94.64,94.67,94.83,95.57,97.83,97.80,97.49,97.46,97.46,97.73,98.11,98.45,97.77,97.96,97.68,97.71,97.46,98.24,98.14,98.30,98.30,98.11,98.39,98.08,97.93,97.89,97.93,97.93,97.99,99.75,,98.42,98.70
C-KU248405,85.98,85.91,85.88,85.88,85.88,85.91,94.15,94.83,94.55,94.55,94.58,94.58,94.64,94.61,94.61,94.55,94.52,94.40,94.30,93.87,93.96,93.93,93.93,93.21,94.55,94.78,94.71,94.74,94.74,94.74,94.71,94.12,94.52,94.37,94.40,94.06,94.12,93.96,93.99,94.06,94.12,94.15,94.02,94.09,94.15,93.99,94.18,94.15,94.15,94.21,94.12,93.92,94.27,94.27,94.27,94.33,94.24,94.30,94.30,94.40,94.67,94.67,94.64,94.52,94.58,93.82,93.78,93.87,93.99,93.93,93.99,93.93,94.06,94.06,94.06,93.99,94.06,94.12,94.09,94.09,94.27,94.27,94.27,94.27,94.33,94.27,94.24,94.24,94.24,94.27,94.21,94.21,94.18,94.13,93.93,94.09,94.06,94.02,93.99,94.15,94.15,94.15,94.30,94.21,94.55,94.61,94.33,94.80,94.71,94.92,95.73,97.65,97.65,97.34,97.31,97.31,97.70,98.00,98.36,97.65,97.96,97.68,97.71,97.55,98.58,98.42,98.58,98.58,98.36,98.73,98.42,98.27,98.24,98.27,98.27,98.27,98.42,98.42,,99.10
C-KU248394,86.16,86.25,86.22,86.22,86.22,86.25,94.52,95.23,94.92,94.92,94.95,94.95,95.02,94.98,94.98,94.95,94.92,94.80,94.71,94.27,94.37,94.21,94.21,93.57,94.95,95.19,95.14,95.17,95.17,95.17,95.14,94.49,94.92,94.77,94.80,94.33,94.40,94.24,94.27,94.33,94.40,94.43,94.30,94.37,94.43,94.27,94.46,94.43,94.43,94.49,94.40,94.16,94.61,94.61,94.55,94.61,94.52,94.58,94.58,94.74,95.02,95.02,94.98,94.80,94.86,94.00,93.99,94.09,94.21,94.15,94.21,94.15,94.27,94.27,94.21,94.21,94.27,94.27,94.24,94.30,94.49,94.49,94.49,94.49,94.55,94.49,94.46,94.46,94.46,94.49,94.43,94.43,94.40,94.35,94.15,94.30,94.27,94.24,94.21,94.37,94.37,94.37,94.52,94.43,94.83,94.95,94.67,95.14,95.05,95.26,96.13,97.93,97.93,97.62,97.59,97.59,97.95,98.28,98.64,97.89,98.20,97.93,97.96,97.89,98.85,98.70,98.85,98.85,98.64,99.01,98.70,98.54,98.51,98.54,98.54,98.54,98.70,98.70,99.10,
