,A-KF716361,A-KJ940064,A-KJ940058,A-KJ940055,A-MN479188,A-MN479176,A-MN479175,A-MN479184,A-MN479129,B-OP850460,B-OP850461,B-OP850459,B-OP850462,B-OP850457,B-MH569753,B-PX212401,B-PX212403,B-LC514471,B-MF997036,B-KU550270,B-KU550268,B-KU870408,B-KU870386,B-LC260261,B-MH704721,B-LC514493,B-LC228305,B-MH569749,B-LC514482,B-MH704720,B-KU550269,B-MZ546116,B-KU550272,B-KX880418,B-KU550271,B-PX212480,B-MT723918,B-MT732499,B-LC386066,B-LC086803,B-KJ919480,B-LC086792,B-LC086781,B-MT410496,B-LC086737,B-LC169952,B-LC169941,B-LC169963,B-LC066662,B-LC066651,B-LC066640,B-KC443456,B-KC443201,B-KC443368,B-KC443223,B-KJ639024,B-KJ639013,B-LC260255,B-KX880429,B-LC469438,B-LC260257,B-LC325464,B-LC228327,B-LC541986,B-LC228316,B-MG599522,B-MG599521,B-MG670666,B-MG670657,B-MG670674,B-MG670670,B-AB975675,B-AB975703,B-LC751378,B-LC751348,B-AB848008,B-AB975673,B-KY616886,B-AB975704,B-KU059789,B-LC086726,B-LC086715,B-KU059778,B-KU059767,A-KC443346,A-HQ657139,A-MG181888,A-MG181767,A-LC105570,A-KJ752162,A-LC514515,A-LC514504,A-MH166407,A-PX212463,A-OP717189,A-OP717186,A-LC569112,A-LC228371,A-LC228349,A-LC228338,A-LC569140,A-LC569157,A-LC477480,A-PX212465,A-KU356575,A-HQ641356,A-KC178772,A-KC178778,A-KC443764,A-KC443324,A-KC443632,A-KC442975,A-KC442964,A-KJ940061,A-KF716369,A-KF716364,A-KU248395,A-KU248406,A-KU199271,A-KC443008,A-KR705202,A-MN479265,A-PP861649,A-PP861659,A-OP850455,A-LC105581,A-MG181657,A-MW715607,A-MG670668,A-MG670673,A-MG670671,A-PX212500,A-KJ919414,A-KC443357,A-KC834708,A-LC169985,A-LC169974,A-PP861661,A-PP861715,A-OP850456
A-KF716361,,98.81,98.96,99.11,99.04,99.08,99.00,99.00,99.04,97.69,97.69,97.88,97.80,97.80,98.15,97.76,98.02,98.03,98.34,98.27,98.27,98.27,98.23,98.34,98.23,98.11,98.15,98.27,98.15,98.34,98.23,98.39,98.27,98.34,98.30,97.79,97.96,98.07,98.07,98.15,98.46,98.30,98.23,98.23,98.42,98.38,98.38,98.42,98.42,98.46,98.42,98.42,98.42,98.54,98.54,98.30,98.34,98.19,98.23,98.38,98.34,98.38,98.42,98.38,98.42,98.54,98.55,98.46,98.46,98.42,98.42,98.53,98.53,98.50,98.54,98.50,98.56,98.61,98.60,98.30,98.50,98.50,98.42,98.54,97.42,97.42,96.76,96.72,96.99,96.69,97.30,97.26,97.11,97.38,98.07,98.00,97.84,97.84,97.88,97.88,97.84,97.84,97.84,97.19,97.96,97.96,97.84,98.05,98.00,98.00,97.96,97.92,97.88,97.73,97.80,97.84,97.69,98.03,97.96,97.96,98.38,97.61,97.53,97.53,97.57,97.88,97.65,97.50,97.61,97.65,97.69,98.30,98.69,98.69,99.00,99.27,99.31,99.15,99.19,99.19
A-KJ940064,98.81,,99.39,99.54,99.46,99.50,99.42,99.42,99.46,97.71,97.75,97.90,97.83,97.83,98.13,97.79,98.04,98.05,98.34,98.36,98.36,98.36,98.32,98.36,98.24,98.13,98.17,98.28,98.17,98.36,98.24,98.44,98.28,98.35,98.32,97.70,97.98,98.05,98.05,98.13,98.34,98.28,98.21,98.13,98.40,98.32,98.36,98.40,98.40,98.44,98.40,98.31,98.31,98.50,98.50,98.27,98.31,98.24,98.27,98.36,98.32,98.42,98.39,98.36,98.40,98.50,98.52,98.38,98.42,98.30,98.38,98.49,98.49,98.47,98.50,98.46,98.53,98.57,98.56,98.36,98.47,98.47,98.47,98.51,97.43,97.48,96.64,96.60,96.88,96.58,97.18,97.18,97.06,97.29,98.09,98.02,97.86,97.86,97.90,97.90,97.85,97.86,97.84,97.21,97.86,97.86,97.83,97.99,97.93,97.93,97.89,97.93,97.81,97.75,97.73,97.76,97.63,97.98,97.90,97.89,98.34,97.57,97.52,97.60,97.56,97.84,97.63,97.41,97.50,97.53,97.57,98.44,98.81,98.81,98.63,98.32,98.36,98.36,98.40,98.40
A-KJ940058,98.96,99.39,,99.77,99.69,99.73,99.65,99.65,99.69,97.94,97.94,98.13,98.05,98.05,98.36,98.02,98.26,98.28,98.57,98.51,98.51,98.51,98.47,98.59,98.47,98.36,98.40,98.51,98.40,98.59,98.47,98.65,98.51,98.58,98.55,97.93,98.05,98.21,98.21,98.36,98.57,98.51,98.44,98.28,98.55,98.47,98.51,98.55,98.55,98.59,98.55,98.62,98.62,98.73,98.73,98.50,98.54,98.40,98.43,98.59,98.55,98.58,98.55,98.51,98.55,98.73,98.71,98.54,98.57,98.46,98.54,98.64,98.64,98.62,98.65,98.62,98.68,98.73,98.72,98.51,98.63,98.63,98.63,98.66,97.58,97.63,96.80,96.76,97.04,96.74,97.37,97.37,97.25,97.56,98.28,98.21,98.05,98.05,98.09,98.09,98.04,98.05,98.03,97.33,98.02,98.02,97.94,98.11,98.12,98.12,98.08,97.97,97.93,97.86,97.76,97.80,97.75,98.09,98.02,97.97,98.50,97.73,97.67,97.75,97.71,97.92,97.86,97.60,97.65,97.69,97.73,98.59,98.96,98.96,98.86,98.55,98.59,98.44,98.47,98.47
A-KJ940055,99.11,99.54,99.77,,99.85,99.88,99.81,99.81,99.85,98.09,98.09,98.28,98.21,98.21,98.51,98.17,98.42,98.44,98.73,98.66,98.66,98.66,98.63,98.74,98.63,98.51,98.55,98.66,98.55,98.74,98.63,98.70,98.66,98.73,98.70,98.08,98.21,98.36,98.36,98.51,98.73,98.66,98.59,98.44,98.70,98.63,98.66,98.70,98.70,98.74,98.70,98.69,98.69,98.89,98.89,98.65,98.69,98.55,98.58,98.74,98.70,98.73,98.70,98.66,98.70,98.88,98.86,98.69,98.73,98.61,98.69,98.80,98.80,98.77,98.81,98.77,98.84,98.88,98.87,98.59,98.78,98.78,98.70,98.82,97.74,97.79,96.95,96.91,97.19,96.89,97.44,97.44,97.33,97.63,98.36,98.28,98.13,98.13,98.17,98.17,98.12,98.13,98.11,97.48,98.17,98.17,98.09,98.26,98.20,98.20,98.16,98.12,98.08,98.02,97.92,97.96,97.90,98.24,98.17,98.12,98.65,97.88,97.83,97.90,97.86,98.08,97.94,97.71,97.80,97.84,97.88,98.74,99.11,99.12,99.01,98.70,98.74,98.59,98.63,98.63
A-MN479188,99.04,99.46,99.69,99.85,,99.96,99.88,99.88,99.92,98.00,98.00,98.19,98.11,98.11,98.46,98.07,98.32,98.34,98.65,98.57,98.57,98.57,98.54,98.65,98.54,98.42,98.46,98.57,98.46,98.65,98.54,98.65,98.57,98.65,98.61,97.99,98.11,98.27,98.27,98.42,98.65,98.57,98.50,98.34,98.61,98.57,98.57,98.61,98.61,98.65,98.61,98.61,98.61,98.81,98.81,98.57,98.61,98.46,98.50,98.65,98.61,98.65,98.61,98.57,98.61,98.81,98.79,98.61,98.65,98.54,98.61,98.72,98.72,98.69,98.73,98.69,98.76,98.81,98.80,98.50,98.69,98.69,98.61,98.73,97.65,97.69,96.88,96.84,97.19,96.80,97.42,97.38,97.26,97.57,98.30,98.23,98.07,98.07,98.11,98.11,98.07,98.07,98.07,97.46,98.07,98.07,98.07,98.16,98.11,98.11,98.07,98.03,98.00,97.92,97.84,97.88,97.80,98.15,98.07,98.03,98.57,97.88,97.73,97.80,97.76,98.00,97.84,97.61,97.73,97.76,97.80,98.73,99.11,99.11,98.92,98.61,98.65,98.50,98.54,98.54
A-MN479176,99.08,99.50,99.73,99.88,99.96,,99.92,99.92,99.96,98.03,98.03,98.23,98.15,98.15,98.50,98.11,98.36,98.38,98.69,98.61,98.61,98.61,98.57,98.69,98.57,98.46,98.50,98.61,98.50,98.69,98.57,98.70,98.61,98.69,98.65,98.03,98.15,98.30,98.30,98.46,98.69,98.61,98.54,98.38,98.65,98.61,98.61,98.65,98.65,98.69,98.65,98.65,98.65,98.84,98.84,98.61,98.65,98.50,98.54,98.69,98.65,98.69,98.65,98.61,98.65,98.84,98.82,98.65,98.69,98.57,98.65,98.76,98.76,98.73,98.77,98.73,98.80,98.84,98.84,98.54,98.73,98.73,98.65,98.77,97.69,97.73,96.92,96.88,97.23,96.84,97.46,97.42,97.30,97.61,98.34,98.27,98.11,98.11,98.15,98.15,98.11,98.11,98.11,97.50,98.11,98.11,98.11,98.20,98.15,98.15,98.11,98.07,98.03,97.96,97.88,97.92,97.84,98.19,98.11,98.07,98.61,97.92,97.76,97.84,97.80,98.03,97.88,97.65,97.76,97.80,97.84,98.77,99.15,99.15,98.96,98.65,98.69,98.54,98.57,98.57
A-MN479175,99.00,99.42,99.65,99.81,99.88,99.92,,99.92,99.96,98.03,98.03,98.23,98.15,98.15,98.50,98.11,98.36,98.38,98.69,98.61,98.61,98.61,98.57,98.69,98.57,98.46,98.50,98.61,98.50,98.69,98.57,98.75,98.61,98.69,98.65,98.03,98.15,98.30,98.30,98.46,98.69,98.61,98.54,98.38,98.65,98.61,98.61,98.65,98.65,98.69,98.65,98.65,98.65,98.84,98.84,98.61,98.65,98.50,98.54,98.69,98.65,98.69,98.65,98.61,98.65,98.84,98.82,98.65,98.69,98.57,98.65,98.76,98.76,98.73,98.77,98.73,98.80,98.84,98.84,98.54,98.73,98.73,98.65,98.77,97.61,97.65,96.92,96.88,97.15,96.76,97.38,97.34,97.23,97.53,98.27,98.19,98.03,98.03,98.07,98.07,98.03,98.03,98.03,97.42,98.03,98.03,98.03,98.12,98.07,98.07,98.03,98.00,97.96,97.88,97.80,97.84,97.76,98.11,98.03,98.00,98.53,97.84,97.69,97.76,97.73,97.96,97.80,97.65,97.76,97.80,97.84,98.69,99.08,99.08,98.88,98.57,98.61,98.46,98.50,98.50
A-MN479184,99.00,99.42,99.65,99.81,99.88,99.92,99.92,,99.96,98.03,98.03,98.23,98.15,98.15,98.50,98.11,98.36,98.38,98.69,98.61,98.61,98.61,98.57,98.69,98.57,98.46,98.50,98.61,98.50,98.69,98.57,98.70,98.61,98.69,98.65,98.03,98.15,98.30,98.30,98.46,98.69,98.61,98.54,98.38,98.65,98.61,98.61,98.65,98.65,98.69,98.65,98.65,98.65,98.84,98.84,98.61,98.65,98.50,98.54,98.69,98.65,98.69,98.65,98.61,98.65,98.84,98.82,98.65,98.69,98.57,98.65,98.76,98.76,98.73,98.77,98.73,98.80,98.84,98.84,98.54,98.73,98.73,98.65,98.77,97.61,97.65,96.92,96.88,97.15,96.76,97.38,97.34,97.23,97.53,98.27,98.19,98.03,98.03,98.07,98.07,98.03,98.03,98.03,97.42,98.03,98.03,98.03,98.12,98.07,98.07,98.03,98.00,97.96,97.88,97.80,97.84,97.76,98.11,98.03,98.00,98.53,97.84,97.69,97.76,97.73,97.96,97.80,97.65,97.76,97.80,97.84,98.69,99.08,99.08,98.88,98.57,98.61,98.46,98.50,98.50
A-MN479129,99.04,99.46,99.69,99.85,99.92,99.96,99.96,99.96,,98.07,98.07,98.27,98.19,98.19,98.54,98.15,98.40,98.42,98.73,98.65,98.65,98.65,98.61,98.73,98.61,98.49,98.54,98.65,98.54,98.73,98.61,98.75,98.65,98.73,98.69,98.06,98.19,98.34,98.34,98.50,98.73,98.65,98.57,98.42,98.69,98.65,98.65,98.69,98.69,98.73,98.69,98.69,98.69,98.88,98.88,98.65,98.69,98.54,98.57,98.73,98.69,98.73,98.69,98.65,98.69,98.88,98.86,98.69,98.73,98.61,98.69,98.80,98.80,98.77,98.81,98.77,98.84,98.88,98.87,98.57,98.77,98.77,98.69,98.81,97.65,97.69,96.96,96.92,97.19,96.80,97.42,97.38,97.26,97.57,98.30,98.23,98.07,98.07,98.11,98.11,98.07,98.07,98.07,97.46,98.07,98.07,98.07,98.16,98.11,98.11,98.07,98.03,98.00,97.92,97.84,97.88,97.80,98.15,98.07,98.03,98.57,97.88,97.73,97.80,97.76,98.00,97.84,97.69,97.80,97.84,97.88,98.73,99.11,99.11,98.92,98.61,98.65,98.50,98.54,98.54
B-OP850460,97.69,97.71,97.94,98.09,98.00,98.03,98.03,98.03,98.07,,99.70,99.73,99.81,99.81,98.82,99.24,98.95,99.35,99.11,99.12,99.12,99.12,99.09,99.12,99.09,99.43,99.01,99.16,99.39,99.20,99.24,99.43,99.28,99.35,99.31,97.97,98.25,98.40,98.40,98.40,98.57,98.55,98.55,98.55,98.82,98.74,98.78,98.82,98.82,98.86,98.82,98.58,98.58,98.62,98.62,98.62,98.65,98.67,98.70,98.86,98.82,98.69,98.81,98.78,98.82,99.08,99.06,98.81,98.84,98.73,98.81,98.95,98.91,98.89,98.92,98.89,98.95,99.00,98.99,98.78,98.89,98.89,98.82,98.93,96.58,96.68,95.88,95.88,95.96,95.59,96.04,96.04,95.92,96.38,96.95,96.87,96.71,96.80,96.76,96.76,96.70,96.72,96.69,96.45,97.14,97.14,97.06,97.31,97.16,97.16,97.12,97.08,96.97,96.95,96.88,96.92,96.87,97.22,97.14,96.97,97.30,96.53,96.49,96.53,96.53,96.81,96.61,96.45,96.53,96.57,96.61,97.48,97.65,97.66,97.52,97.22,97.26,97.33,97.37,97.37
B-OP850461,97.69,97.75,97.94,98.09,98.00,98.03,98.03,98.03,98.07,99.70,,99.73,99.81,99.81,98.82,99.24,98.95,99.35,99.11,99.12,99.12,99.12,99.09,99.12,99.09,99.43,99.01,99.16,99.39,99.20,99.24,99.38,99.28,99.35,99.31,97.97,98.25,98.40,98.40,98.40,98.57,98.55,98.55,98.55,98.82,98.74,98.78,98.82,98.82,98.86,98.82,98.58,98.58,98.62,98.62,98.62,98.65,98.59,98.62,98.86,98.82,98.69,98.81,98.78,98.82,99.08,99.06,98.81,98.84,98.73,98.81,98.95,98.91,98.89,98.92,98.89,98.95,99.00,98.99,98.78,98.89,98.89,98.82,98.93,96.58,96.68,95.88,95.88,95.96,95.59,96.04,96.04,95.92,96.30,96.95,96.87,96.71,96.80,96.76,96.76,96.70,96.72,96.69,96.30,96.99,96.99,96.91,97.15,97.01,97.01,96.97,96.93,96.81,96.80,96.72,96.76,96.72,97.06,96.99,96.97,97.30,96.53,96.49,96.53,96.53,96.81,96.61,96.45,96.53,96.57,96.61,97.52,97.69,97.70,97.52,97.22,97.26,97.37,97.41,97.41
B-OP850459,97.88,97.90,98.13,98.28,98.19,98.23,98.23,98.23,98.27,99.73,99.73,,99.85,99.85,98.93,99.35,99.07,99.47,99.23,99.24,99.24,99.24,99.20,99.24,99.20,99.54,99.12,99.28,99.50,99.31,99.35,99.53,99.39,99.46,99.43,98.16,98.44,98.59,98.59,98.59,98.77,98.74,98.74,98.74,99.01,98.93,98.97,99.01,99.01,99.05,99.01,98.77,98.77,98.81,98.81,98.89,98.92,98.78,98.81,99.05,99.01,98.88,99.01,98.97,99.01,99.27,99.25,99.00,99.04,98.92,99.00,99.15,99.11,99.08,99.12,99.08,99.15,99.19,99.19,98.97,99.09,99.09,99.01,99.12,96.78,96.80,96.00,96.00,96.07,95.70,96.23,96.23,96.11,96.49,97.14,97.06,96.90,96.99,96.95,96.95,96.89,96.91,96.88,96.49,97.18,97.18,97.10,97.34,97.20,97.20,97.16,97.12,97.01,96.99,96.92,96.96,96.91,97.26,97.18,97.16,97.49,96.72,96.68,96.72,96.72,97.00,96.80,96.65,96.72,96.76,96.80,97.67,97.84,97.85,97.71,97.41,97.45,97.52,97.56,97.56
B-OP850462,97.80,97.83,98.05,98.21,98.11,98.15,98.15,98.15,98.19,99.81,99.81,99.85,,99.92,98.93,99.35,99.07,99.47,99.23,99.24,99.24,99.24,99.20,99.24,99.20,99.54,99.12,99.28,99.50,99.31,99.35,99.53,99.39,99.46,99.43,98.08,98.36,98.51,98.51,98.51,98.69,98.67,98.67,98.67,98.93,98.86,98.89,98.93,98.93,98.97,98.93,98.69,98.69,98.73,98.73,98.73,98.77,98.70,98.73,98.97,98.93,98.81,98.93,98.89,98.93,99.19,99.17,98.92,98.96,98.84,98.92,99.07,99.03,99.00,99.04,99.00,99.07,99.11,99.11,98.89,99.01,99.01,98.93,99.05,96.70,96.80,96.00,96.00,96.07,95.70,96.15,96.15,96.04,96.42,97.06,96.99,96.82,96.91,96.87,96.87,96.81,96.83,96.80,96.42,97.10,97.10,97.03,97.27,97.12,97.12,97.08,97.04,96.93,96.91,96.84,96.88,96.84,97.18,97.10,97.08,97.42,96.65,96.61,96.65,96.65,96.92,96.72,96.57,96.65,96.69,96.72,97.60,97.76,97.77,97.64,97.33,97.37,97.45,97.48,97.48
B-OP850457,97.80,97.83,98.05,98.21,98.11,98.15,98.15,98.15,98.19,99.81,99.81,99.85,99.92,,98.93,99.35,99.07,99.47,99.23,99.24,99.24,99.24,99.20,99.24,99.20,99.54,99.12,99.28,99.50,99.31,99.35,99.53,99.39,99.46,99.43,98.08,98.36,98.51,98.51,98.51,98.69,98.67,98.67,98.67,98.93,98.86,98.89,98.93,98.93,98.97,98.93,98.69,98.69,98.73,98.73,98.73,98.77,98.70,98.73,98.97,98.93,98.81,98.93,98.89,98.93,99.19,99.17,98.92,98.96,98.84,98.92,99.07,99.03,99.00,99.04,99.00,99.07,99.11,99.11,98.89,99.01,99.01,98.93,99.05,96.70,96.80,96.00,96.00,96.07,95.70,96.15,96.15,96.04,96.42,97.06,96.99,96.82,96.91,96.87,96.87,96.81,96.83,96.80,96.42,97.10,97.10,97.03,97.27,97.12,97.12,97.08,97.04,96.93,96.91,96.84,96.88,96.84,97.18,97.10,97.08,97.42,96.65,96.61,96.65,96.65,96.92,96.72,96.57,96.65,96.69,96.72,97.60,97.76,97.77,97.64,97.33,97.37,97.45,97.48,97.48
B-MH569753,98.15,98.13,98.36,98.51,98.46,98.50,98.50,98.50,98.54,98.82,98.82,98.93,98.93,98.93,,98.89,99.14,99.16,99.46,99.39,99.39,99.39,99.35,99.43,99.35,99.24,99.28,99.39,99.28,99.47,99.35,99.32,99.39,99.54,99.43,98.27,98.63,98.82,98.82,98.78,99.04,98.93,98.93,98.93,99.20,99.12,99.20,99.20,99.28,99.31,99.28,99.04,99.04,99.08,99.08,99.08,99.12,98.97,99.08,99.24,99.20,99.15,99.23,99.16,99.20,99.54,99.44,99.27,99.31,99.19,99.27,99.38,99.38,99.35,99.38,99.35,99.42,99.46,99.46,99.09,99.28,99.28,99.20,99.31,96.81,96.99,96.11,96.15,96.34,96.05,96.42,96.42,96.30,96.70,97.41,97.33,97.21,97.26,97.22,97.22,97.23,97.21,97.23,96.68,97.45,97.45,97.37,97.46,97.47,97.47,97.43,97.39,97.35,97.18,97.19,97.23,97.10,97.45,97.37,97.39,97.76,96.92,96.80,96.84,96.84,97.11,96.99,96.84,96.99,97.03,97.07,97.71,98.11,98.12,97.90,97.60,97.64,97.64,97.67,97.67
B-PX212401,97.76,97.79,98.02,98.17,98.07,98.11,98.11,98.11,98.15,99.24,99.24,99.35,99.35,99.35,98.89,,99.58,99.35,99.19,99.20,99.20,99.20,99.16,99.20,99.16,99.50,99.09,99.24,99.47,99.28,99.31,99.66,99.35,99.42,99.39,98.52,98.32,98.47,98.47,98.48,98.65,98.63,98.55,98.65,98.89,98.82,98.86,98.89,98.89,98.93,98.89,98.66,98.66,98.69,98.69,98.69,98.73,98.67,98.70,98.93,98.89,98.77,98.89,98.86,98.89,99.15,99.13,98.88,98.92,98.81,98.88,99.03,98.99,98.96,99.00,98.96,99.03,99.08,99.07,98.86,98.97,98.97,98.89,99.01,96.58,96.68,95.88,95.88,96.04,95.70,96.13,96.13,96.02,96.85,97.06,96.99,96.79,96.87,96.84,96.84,96.77,96.80,96.76,96.85,97.10,97.10,96.99,97.23,97.08,97.08,97.04,97.01,96.89,96.87,96.80,96.84,96.80,97.14,97.06,97.04,97.38,96.53,96.49,96.53,96.53,96.81,96.61,96.45,96.53,96.57,96.61,97.98,97.75,97.75,97.60,97.29,97.33,97.33,97.37,97.37
B-PX212403,98.02,98.04,98.26,98.42,98.32,98.36,98.36,98.36,98.40,98.95,98.95,99.07,99.07,99.07,99.14,99.58,,99.29,99.44,99.45,99.45,99.45,99.41,99.45,99.41,99.37,99.33,99.45,99.41,99.52,99.41,99.66,99.45,99.52,99.49,98.77,98.57,98.80,98.80,98.72,98.90,98.87,98.80,98.89,99.14,99.07,99.10,99.14,99.14,99.18,99.14,98.91,98.91,98.94,98.94,98.94,98.98,98.91,98.94,99.18,99.14,99.02,99.14,99.10,99.14,99.40,99.38,99.13,99.17,99.06,99.13,99.28,99.24,99.21,99.25,99.21,99.28,99.33,99.32,99.03,99.22,99.22,99.14,99.26,96.68,96.85,96.05,96.05,96.21,95.83,96.28,96.28,96.17,97.10,97.27,97.20,97.04,97.12,97.08,97.08,97.02,97.04,97.01,97.10,97.35,97.35,97.24,97.48,97.33,97.33,97.29,97.26,97.14,97.12,97.05,97.09,97.05,97.39,97.31,97.33,97.63,96.78,96.74,96.78,96.78,96.98,96.85,96.70,96.78,96.82,96.86,98.28,98.05,98.06,97.92,97.54,97.58,97.58,97.62,97.62
B-LC514471,98.03,98.05,98.28,98.44,98.34,98.38,98.38,98.38,98.42,99.35,99.35,99.47,99.47,99.47,99.16,99.35,99.29,,99.46,99.47,99.47,99.47,99.43,99.47,99.43,99.69,99.35,99.50,99.73,99.54,99.58,99.69,99.62,99.69,99.66,98.31,98.59,98.74,98.74,98.74,98.92,98.89,98.82,98.89,99.16,99.09,99.12,99.16,99.16,99.20,99.16,98.93,98.93,98.96,98.96,98.96,99.00,98.93,98.96,99.20,99.16,99.04,99.16,99.12,99.16,99.42,99.40,99.15,99.19,99.08,99.15,99.30,99.26,99.23,99.27,99.23,99.30,99.34,99.34,99.20,99.24,99.24,99.16,99.28,96.70,96.91,96.11,96.11,96.27,95.89,96.30,96.30,96.19,96.65,97.29,97.22,97.05,97.14,97.10,97.10,97.04,97.06,97.03,96.65,97.33,97.33,97.26,97.50,97.35,97.35,97.31,97.27,97.16,97.14,97.07,97.11,97.06,97.41,97.33,97.31,97.65,96.80,96.76,96.80,96.80,97.07,96.87,96.72,96.80,96.84,96.88,97.75,98.00,98.00,97.87,97.56,97.60,97.60,97.64,97.64
B-MF997036,98.34,98.34,98.57,98.73,98.65,98.69,98.69,98.69,98.73,99.11,99.11,99.23,99.23,99.23,99.46,99.19,99.44,99.46,,99.85,99.85,99.85,99.81,99.69,99.65,99.54,99.58,99.69,99.58,99.77,99.65,99.64,99.69,99.77,99.73,98.53,98.81,98.96,98.96,98.96,99.15,99.11,99.04,99.11,99.38,99.34,99.34,99.38,99.38,99.42,99.38,99.15,99.15,99.19,99.19,99.27,99.31,99.15,99.19,99.42,99.46,99.27,99.38,99.34,99.38,99.65,99.63,99.38,99.42,99.31,99.38,99.53,99.50,99.46,99.50,99.46,99.53,99.58,99.57,99.27,99.46,99.46,99.38,99.50,97.07,97.07,96.38,96.38,96.53,96.15,96.61,96.57,96.45,96.80,97.57,97.50,97.34,97.42,97.38,97.38,97.34,97.34,97.34,96.80,97.61,97.61,97.53,97.70,97.65,97.65,97.61,97.57,97.46,97.42,97.38,97.42,97.34,97.69,97.61,97.50,97.96,97.11,97.11,97.15,97.15,97.30,97.15,96.99,97.11,97.15,97.19,97.92,98.30,98.30,98.23,97.84,97.88,97.88,97.92,97.92
B-KU550270,98.27,98.36,98.51,98.66,98.57,98.61,98.61,98.61,98.65,99.12,99.12,99.24,99.24,99.24,99.39,99.20,99.45,99.47,99.85,,100.00,100.00,99.96,99.69,99.66,99.54,99.58,99.70,99.58,99.77,99.66,99.64,99.70,99.77,99.73,98.54,98.82,98.97,98.97,98.97,99.15,99.12,99.05,99.12,99.39,99.31,99.35,99.39,99.39,99.43,99.39,99.16,99.16,99.19,99.19,99.27,99.31,99.16,99.19,99.43,99.47,99.27,99.39,99.35,99.39,99.65,99.63,99.38,99.42,99.31,99.38,99.53,99.50,99.46,99.50,99.46,99.53,99.58,99.57,99.28,99.47,99.47,99.39,99.50,97.01,97.10,96.30,96.30,96.46,96.08,96.53,96.53,96.42,96.80,97.52,97.45,97.28,97.37,97.33,97.33,97.27,97.29,97.26,96.80,97.56,97.56,97.48,97.65,97.58,97.58,97.54,97.50,97.47,97.44,97.38,97.42,97.37,97.71,97.64,97.50,97.88,97.03,97.06,97.10,97.10,97.23,97.10,96.95,97.03,97.07,97.11,97.90,98.23,98.23,98.17,97.79,97.83,97.83,97.87,97.87
B-KU550268,98.27,98.36,98.51,98.66,98.57,98.61,98.61,98.61,98.65,99.12,99.12,99.24,99.24,99.24,99.39,99.20,99.45,99.47,99.85,100.00,,100.00,99.96,99.69,99.66,99.54,99.58,99.70,99.58,99.77,99.66,99.64,99.70,99.77,99.73,98.54,98.82,98.97,98.97,98.97,99.15,99.12,99.05,99.12,99.39,99.31,99.35,99.39,99.39,99.43,99.39,99.16,99.16,99.19,99.19,99.27,99.31,99.16,99.19,99.43,99.47,99.27,99.39,99.35,99.39,99.65,99.63,99.38,99.42,99.31,99.38,99.53,99.50,99.46,99.50,99.46,99.53,99.58,99.57,99.28,99.47,99.47,99.39,99.50,97.01,97.10,96.30,96.30,96.46,96.08,96.53,96.53,96.42,96.80,97.52,97.45,97.28,97.37,97.33,97.33,97.27,97.29,97.26,96.80,97.56,97.56,97.48,97.65,97.58,97.58,97.54,97.50,97.47,97.44,97.38,97.42,97.37,97.71,97.64,97.50,97.88,97.03,97.06,97.10,97.10,97.23,97.10,96.95,97.03,97.07,97.11,97.90,98.23,98.23,98.17,97.79,97.83,97.83,97.87,97.87
B-KU870408,98.27,98.36,98.51,98.66,98.57,98.61,98.61,98.61,98.65,99.12,99.12,99.24,99.24,99.24,99.39,99.20,99.45,99.47,99.85,100.00,100.00,,99.96,99.69,99.66,99.54,99.58,99.70,99.58,99.77,99.66,99.64,99.70,99.77,99.73,98.54,98.82,98.97,98.97,98.97,99.15,99.12,99.05,99.12,99.39,99.31,99.35,99.39,99.39,99.43,99.39,99.16,99.16,99.19,99.19,99.27,99.31,99.16,99.19,99.43,99.47,99.27,99.39,99.35,99.39,99.65,99.63,99.38,99.42,99.31,99.38,99.53,99.50,99.46,99.50,99.46,99.53,99.58,99.57,99.28,99.47,99.47,99.39,99.50,97.01,97.10,96.30,96.30,96.46,96.08,96.53,96.53,96.42,96.80,97.52,97.45,97.28,97.37,97.33,97.33,97.27,97.29,97.26,96.80,97.56,97.56,97.48,97.65,97.58,97.58,97.54,97.50,97.47,97.44,97.38,97.42,97.37,97.71,97.64,97.50,97.88,97.03,97.06,97.10,97.10,97.23,97.10,96.95,97.03,97.07,97.11,97.90,98.23,98.23,98.17,97.79,97.83,97.83,97.87,97.87
B-KU870386,98.23,98.32,98.47,98.63,98.54,98.57,98.57,98.57,98.61,99.09,99.09,99.20,99.20,99.20,99.35,99.16,99.41,99.43,99.81,99.96,99.96,99.96,,99.66,99.62,99.50,99.54,99.66,99.54,99.73,99.62,99.58,99.66,99.73,99.70,98.50,98.78,98.93,98.93,98.93,99.11,99.08,99.01,99.16,99.35,99.28,99.31,99.35,99.35,99.39,99.35,99.12,99.12,99.16,99.16,99.23,99.27,99.12,99.16,99.39,99.43,99.23,99.35,99.31,99.35,99.61,99.60,99.34,99.38,99.27,99.34,99.50,99.46,99.42,99.46,99.42,99.50,99.54,99.53,99.24,99.43,99.43,99.35,99.47,96.97,97.06,96.26,96.26,96.42,96.05,96.49,96.49,96.38,96.76,97.48,97.41,97.25,97.33,97.29,97.29,97.23,97.25,97.23,96.84,97.52,97.52,97.45,97.61,97.54,97.54,97.50,97.47,97.43,97.41,97.34,97.38,97.33,97.67,97.60,97.47,97.84,96.99,97.03,97.06,97.06,97.19,97.06,96.91,96.99,97.03,97.07,97.87,98.19,98.20,98.13,97.75,97.79,97.79,97.83,97.83
B-LC260261,98.34,98.36,98.59,98.74,98.65,98.69,98.69,98.69,98.73,99.12,99.12,99.24,99.24,99.24,99.43,99.20,99.45,99.47,99.69,99.69,99.69,99.69,99.66,,99.73,99.54,99.58,99.69,99.58,99.77,99.66,99.69,99.69,99.77,99.73,98.54,98.89,99.05,99.05,99.05,99.23,99.20,99.12,99.20,99.47,99.39,99.43,99.47,99.47,99.50,99.47,99.23,99.23,99.27,99.27,99.27,99.31,99.24,99.27,99.50,99.47,99.35,99.46,99.43,99.47,99.65,99.71,99.46,99.50,99.38,99.46,99.61,99.57,99.54,99.58,99.54,99.61,99.65,99.65,99.35,99.54,99.54,99.47,99.58,97.08,97.18,96.30,96.30,96.54,96.16,96.60,96.60,96.49,96.87,97.60,97.52,97.36,97.44,97.40,97.40,97.35,97.37,97.34,96.95,97.63,97.63,97.63,97.72,97.74,97.74,97.70,97.58,97.47,97.44,97.38,97.42,97.37,97.71,97.63,97.66,97.96,97.11,97.06,97.10,97.10,97.31,97.18,97.02,97.11,97.15,97.19,97.98,98.30,98.31,98.17,97.86,97.90,97.90,97.94,97.94
B-MH704721,98.23,98.24,98.47,98.63,98.54,98.57,98.57,98.57,98.61,99.09,99.09,99.20,99.20,99.20,99.35,99.16,99.41,99.43,99.65,99.66,99.66,99.66,99.62,99.73,,99.50,99.54,99.66,99.54,99.73,99.62,99.58,99.66,99.73,99.70,98.43,98.78,98.93,98.93,98.93,99.11,99.08,99.01,99.09,99.35,99.28,99.31,99.35,99.35,99.39,99.35,99.12,99.12,99.16,99.16,99.15,99.19,99.12,99.16,99.39,99.35,99.23,99.35,99.31,99.35,99.61,99.60,99.34,99.38,99.27,99.34,99.50,99.46,99.42,99.46,99.42,99.50,99.54,99.53,99.24,99.43,99.43,99.35,99.47,96.97,97.06,96.26,96.26,96.42,96.05,96.49,96.49,96.38,96.76,97.48,97.41,97.25,97.33,97.29,97.29,97.23,97.25,97.23,96.84,97.52,97.52,97.52,97.61,97.62,97.62,97.58,97.47,97.43,97.33,97.26,97.30,97.33,97.67,97.60,97.54,97.92,97.07,97.03,97.06,97.06,97.19,97.06,96.91,96.99,97.03,97.07,97.87,98.19,98.20,98.13,97.75,97.79,97.79,97.83,97.83
B-LC514493,98.11,98.13,98.36,98.51,98.42,98.46,98.46,98.46,98.49,99.43,99.43,99.54,99.54,99.54,99.24,99.50,99.37,99.69,99.54,99.54,99.54,99.54,99.50,99.54,99.50,,99.43,99.58,99.81,99.62,99.66,99.74,99.69,99.77,99.73,98.39,98.66,98.81,98.81,98.82,99.00,98.97,98.89,98.97,99.24,99.16,99.20,99.24,99.24,99.27,99.24,99.00,99.00,99.04,99.04,99.04,99.08,99.01,99.04,99.27,99.24,99.11,99.23,99.20,99.24,99.50,99.48,99.23,99.27,99.15,99.23,99.38,99.34,99.31,99.34,99.31,99.38,99.42,99.42,99.20,99.31,99.31,99.24,99.35,96.77,96.98,96.22,96.22,96.37,96.00,96.45,96.45,96.33,96.79,97.44,97.36,97.20,97.29,97.25,97.25,97.19,97.21,97.18,96.71,97.40,97.40,97.33,97.64,97.42,97.42,97.38,97.35,97.23,97.21,97.14,97.18,97.13,97.48,97.40,97.38,97.72,96.87,96.83,96.87,96.87,97.15,96.94,96.79,96.87,96.91,96.95,97.82,98.07,98.08,97.94,97.63,97.67,97.67,97.71,97.71
B-LC228305,98.15,98.17,98.40,98.55,98.46,98.50,98.50,98.50,98.54,99.01,99.01,99.12,99.12,99.12,99.28,99.09,99.33,99.35,99.58,99.58,99.58,99.58,99.54,99.58,99.54,99.43,,99.58,99.47,99.81,99.54,99.53,99.58,99.65,99.62,98.35,98.70,98.85,98.85,98.93,99.04,99.01,98.93,99.01,99.28,99.20,99.24,99.28,99.28,99.31,99.28,99.04,99.04,99.08,99.08,99.08,99.12,99.12,99.16,99.31,99.28,99.23,99.27,99.24,99.28,99.54,99.52,99.27,99.31,99.19,99.27,99.42,99.38,99.35,99.38,99.35,99.42,99.46,99.46,99.24,99.35,99.35,99.28,99.39,96.81,96.99,96.19,96.26,96.34,95.97,96.42,96.42,96.34,96.68,97.41,97.33,97.17,97.26,97.22,97.22,97.16,97.18,97.15,96.68,97.45,97.45,97.37,97.53,97.47,97.47,97.43,97.39,97.27,97.25,97.19,97.23,97.18,97.52,97.45,97.39,97.76,96.92,96.87,96.91,96.91,97.11,96.99,96.84,96.92,96.96,96.99,97.79,98.11,98.12,97.98,97.67,97.71,97.71,97.75,97.75
B-MH569749,98.27,98.28,98.51,98.66,98.57,98.61,98.61,98.61,98.65,99.16,99.16,99.28,99.28,99.28,99.39,99.24,99.45,99.50,99.69,99.70,99.70,99.70,99.66,99.69,99.66,99.58,99.58,,99.62,99.77,99.70,99.69,99.73,99.81,99.77,98.47,98.82,98.97,98.97,98.97,99.15,99.12,99.05,99.12,99.39,99.31,99.35,99.39,99.39,99.43,99.39,99.16,99.16,99.19,99.19,99.19,99.23,99.16,99.19,99.50,99.39,99.27,99.39,99.35,99.39,99.65,99.63,99.38,99.42,99.31,99.38,99.53,99.50,99.46,99.50,99.46,99.53,99.58,99.57,99.31,99.47,99.47,99.39,99.50,96.93,97.10,96.30,96.30,96.46,96.08,96.53,96.53,96.42,96.80,97.52,97.45,97.28,97.37,97.33,97.33,97.27,97.29,97.26,96.80,97.56,97.56,97.48,97.65,97.58,97.58,97.54,97.50,97.39,97.37,97.30,97.34,97.29,97.64,97.56,97.58,97.88,97.19,97.06,97.10,97.10,97.31,97.18,97.10,97.19,97.23,97.26,97.90,98.23,98.23,98.09,97.79,97.83,97.90,97.94,97.94
B-LC514482,98.15,98.17,98.40,98.55,98.46,98.50,98.50,98.50,98.54,99.39,99.39,99.50,99.50,99.50,99.28,99.47,99.41,99.73,99.58,99.58,99.58,99.58,99.54,99.58,99.54,99.81,99.47,99.62,,99.66,99.69,99.79,99.73,99.81,99.77,98.43,98.70,98.85,98.85,98.86,99.04,99.01,98.93,99.01,99.28,99.20,99.24,99.28,99.28,99.31,99.28,99.04,99.04,99.08,99.08,99.08,99.12,99.05,99.08,99.31,99.28,99.15,99.27,99.24,99.28,99.54,99.52,99.27,99.31,99.19,99.27,99.42,99.38,99.35,99.38,99.35,99.42,99.46,99.46,99.24,99.35,99.35,99.28,99.39,96.81,96.99,96.26,96.26,96.34,95.97,96.41,96.41,96.30,96.76,97.41,97.33,97.17,97.25,97.22,97.22,97.16,97.18,97.15,96.76,97.44,97.44,97.37,97.61,97.47,97.47,97.43,97.39,97.27,97.25,97.19,97.23,97.18,97.52,97.44,97.43,97.76,96.92,96.87,96.91,96.91,97.19,96.99,96.83,96.92,96.96,96.99,97.86,98.11,98.12,97.98,97.67,97.71,97.71,97.75,97.75
B-MH704720,98.34,98.36,98.59,98.74,98.65,98.69,98.69,98.69,98.73,99.20,99.20,99.31,99.31,99.31,99.47,99.28,99.52,99.54,99.77,99.77,99.77,99.77,99.73,99.77,99.73,99.62,99.81,99.77,99.66,,99.73,99.69,99.77,99.85,99.81,98.54,98.89,99.05,99.05,99.05,99.23,99.20,99.12,99.20,99.47,99.39,99.43,99.47,99.47,99.50,99.47,99.23,99.23,99.27,99.27,99.27,99.31,99.24,99.27,99.50,99.47,99.42,99.46,99.43,99.47,99.73,99.71,99.46,99.50,99.38,99.46,99.61,99.57,99.54,99.58,99.54,99.61,99.65,99.65,99.43,99.54,99.54,99.47,99.58,97.01,97.18,96.38,96.45,96.54,96.16,96.61,96.61,96.49,96.87,97.60,97.52,97.36,97.45,97.41,97.41,97.35,97.37,97.34,96.87,97.64,97.64,97.56,97.73,97.66,97.66,97.62,97.58,97.47,97.44,97.38,97.42,97.37,97.71,97.64,97.58,97.96,97.11,97.06,97.10,97.10,97.31,97.18,97.03,97.11,97.15,97.19,97.98,98.30,98.31,98.17,97.87,97.90,97.90,97.94,97.94
B-KU550269,98.23,98.24,98.47,98.63,98.54,98.57,98.57,98.57,98.61,99.24,99.24,99.35,99.35,99.35,99.35,99.31,99.41,99.58,99.65,99.66,99.66,99.66,99.62,99.66,99.62,99.66,99.54,99.70,99.69,99.73,,99.74,99.81,99.88,99.85,98.43,98.86,99.01,99.01,98.93,99.11,99.08,99.01,99.16,99.43,99.35,99.39,99.43,99.43,99.47,99.43,99.12,99.12,99.16,99.16,99.15,99.19,99.12,99.16,99.39,99.35,99.23,99.35,99.31,99.35,99.61,99.60,99.34,99.38,99.27,99.34,99.50,99.46,99.42,99.46,99.42,99.50,99.54,99.53,99.31,99.43,99.43,99.35,99.47,96.97,97.14,96.26,96.26,96.50,96.20,96.57,96.57,96.45,96.84,97.56,97.48,97.32,97.41,97.37,97.37,97.31,97.33,97.30,96.84,97.60,97.60,97.52,97.69,97.62,97.62,97.58,97.54,97.43,97.41,97.34,97.38,97.33,97.67,97.60,97.58,97.92,97.07,97.03,97.06,97.06,97.34,97.14,96.99,97.07,97.11,97.15,97.87,98.19,98.20,98.06,97.75,97.79,97.79,97.83,97.83
B-MZ546116,98.39,98.44,98.65,98.70,98.65,98.70,98.75,98.70,98.75,99.43,99.38,99.53,99.53,99.53,99.32,99.66,99.66,99.69,99.64,99.64,99.64,99.64,99.58,99.69,99.58,99.74,99.53,99.69,99.79,99.69,99.74,,99.79,99.90,99.84,98.58,98.70,98.86,98.86,98.86,99.12,99.01,98.91,98.91,99.27,99.17,99.17,99.27,99.27,99.27,99.22,99.12,99.17,99.12,99.12,99.06,99.12,99.12,99.17,99.43,99.43,99.17,99.27,99.27,99.27,99.53,99.56,99.22,99.32,99.22,99.27,99.42,99.37,99.32,99.38,99.32,99.42,99.48,99.47,99.27,99.38,99.38,99.22,99.38,97.09,97.19,96.46,96.46,96.72,95.94,96.41,96.41,96.20,97.09,97.40,97.35,97.24,97.35,97.29,97.29,97.24,97.24,97.29,97.09,97.40,97.40,97.61,97.61,97.55,97.55,97.50,97.40,97.29,97.35,97.29,97.35,97.61,97.61,97.50,97.50,97.81,96.88,96.83,96.88,96.88,97.45,97.09,96.77,96.83,96.88,96.93,98.05,98.13,98.13,98.23,97.87,97.92,97.87,97.92,97.92
B-KU550272,98.27,98.28,98.51,98.66,98.57,98.61,98.61,98.61,98.65,99.28,99.28,99.39,99.39,99.39,99.39,99.35,99.45,99.62,99.69,99.70,99.70,99.70,99.66,99.69,99.66,99.69,99.58,99.73,99.73,99.77,99.81,99.79,,99.92,99.89,98.47,98.82,98.97,98.97,98.97,99.15,99.12,99.05,99.12,99.39,99.31,99.35,99.39,99.39,99.43,99.39,99.16,99.16,99.19,99.19,99.19,99.23,99.16,99.19,99.43,99.39,99.27,99.39,99.35,99.39,99.65,99.63,99.38,99.42,99.31,99.38,99.53,99.50,99.46,99.50,99.46,99.53,99.58,99.57,99.35,99.47,99.47,99.39,99.50,96.93,97.18,96.38,96.38,96.54,96.16,96.53,96.53,96.49,96.80,97.52,97.45,97.28,97.37,97.33,97.33,97.27,97.29,97.26,96.80,97.56,97.56,97.48,97.65,97.58,97.58,97.54,97.50,97.39,97.37,97.30,97.34,97.29,97.64,97.56,97.54,97.88,97.03,96.99,97.03,97.03,97.31,97.18,97.03,97.11,97.15,97.19,97.90,98.23,98.23,98.09,97.79,97.83,97.83,97.87,97.87
B-KX880418,98.34,98.35,98.58,98.73,98.65,98.69,98.69,98.69,98.73,99.35,99.35,99.46,99.46,99.46,99.54,99.42,99.52,99.69,99.77,99.77,99.77,99.77,99.73,99.77,99.73,99.77,99.65,99.81,99.81,99.85,99.88,99.90,99.92,,99.96,98.53,98.89,99.04,99.04,99.04,99.23,99.19,99.12,99.19,99.46,99.42,99.42,99.46,99.46,99.50,99.46,99.23,99.23,99.27,99.27,99.27,99.31,99.23,99.27,99.50,99.46,99.35,99.46,99.42,99.46,99.73,99.71,99.46,99.50,99.38,99.46,99.61,99.57,99.54,99.58,99.54,99.61,99.65,99.65,99.42,99.54,99.54,99.46,99.58,97.01,97.16,96.39,96.39,96.54,96.16,96.62,96.58,96.47,96.85,97.58,97.50,97.35,97.43,97.39,97.39,97.35,97.35,97.34,96.85,97.62,97.62,97.54,97.71,97.66,97.66,97.62,97.58,97.47,97.43,97.38,97.42,97.35,97.70,97.62,97.62,97.96,97.11,97.04,97.08,97.08,97.38,97.16,97.01,97.11,97.15,97.19,97.97,98.30,98.31,98.16,97.85,97.89,97.89,97.93,97.93
B-KU550271,98.30,98.32,98.55,98.70,98.61,98.65,98.65,98.65,98.69,99.31,99.31,99.43,99.43,99.43,99.43,99.39,99.49,99.66,99.73,99.73,99.73,99.73,99.70,99.73,99.70,99.73,99.62,99.77,99.77,99.81,99.85,99.84,99.89,99.96,,98.50,98.86,99.01,99.01,99.01,99.19,99.16,99.09,99.16,99.43,99.35,99.39,99.43,99.43,99.47,99.43,99.19,99.19,99.23,99.23,99.23,99.27,99.20,99.23,99.47,99.43,99.31,99.43,99.39,99.43,99.69,99.67,99.42,99.46,99.34,99.42,99.57,99.53,99.50,99.54,99.50,99.57,99.61,99.61,99.39,99.50,99.50,99.43,99.54,96.97,97.14,96.34,96.34,96.50,96.12,96.57,96.57,96.45,96.84,97.56,97.48,97.32,97.41,97.37,97.37,97.31,97.33,97.30,96.84,97.60,97.60,97.52,97.69,97.62,97.62,97.58,97.54,97.43,97.41,97.34,97.38,97.33,97.67,97.60,97.58,97.92,97.07,97.03,97.06,97.06,97.34,97.14,96.99,97.07,97.11,97.15,97.94,98.27,98.27,98.13,97.83,97.87,97.87,97.90,97.90
B-PX212480,97.79,97.70,97.93,98.08,97.99,98.03,98.03,98.03,98.06,97.97,97.97,98.16,98.08,98.08,98.27,98.52,98.77,98.31,98.53,98.54,98.54,98.54,98.50,98.54,98.43,98.39,98.35,98.47,98.43,98.54,98.43,98.58,98.47,98.53,98.50,,98.05,98.16,98.16,99.11,99.18,99.27,99.19,98.33,98.54,98.47,98.50,98.54,98.54,98.58,98.54,98.53,98.53,98.65,98.65,98.49,98.53,98.31,98.34,98.58,98.62,98.41,98.54,98.50,98.54,98.72,98.70,98.60,98.64,98.53,98.60,98.63,98.63,98.61,98.64,98.61,98.67,98.72,98.71,98.43,98.62,98.62,98.54,98.66,96.50,96.56,95.61,95.57,95.83,95.54,96.29,96.29,96.18,96.96,97.05,96.98,96.89,96.98,96.94,96.94,96.88,96.90,96.87,96.65,97.05,97.05,96.86,97.11,96.96,96.96,96.92,96.88,96.77,96.71,96.68,96.71,96.67,97.02,96.94,96.96,97.33,96.48,96.56,96.52,96.56,96.68,96.71,96.56,96.64,96.68,96.71,97.80,97.64,97.65,97.70,97.40,97.44,97.36,97.40,97.40
B-MT723918,97.96,97.98,98.05,98.21,98.11,98.15,98.15,98.15,98.19,98.25,98.25,98.44,98.36,98.36,98.63,98.32,98.57,98.59,98.81,98.82,98.82,98.82,98.78,98.89,98.78,98.66,98.70,98.82,98.70,98.89,98.86,98.70,98.82,98.89,98.86,98.05,,99.62,99.62,98.48,98.65,98.63,98.55,99.01,99.28,99.20,99.24,99.28,99.28,99.31,99.28,98.73,98.73,98.69,98.69,98.69,98.73,98.82,98.77,98.93,98.89,98.85,99.04,99.01,99.05,99.08,99.10,98.96,99.00,98.88,98.96,99.07,99.07,99.04,99.08,99.04,99.11,99.15,99.15,98.86,99.05,99.05,99.05,99.09,96.81,96.76,95.81,95.77,96.19,95.74,96.30,96.30,96.19,96.65,97.29,97.22,97.13,97.22,97.18,97.18,97.12,97.14,97.11,96.68,97.33,97.33,97.29,97.42,97.35,97.35,97.31,97.27,97.16,97.10,97.15,97.19,97.06,97.41,97.33,97.31,97.61,96.76,96.80,96.80,96.84,97.04,96.84,96.76,96.76,96.80,96.84,97.45,97.76,97.77,97.67,97.37,97.41,97.48,97.52,97.52
B-MT732499,98.07,98.05,98.21,98.36,98.27,98.30,98.30,98.30,98.34,98.40,98.40,98.59,98.51,98.51,98.82,98.47,98.80,98.74,98.96,98.97,98.97,98.97,98.93,99.05,98.93,98.81,98.85,98.97,98.85,99.05,99.01,98.86,98.97,99.04,99.01,98.16,99.62,,100.00,98.63,98.81,98.78,98.70,99.16,99.47,99.35,99.39,99.43,99.43,99.47,99.43,98.89,98.89,98.85,98.85,98.85,98.89,98.97,98.93,99.08,99.05,99.00,99.20,99.16,99.20,99.23,99.25,99.11,99.15,99.04,99.11,99.22,99.22,99.19,99.23,99.19,99.26,99.31,99.30,99.01,99.20,99.20,99.12,99.24,96.89,96.91,95.95,95.92,96.34,95.89,96.34,96.34,96.22,96.68,97.33,97.25,97.17,97.25,97.21,97.21,97.16,97.25,97.15,96.68,97.37,97.37,97.29,97.46,97.39,97.39,97.35,97.31,97.20,97.14,97.19,97.23,97.10,97.44,97.37,97.39,97.69,96.84,96.79,96.79,96.83,97.11,96.91,96.83,96.84,96.88,96.92,97.60,97.92,97.93,97.90,97.52,97.56,97.63,97.67,97.67
B-LC386066,98.07,98.05,98.21,98.36,98.27,98.30,98.30,98.30,98.34,98.40,98.40,98.59,98.51,98.51,98.82,98.47,98.80,98.74,98.96,98.97,98.97,98.97,98.93,99.05,98.93,98.81,98.85,98.97,98.85,99.05,99.01,98.86,98.97,99.04,99.01,98.16,99.62,100.00,,98.63,98.81,98.78,98.70,99.16,99.47,99.35,99.39,99.43,99.43,99.47,99.43,98.89,98.89,98.85,98.85,98.85,98.89,98.97,98.93,99.08,99.05,99.00,99.20,99.16,99.20,99.23,99.25,99.11,99.15,99.04,99.11,99.22,99.22,99.19,99.23,99.19,99.26,99.31,99.30,99.01,99.20,99.20,99.12,99.24,96.89,96.91,95.95,95.91,96.34,95.89,96.33,96.33,96.22,96.68,97.33,97.25,97.17,97.25,97.21,97.21,97.16,97.25,97.15,96.68,97.37,97.37,97.29,97.45,97.39,97.39,97.35,97.31,97.20,97.14,97.19,97.23,97.10,97.44,97.37,97.39,97.69,96.84,96.79,96.79,96.83,97.11,96.91,96.83,96.84,96.88,96.92,97.59,97.92,97.93,97.90,97.52,97.56,97.63,97.67,97.67
B-LC086803,98.15,98.13,98.36,98.51,98.42,98.46,98.46,98.46,98.50,98.40,98.40,98.59,98.51,98.51,98.78,98.48,98.72,98.74,98.96,98.97,98.97,98.97,98.93,99.05,98.93,98.82,98.93,98.97,98.86,99.05,98.93,98.86,98.97,99.04,99.01,99.11,98.48,98.63,98.63,,99.65,99.77,99.70,98.82,99.05,98.97,99.01,99.05,99.05,99.09,99.05,99.04,99.04,99.16,99.16,98.92,98.96,98.82,98.85,99.09,99.05,98.92,99.04,99.01,99.05,99.23,99.21,99.04,99.08,98.96,99.04,99.15,99.15,99.12,99.15,99.12,99.19,99.23,99.22,99.01,99.12,99.12,99.12,99.24,96.93,96.91,96.04,96.00,96.27,96.05,96.49,96.49,96.53,96.76,97.48,97.41,97.40,97.48,97.45,97.45,97.39,97.41,97.38,96.61,97.45,97.45,97.29,97.46,97.39,97.39,97.35,97.31,97.20,97.14,97.11,97.15,97.10,97.45,97.37,97.39,97.76,96.99,96.99,96.95,96.99,97.11,97.14,96.99,97.07,97.11,97.15,97.75,98.07,98.08,97.98,97.75,97.79,97.79,97.83,97.83
B-KJ919480,98.46,98.34,98.57,98.73,98.65,98.69,98.69,98.69,98.73,98.57,98.57,98.77,98.69,98.69,99.04,98.65,98.90,98.92,99.15,99.15,99.15,99.15,99.11,99.23,99.11,99.00,99.04,99.15,99.04,99.23,99.11,99.12,99.15,99.23,99.19,99.18,98.65,98.81,98.81,99.65,,99.81,99.73,99.04,99.23,99.19,99.19,99.23,99.23,99.27,99.23,99.23,99.23,99.34,99.34,99.11,99.15,99.00,99.04,99.27,99.23,99.11,99.23,99.19,99.23,99.42,99.40,99.23,99.27,99.15,99.23,99.34,99.34,99.31,99.34,99.31,99.38,99.42,99.42,99.11,99.31,99.31,99.23,99.34,97.07,97.11,96.26,96.22,96.49,96.18,96.72,96.69,96.57,96.88,97.61,97.53,97.46,97.53,97.50,97.50,97.46,97.46,97.46,96.80,97.65,97.65,97.50,97.66,97.61,97.61,97.57,97.53,97.42,97.34,97.34,97.38,97.30,97.65,97.57,97.61,97.99,97.15,97.07,97.07,97.11,97.34,97.26,97.11,97.23,97.26,97.30,97.96,98.30,98.30,98.27,98.03,98.07,98.00,98.03,98.03
B-LC086792,98.30,98.28,98.51,98.66,98.57,98.61,98.61,98.61,98.65,98.55,98.55,98.74,98.67,98.67,98.93,98.63,98.87,98.89,99.11,99.12,99.12,99.12,99.08,99.20,99.08,98.97,99.01,99.12,99.01,99.20,99.08,99.01,99.12,99.19,99.16,99.27,98.63,98.78,98.78,99.77,99.81,,99.85,98.97,99.20,99.12,99.16,99.20,99.20,99.24,99.20,99.19,99.19,99.31,99.31,99.08,99.12,98.97,99.00,99.24,99.20,99.08,99.20,99.16,99.20,99.38,99.36,99.19,99.23,99.11,99.19,99.30,99.30,99.27,99.31,99.27,99.34,99.38,99.38,99.08,99.28,99.28,99.20,99.31,97.01,97.06,96.19,96.15,96.42,96.12,96.64,96.64,96.53,96.83,97.56,97.48,97.40,97.48,97.44,97.44,97.39,97.41,97.38,96.76,97.60,97.60,97.44,97.61,97.54,97.54,97.50,97.47,97.35,97.29,97.26,97.30,97.25,97.60,97.52,97.54,97.92,97.07,97.06,97.03,97.06,97.27,97.29,97.14,97.23,97.26,97.30,97.90,98.23,98.23,98.13,97.90,97.94,97.86,97.90,97.90
B-LC086781,98.23,98.21,98.44,98.59,98.50,98.54,98.54,98.54,98.57,98.55,98.55,98.74,98.67,98.67,98.93,98.55,98.80,98.82,99.04,99.05,99.05,99.05,99.01,99.12,99.01,98.89,98.93,99.05,98.93,99.12,99.01,98.91,99.05,99.12,99.09,99.19,98.55,98.70,98.70,99.70,99.73,99.85,,98.89,99.12,99.05,99.08,99.12,99.12,99.16,99.12,99.12,99.12,99.23,99.23,99.00,99.04,98.89,98.93,99.16,99.12,99.00,99.12,99.09,99.12,99.31,99.29,99.11,99.15,99.04,99.11,99.22,99.22,99.19,99.23,99.19,99.26,99.31,99.30,99.01,99.20,99.20,99.12,99.24,97.01,97.06,96.11,96.07,96.34,96.05,96.57,96.57,96.45,96.76,97.48,97.41,97.32,97.41,97.37,97.37,97.31,97.33,97.30,96.68,97.52,97.52,97.45,97.53,97.47,97.47,97.43,97.39,97.27,97.21,97.19,97.23,97.18,97.52,97.45,97.47,97.84,97.07,97.06,97.03,97.06,97.27,97.29,97.14,97.23,97.26,97.30,97.83,98.15,98.16,98.06,97.83,97.87,97.79,97.83,97.83
B-MT410496,98.23,98.13,98.28,98.44,98.34,98.38,98.38,98.38,98.42,98.55,98.55,98.74,98.67,98.67,98.93,98.65,98.89,98.89,99.11,99.12,99.12,99.12,99.16,99.20,99.09,98.97,99.01,99.12,99.01,99.20,99.16,98.91,99.12,99.19,99.16,98.33,99.01,99.16,99.16,98.82,99.04,98.97,98.89,,99.58,99.58,99.62,99.66,99.58,99.62,99.58,98.96,98.96,99.00,99.00,99.00,99.04,99.05,99.08,99.24,99.20,99.15,99.27,99.24,99.28,99.38,99.40,99.27,99.31,99.19,99.27,99.38,99.38,99.35,99.38,99.35,99.42,99.46,99.46,99.16,99.35,99.35,99.28,99.39,96.89,96.91,95.96,95.92,96.27,95.89,96.61,96.61,96.49,96.70,97.41,97.33,97.17,97.26,97.22,97.22,97.16,97.18,97.15,96.85,97.45,97.45,97.45,97.53,97.54,97.54,97.50,97.39,97.27,97.21,97.26,97.30,97.18,97.52,97.45,97.54,97.76,96.99,96.95,96.95,96.99,97.27,97.10,96.95,97.03,97.07,97.11,97.69,98.00,98.00,97.98,97.67,97.71,97.79,97.83,97.83
B-LC086737,98.42,98.40,98.55,98.70,98.61,98.65,98.65,98.65,98.69,98.82,98.82,99.01,98.93,98.93,99.20,98.89,99.14,99.16,99.38,99.39,99.39,99.39,99.35,99.47,99.35,99.24,99.28,99.39,99.28,99.47,99.43,99.27,99.39,99.46,99.43,98.54,99.28,99.47,99.47,99.05,99.23,99.20,99.12,99.58,,99.77,99.81,99.85,99.85,99.89,99.85,99.23,99.23,99.27,99.27,99.27,99.31,99.31,99.35,99.50,99.47,99.42,99.54,99.50,99.54,99.65,99.67,99.54,99.58,99.46,99.54,99.65,99.65,99.62,99.65,99.62,99.69,99.73,99.73,99.43,99.62,99.62,99.54,99.66,97.16,97.29,96.34,96.30,96.65,96.28,96.68,96.68,96.57,96.95,97.67,97.60,97.44,97.52,97.48,97.48,97.43,97.44,97.42,96.95,97.71,97.71,97.64,97.80,97.74,97.74,97.70,97.66,97.54,97.48,97.53,97.57,97.45,97.79,97.71,97.74,98.03,97.19,97.14,97.14,97.18,97.46,97.26,97.10,97.19,97.23,97.26,97.94,98.27,98.27,98.17,97.87,97.90,97.98,98.02,98.02
B-LC169952,98.38,98.32,98.47,98.63,98.57,98.61,98.61,98.61,98.65,98.74,98.74,98.93,98.86,98.86,99.12,98.82,99.07,99.09,99.34,99.31,99.31,99.31,99.28,99.39,99.28,99.16,99.20,99.31,99.20,99.39,99.35,99.17,99.31,99.42,99.35,98.47,99.20,99.35,99.35,98.97,99.19,99.12,99.05,99.58,99.77,,99.96,99.85,99.77,99.81,99.77,99.19,99.19,99.23,99.23,99.23,99.27,99.24,99.31,99.43,99.39,99.38,99.50,99.43,99.47,99.61,99.63,99.50,99.54,99.42,99.50,99.61,99.61,99.58,99.62,99.58,99.65,99.69,99.69,99.35,99.54,99.54,99.47,99.58,97.12,97.10,96.15,96.11,96.50,96.12,96.68,96.61,96.49,96.87,97.67,97.60,97.40,97.45,97.41,97.41,97.39,97.37,97.38,96.87,97.64,97.64,97.56,97.73,97.70,97.70,97.66,97.62,97.50,97.41,97.50,97.53,97.37,97.71,97.64,97.70,97.99,97.15,97.06,97.06,97.10,97.42,97.18,97.03,97.15,97.19,97.23,97.87,98.23,98.23,98.09,97.79,97.83,97.90,97.94,97.94
B-LC169941,98.38,98.36,98.51,98.66,98.57,98.61,98.61,98.61,98.65,98.78,98.78,98.97,98.89,98.89,99.20,98.86,99.10,99.12,99.34,99.35,99.35,99.35,99.31,99.43,99.31,99.20,99.24,99.35,99.24,99.43,99.39,99.17,99.35,99.42,99.39,98.50,99.24,99.39,99.39,99.01,99.19,99.16,99.08,99.62,99.81,99.96,,99.89,99.81,99.85,99.81,99.19,99.19,99.23,99.23,99.23,99.27,99.28,99.31,99.47,99.43,99.38,99.50,99.47,99.50,99.61,99.63,99.50,99.54,99.42,99.50,99.61,99.61,99.58,99.62,99.58,99.65,99.69,99.69,99.39,99.58,99.58,99.50,99.62,97.12,97.14,96.18,96.15,96.50,96.12,96.64,96.64,96.53,96.91,97.71,97.63,97.40,97.48,97.44,97.44,97.39,97.41,97.38,96.91,97.67,97.67,97.60,97.76,97.70,97.70,97.66,97.62,97.50,97.44,97.50,97.53,97.41,97.75,97.67,97.70,97.99,97.15,97.10,97.10,97.14,97.42,97.21,97.06,97.15,97.19,97.23,97.90,98.23,98.23,98.13,97.83,97.86,97.94,97.98,97.98
B-LC169963,98.42,98.40,98.55,98.70,98.61,98.65,98.65,98.65,98.69,98.82,98.82,99.01,98.93,98.93,99.20,98.89,99.14,99.16,99.38,99.39,99.39,99.39,99.35,99.47,99.35,99.24,99.28,99.39,99.28,99.47,99.43,99.27,99.39,99.46,99.43,98.54,99.28,99.43,99.43,99.05,99.23,99.20,99.12,99.66,99.85,99.85,99.89,,99.85,99.89,99.85,99.23,99.23,99.27,99.27,99.27,99.31,99.31,99.35,99.50,99.47,99.42,99.54,99.50,99.54,99.65,99.67,99.54,99.58,99.46,99.54,99.65,99.65,99.62,99.65,99.62,99.69,99.73,99.73,99.43,99.62,99.62,99.54,99.66,97.16,97.18,96.23,96.19,96.54,96.16,96.68,96.68,96.57,96.95,97.67,97.60,97.44,97.52,97.48,97.48,97.43,97.44,97.42,96.95,97.71,97.71,97.64,97.80,97.74,97.74,97.70,97.66,97.54,97.48,97.53,97.57,97.45,97.79,97.71,97.74,98.03,97.19,97.14,97.14,97.18,97.46,97.26,97.10,97.19,97.23,97.26,97.94,98.27,98.27,98.17,97.87,97.90,97.98,98.02,98.02
B-LC066662,98.42,98.40,98.55,98.70,98.61,98.65,98.65,98.65,98.69,98.82,98.82,99.01,98.93,98.93,99.28,98.89,99.14,99.16,99.38,99.39,99.39,99.39,99.35,99.47,99.35,99.24,99.28,99.39,99.28,99.47,99.43,99.27,99.39,99.46,99.43,98.54,99.28,99.43,99.43,99.05,99.23,99.20,99.12,99.58,99.85,99.77,99.81,99.85,,99.96,99.92,99.23,99.23,99.27,99.27,99.27,99.31,99.31,99.35,99.50,99.47,99.42,99.54,99.50,99.54,99.65,99.67,99.54,99.58,99.46,99.54,99.65,99.65,99.62,99.65,99.62,99.69,99.73,99.73,99.43,99.62,99.62,99.54,99.66,97.16,97.18,96.30,96.26,96.54,96.16,96.68,96.68,96.57,96.95,97.67,97.60,97.44,97.52,97.48,97.48,97.43,97.44,97.42,96.95,97.71,97.71,97.64,97.80,97.74,97.74,97.70,97.74,97.54,97.48,97.53,97.57,97.45,97.79,97.71,97.81,98.11,97.26,97.22,97.22,97.26,97.54,97.41,97.26,97.34,97.38,97.42,97.94,98.27,98.27,98.17,97.87,97.90,97.98,98.02,98.02
B-LC066651,98.46,98.44,98.59,98.74,98.65,98.69,98.69,98.69,98.73,98.86,98.86,99.05,98.97,98.97,99.31,98.93,99.18,99.20,99.42,99.43,99.43,99.43,99.39,99.50,99.39,99.27,99.31,99.43,99.31,99.50,99.47,99.27,99.43,99.50,99.47,98.58,99.31,99.47,99.47,99.09,99.27,99.24,99.16,99.62,99.89,99.81,99.85,99.89,99.96,,99.96,99.27,99.27,99.31,99.31,99.31,99.35,99.35,99.39,99.54,99.50,99.46,99.58,99.54,99.58,99.69,99.71,99.58,99.61,99.50,99.58,99.69,99.69,99.65,99.69,99.65,99.73,99.77,99.77,99.47,99.66,99.66,99.58,99.70,97.20,97.22,96.26,96.23,96.57,96.20,96.72,96.72,96.61,96.99,97.71,97.64,97.48,97.56,97.52,97.52,97.46,97.48,97.46,96.99,97.75,97.75,97.67,97.84,97.77,97.77,97.74,97.70,97.58,97.52,97.57,97.61,97.48,97.83,97.75,97.77,98.07,97.23,97.18,97.18,97.22,97.50,97.37,97.22,97.30,97.34,97.38,97.98,98.30,98.31,98.21,97.90,97.94,98.02,98.06,98.06
B-LC066640,98.42,98.40,98.55,98.70,98.61,98.65,98.65,98.65,98.69,98.82,98.82,99.01,98.93,98.93,99.28,98.89,99.14,99.16,99.38,99.39,99.39,99.39,99.35,99.47,99.35,99.24,99.28,99.39,99.28,99.47,99.43,99.22,99.39,99.46,99.43,98.54,99.28,99.43,99.43,99.05,99.23,99.20,99.12,99.58,99.85,99.77,99.81,99.85,99.92,99.96,,99.23,99.23,99.27,99.27,99.27,99.31,99.31,99.35,99.50,99.47,99.42,99.54,99.50,99.54,99.65,99.67,99.54,99.58,99.46,99.54,99.65,99.65,99.62,99.65,99.62,99.69,99.73,99.73,99.43,99.62,99.62,99.54,99.66,97.16,97.18,96.23,96.19,96.54,96.16,96.68,96.68,96.57,96.95,97.67,97.60,97.44,97.52,97.48,97.48,97.43,97.44,97.42,96.95,97.71,97.71,97.64,97.80,97.74,97.74,97.70,97.66,97.54,97.48,97.53,97.57,97.45,97.79,97.71,97.74,98.03,97.19,97.14,97.14,97.18,97.46,97.33,97.18,97.26,97.30,97.34,97.94,98.27,98.27,98.17,97.87,97.90,97.98,98.02,98.02
B-KC443456,98.42,98.31,98.62,98.69,98.61,98.65,98.65,98.65,98.69,98.58,98.58,98.77,98.69,98.69,99.04,98.66,98.91,98.93,99.15,99.16,99.16,99.16,99.12,99.23,99.12,99.00,99.04,99.16,99.04,99.23,99.12,99.12,99.16,99.23,99.19,98.53,98.73,98.89,98.89,99.04,99.23,99.19,99.12,98.96,99.23,99.19,99.19,99.23,99.23,99.27,99.23,,99.92,99.27,99.27,99.12,99.15,99.08,99.04,99.27,99.23,99.19,99.23,99.19,99.23,99.42,99.40,99.23,99.27,99.23,99.23,99.34,99.34,99.31,99.35,99.31,99.38,99.42,99.42,99.19,99.31,99.31,99.31,99.35,96.97,97.08,96.31,96.28,96.54,96.16,96.70,96.66,96.55,96.93,97.66,97.58,97.50,97.58,97.54,97.54,97.50,97.50,97.50,96.85,97.62,97.62,97.54,97.71,97.66,97.66,97.62,97.58,97.47,97.39,97.38,97.42,97.35,97.70,97.62,97.58,97.96,97.19,97.12,97.12,97.16,97.31,97.24,97.08,97.11,97.15,97.19,97.93,98.27,98.27,98.16,97.93,97.97,97.97,98.00,98.00
B-KC443201,98.42,98.31,98.62,98.69,98.61,98.65,98.65,98.65,98.69,98.58,98.58,98.77,98.69,98.69,99.04,98.66,98.91,98.93,99.15,99.16,99.16,99.16,99.12,99.23,99.12,99.00,99.04,99.16,99.04,99.23,99.12,99.17,99.16,99.23,99.19,98.53,98.73,98.89,98.89,99.04,99.23,99.19,99.12,98.96,99.23,99.19,99.19,99.23,99.23,99.27,99.23,99.92,,99.27,99.27,99.12,99.15,99.08,99.04,99.27,99.23,99.11,99.23,99.19,99.23,99.42,99.40,99.23,99.27,99.23,99.23,99.34,99.34,99.31,99.35,99.31,99.38,99.42,99.42,99.19,99.31,99.31,99.31,99.35,96.97,97.08,96.31,96.28,96.54,96.16,96.70,96.66,96.55,96.93,97.66,97.58,97.43,97.50,97.47,97.47,97.43,97.43,97.42,96.85,97.62,97.62,97.54,97.71,97.66,97.66,97.62,97.58,97.47,97.39,97.38,97.42,97.35,97.70,97.62,97.58,97.96,97.19,97.12,97.12,97.16,97.31,97.24,97.08,97.11,97.15,97.19,97.93,98.27,98.27,98.16,97.93,97.97,97.97,98.00,98.00
B-KC443368,98.54,98.50,98.73,98.89,98.81,98.84,98.84,98.84,98.88,98.62,98.62,98.81,98.73,98.73,99.08,98.69,98.94,98.96,99.19,99.19,99.19,99.19,99.16,99.27,99.16,99.04,99.08,99.19,99.08,99.27,99.16,99.12,99.19,99.27,99.23,98.65,98.69,98.85,98.85,99.16,99.34,99.31,99.23,99.00,99.27,99.23,99.23,99.27,99.27,99.31,99.27,99.27,99.27,,100.00,99.23,99.27,99.04,99.08,99.31,99.27,99.15,99.27,99.23,99.27,99.46,99.44,99.27,99.31,99.19,99.27,99.38,99.38,99.35,99.38,99.35,99.42,99.46,99.46,99.16,99.35,99.35,99.27,99.39,97.24,97.27,96.51,96.47,96.73,96.43,96.81,96.78,96.66,97.04,97.77,97.70,97.62,97.70,97.66,97.66,97.62,97.62,97.61,97.01,97.85,97.85,97.70,97.86,97.81,97.81,97.77,97.66,97.62,97.54,97.53,97.57,97.50,97.85,97.77,97.77,98.15,97.30,97.24,97.24,97.27,97.50,97.35,97.20,97.30,97.34,97.38,98.12,98.46,98.46,98.35,98.04,98.08,98.08,98.12,98.12
B-KC443223,98.54,98.50,98.73,98.89,98.81,98.84,98.84,98.84,98.88,98.62,98.62,98.81,98.73,98.73,99.08,98.69,98.94,98.96,99.19,99.19,99.19,99.19,99.16,99.27,99.16,99.04,99.08,99.19,99.08,99.27,99.16,99.12,99.19,99.27,99.23,98.65,98.69,98.85,98.85,99.16,99.34,99.31,99.23,99.00,99.27,99.23,99.23,99.27,99.27,99.31,99.27,99.27,99.27,100.00,,99.23,99.27,99.04,99.08,99.31,99.27,99.15,99.27,99.23,99.27,99.46,99.44,99.27,99.31,99.19,99.27,99.38,99.38,99.35,99.38,99.35,99.42,99.46,99.46,99.16,99.35,99.35,99.27,99.39,97.24,97.27,96.51,96.47,96.73,96.43,96.81,96.78,96.66,97.04,97.77,97.70,97.62,97.70,97.66,97.66,97.62,97.62,97.61,97.01,97.85,97.85,97.70,97.86,97.81,97.81,97.77,97.66,97.62,97.54,97.53,97.57,97.50,97.85,97.77,97.77,98.15,97.30,97.24,97.24,97.27,97.50,97.35,97.20,97.30,97.34,97.38,98.12,98.46,98.46,98.35,98.04,98.08,98.08,98.12,98.12
B-KJ639024,98.30,98.27,98.50,98.65,98.57,98.61,98.61,98.61,98.65,98.62,98.62,98.89,98.73,98.73,99.08,98.69,98.94,98.96,99.27,99.27,99.27,99.27,99.23,99.27,99.15,99.04,99.08,99.19,99.08,99.27,99.15,99.06,99.19,99.27,99.23,98.49,98.69,98.85,98.85,98.92,99.11,99.08,99.00,99.00,99.27,99.23,99.23,99.27,99.27,99.31,99.27,99.12,99.12,99.23,99.23,,99.88,99.04,99.08,99.31,99.35,99.15,99.27,99.23,99.27,99.46,99.44,99.27,99.31,99.19,99.27,99.46,99.46,99.35,99.38,99.50,99.50,99.46,99.53,99.15,99.35,99.35,99.27,99.39,97.04,97.04,96.20,96.16,96.42,96.12,96.58,96.54,96.43,96.81,97.54,97.46,97.31,97.39,97.35,97.35,97.31,97.31,97.30,96.81,97.66,97.66,97.50,97.67,97.62,97.62,97.58,97.54,97.43,97.43,97.34,97.38,97.31,97.66,97.58,97.54,97.96,97.07,97.08,97.08,97.12,97.27,97.12,96.96,97.07,97.11,97.15,97.89,98.23,98.23,98.19,97.81,97.85,97.85,97.89,97.89
B-KJ639013,98.34,98.31,98.54,98.69,98.61,98.65,98.65,98.65,98.69,98.65,98.65,98.92,98.77,98.77,99.12,98.73,98.98,99.00,99.31,99.31,99.31,99.31,99.27,99.31,99.19,99.08,99.12,99.23,99.12,99.31,99.19,99.12,99.23,99.31,99.27,98.53,98.73,98.89,98.89,98.96,99.15,99.12,99.04,99.04,99.31,99.27,99.27,99.31,99.31,99.35,99.31,99.15,99.15,99.27,99.27,99.88,,99.08,99.12,99.35,99.39,99.19,99.31,99.27,99.31,99.50,99.48,99.31,99.34,99.23,99.31,99.50,99.50,99.39,99.42,99.54,99.53,99.50,99.57,99.19,99.39,99.39,99.31,99.42,97.08,97.08,96.23,96.20,96.46,96.16,96.62,96.58,96.46,96.85,97.58,97.50,97.35,97.43,97.39,97.39,97.35,97.35,97.34,96.89,97.73,97.73,97.58,97.75,97.69,97.69,97.66,97.62,97.50,97.50,97.42,97.46,97.39,97.73,97.66,97.58,97.99,97.11,97.12,97.12,97.16,97.31,97.16,97.00,97.11,97.15,97.19,97.92,98.27,98.27,98.23,97.85,97.89,97.89,97.92,97.92
B-LC260255,98.19,98.24,98.40,98.55,98.46,98.50,98.50,98.50,98.54,98.67,98.59,98.78,98.70,98.70,98.97,98.67,98.91,98.93,99.15,99.16,99.16,99.16,99.12,99.24,99.12,99.01,99.12,99.16,99.05,99.24,99.12,99.12,99.16,99.23,99.20,98.31,98.82,98.97,98.97,98.82,99.00,98.97,98.89,99.05,99.31,99.24,99.28,99.31,99.31,99.35,99.31,99.08,99.08,99.04,99.04,99.04,99.08,,99.96,99.28,99.24,99.42,99.46,99.43,99.47,99.42,99.44,99.46,99.50,99.38,99.46,99.42,99.42,99.39,99.42,99.39,99.46,99.50,99.50,99.35,99.54,99.54,99.47,99.58,96.85,96.95,96.23,96.19,96.30,95.93,96.45,96.45,96.34,96.72,97.45,97.37,97.21,97.29,97.26,97.26,97.20,97.21,97.19,96.72,97.48,97.48,97.41,97.57,97.50,97.50,97.47,97.43,97.31,97.33,97.30,97.34,97.22,97.56,97.48,97.50,97.80,96.96,96.91,96.91,96.95,97.23,97.03,96.95,96.96,96.99,97.03,97.79,98.11,98.12,97.94,97.64,97.67,97.75,97.79,97.79
B-KX880429,98.23,98.27,98.43,98.58,98.50,98.54,98.54,98.54,98.57,98.70,98.62,98.81,98.73,98.73,99.08,98.70,98.94,98.96,99.19,99.19,99.19,99.19,99.16,99.27,99.16,99.04,99.16,99.19,99.08,99.27,99.16,99.17,99.19,99.27,99.23,98.34,98.77,98.93,98.93,98.85,99.04,99.00,98.93,99.08,99.35,99.31,99.31,99.35,99.35,99.39,99.35,99.04,99.04,99.08,99.08,99.08,99.12,99.96,,99.31,99.27,99.46,99.50,99.46,99.50,99.46,99.48,99.50,99.54,99.42,99.50,99.46,99.46,99.42,99.46,99.42,99.50,99.54,99.53,99.39,99.58,99.58,99.50,99.62,96.89,96.97,96.28,96.24,96.34,95.97,96.51,96.47,96.35,96.74,97.47,97.39,97.24,97.31,97.28,97.28,97.23,97.24,97.23,96.74,97.51,97.51,97.43,97.60,97.54,97.54,97.50,97.47,97.35,97.35,97.34,97.38,97.24,97.58,97.51,97.54,97.84,96.99,96.93,96.93,96.97,97.27,97.05,96.89,96.99,97.03,97.07,97.81,98.15,98.16,97.97,97.66,97.70,97.77,97.81,97.81
B-LC469438,98.38,98.36,98.59,98.74,98.65,98.69,98.69,98.69,98.73,98.86,98.86,99.05,98.97,98.97,99.24,98.93,99.18,99.20,99.42,99.43,99.43,99.43,99.39,99.50,99.39,99.27,99.31,99.50,99.31,99.50,99.39,99.43,99.43,99.50,99.47,98.58,98.93,99.08,99.08,99.09,99.27,99.24,99.16,99.24,99.50,99.43,99.47,99.50,99.50,99.54,99.50,99.27,99.27,99.31,99.31,99.31,99.35,99.28,99.31,,99.81,99.38,99.50,99.47,99.50,99.69,99.67,99.50,99.54,99.42,99.50,99.61,99.61,99.58,99.62,99.58,99.65,99.69,99.69,99.39,99.58,99.58,99.50,99.62,97.12,97.22,96.26,96.23,96.50,96.12,96.65,96.65,96.53,96.91,97.64,97.56,97.40,97.48,97.45,97.45,97.39,97.41,97.46,96.91,97.67,97.67,97.67,97.76,97.70,97.70,97.66,97.62,97.50,97.44,97.42,97.46,97.41,97.75,97.67,97.62,97.99,97.23,97.10,97.10,97.14,97.34,97.22,97.14,97.23,97.26,97.30,97.98,98.30,98.31,98.21,97.90,97.94,98.09,98.13,98.13
B-LC260257,98.34,98.32,98.55,98.70,98.61,98.65,98.65,98.65,98.69,98.82,98.82,99.01,98.93,98.93,99.20,98.89,99.14,99.16,99.46,99.47,99.47,99.47,99.43,99.47,99.35,99.24,99.28,99.39,99.28,99.47,99.35,99.43,99.39,99.46,99.43,98.62,98.89,99.05,99.05,99.05,99.23,99.20,99.12,99.20,99.47,99.39,99.43,99.47,99.47,99.50,99.47,99.23,99.23,99.27,99.27,99.35,99.39,99.24,99.27,99.81,,99.35,99.46,99.43,99.47,99.65,99.63,99.46,99.50,99.38,99.46,99.57,99.57,99.54,99.58,99.54,99.61,99.65,99.65,99.35,99.54,99.54,99.47,99.58,97.16,97.18,96.23,96.19,96.46,96.08,96.68,96.68,96.57,96.87,97.60,97.52,97.36,97.45,97.41,97.41,97.35,97.37,97.42,96.87,97.64,97.64,97.64,97.73,97.66,97.66,97.62,97.58,97.47,97.41,97.38,97.42,97.37,97.71,97.64,97.58,97.96,97.11,97.14,97.14,97.18,97.31,97.18,97.03,97.11,97.15,97.19,97.94,98.27,98.27,98.25,97.87,97.90,97.90,97.94,97.94
B-LC325464,98.38,98.42,98.58,98.73,98.65,98.69,98.69,98.69,98.73,98.69,98.69,98.88,98.81,98.81,99.15,98.77,99.02,99.04,99.27,99.27,99.27,99.27,99.23,99.35,99.23,99.11,99.23,99.27,99.15,99.42,99.23,99.17,99.27,99.35,99.31,98.41,98.85,99.00,99.00,98.92,99.11,99.08,99.00,99.15,99.42,99.38,99.38,99.42,99.42,99.46,99.42,99.19,99.11,99.15,99.15,99.15,99.19,99.42,99.46,99.38,99.35,,99.65,99.62,99.65,99.54,99.56,99.58,99.61,99.50,99.58,99.53,99.53,99.50,99.54,99.50,99.57,99.61,99.61,99.54,99.65,99.65,99.58,99.69,97.04,97.11,96.34,96.38,96.50,96.11,96.65,96.61,96.50,96.92,97.61,97.54,97.46,97.54,97.50,97.50,97.46,97.46,97.46,96.88,97.65,97.65,97.58,97.74,97.69,97.69,97.65,97.61,97.50,97.50,97.50,97.53,97.38,97.73,97.65,97.69,97.99,97.15,97.07,97.07,97.11,97.42,97.19,97.04,97.15,97.19,97.23,97.96,98.30,98.31,98.11,97.81,97.84,97.92,97.96,97.96
B-LC228327,98.42,98.39,98.55,98.70,98.61,98.65,98.65,98.65,98.69,98.81,98.81,99.01,98.93,98.93,99.23,98.89,99.14,99.16,99.38,99.39,99.39,99.39,99.35,99.46,99.35,99.23,99.27,99.39,99.27,99.46,99.35,99.27,99.39,99.46,99.43,98.54,99.04,99.20,99.20,99.04,99.23,99.20,99.12,99.27,99.54,99.50,99.50,99.54,99.54,99.58,99.54,99.23,99.23,99.27,99.27,99.27,99.31,99.46,99.50,99.50,99.46,99.65,,99.96,100.00,99.65,99.67,99.69,99.73,99.61,99.69,99.65,99.65,99.62,99.65,99.62,99.69,99.73,99.73,99.58,99.77,99.77,99.69,99.81,97.16,97.25,96.48,96.44,96.61,96.24,96.71,96.67,96.56,97.05,97.67,97.59,97.51,97.59,97.55,97.55,97.50,97.51,97.50,96.94,97.70,97.70,97.63,97.79,97.74,97.74,97.70,97.66,97.54,97.48,97.53,97.57,97.44,97.78,97.70,97.74,98.03,97.19,97.13,97.13,97.17,97.46,97.25,97.09,97.19,97.23,97.26,98.01,98.34,98.35,98.16,97.86,97.90,97.97,98.01,98.01
B-LC541986,98.38,98.36,98.51,98.66,98.57,98.61,98.61,98.61,98.65,98.78,98.78,98.97,98.89,98.89,99.16,98.86,99.10,99.12,99.34,99.35,99.35,99.35,99.31,99.43,99.31,99.20,99.24,99.35,99.24,99.43,99.31,99.27,99.35,99.42,99.39,98.50,99.01,99.16,99.16,99.01,99.19,99.16,99.09,99.24,99.50,99.43,99.47,99.50,99.50,99.54,99.50,99.19,99.19,99.23,99.23,99.23,99.27,99.43,99.46,99.47,99.43,99.62,99.96,,99.96,99.61,99.63,99.65,99.69,99.58,99.65,99.61,99.61,99.58,99.62,99.58,99.65,99.69,99.69,99.54,99.73,99.73,99.66,99.77,97.12,97.22,96.42,96.38,96.57,96.20,96.65,96.65,96.53,97.10,97.64,97.56,97.48,97.56,97.52,97.52,97.46,97.48,97.46,96.91,97.67,97.67,97.60,97.76,97.70,97.70,97.66,97.62,97.50,97.44,97.50,97.53,97.41,97.75,97.67,97.70,97.99,97.15,97.10,97.10,97.14,97.42,97.22,97.06,97.15,97.19,97.23,98.06,98.38,98.39,98.13,97.83,97.87,97.94,97.98,97.98
B-LC228316,98.42,98.40,98.55,98.70,98.61,98.65,98.65,98.65,98.69,98.82,98.82,99.01,98.93,98.93,99.20,98.89,99.14,99.16,99.38,99.39,99.39,99.39,99.35,99.47,99.35,99.24,99.28,99.39,99.28,99.47,99.35,99.27,99.39,99.46,99.43,98.54,99.05,99.20,99.20,99.05,99.23,99.20,99.12,99.28,99.54,99.47,99.50,99.54,99.54,99.58,99.54,99.23,99.23,99.27,99.27,99.27,99.31,99.47,99.50,99.50,99.47,99.65,100.00,99.96,,99.65,99.67,99.69,99.73,99.61,99.69,99.65,99.65,99.62,99.65,99.62,99.69,99.73,99.73,99.58,99.77,99.77,99.70,99.81,97.16,97.26,96.45,96.42,96.61,96.24,96.68,96.68,96.57,97.06,97.67,97.60,97.51,97.60,97.56,97.56,97.50,97.52,97.50,96.95,97.71,97.71,97.64,97.80,97.74,97.74,97.70,97.66,97.54,97.48,97.53,97.57,97.45,97.79,97.71,97.74,98.03,97.19,97.14,97.14,97.18,97.46,97.26,97.10,97.19,97.23,97.26,98.02,98.34,98.35,98.17,97.87,97.90,97.98,98.02,98.02
B-MG599522,98.54,98.50,98.73,98.88,98.81,98.84,98.84,98.84,98.88,99.08,99.08,99.27,99.19,99.19,99.54,99.15,99.40,99.42,99.65,99.65,99.65,99.65,99.61,99.65,99.61,99.50,99.54,99.65,99.54,99.73,99.61,99.53,99.65,99.73,99.69,98.72,99.08,99.23,99.23,99.23,99.42,99.38,99.31,99.38,99.65,99.61,99.61,99.65,99.65,99.69,99.65,99.42,99.42,99.46,99.46,99.46,99.50,99.42,99.46,99.69,99.65,99.54,99.65,99.61,99.65,,99.90,99.65,99.69,99.58,99.65,99.77,99.77,99.73,99.77,99.73,99.81,99.85,99.84,99.54,99.73,99.73,99.65,99.77,97.19,97.27,96.57,96.53,96.73,96.34,96.80,96.77,96.65,97.04,97.77,97.69,97.54,97.61,97.57,97.57,97.54,97.54,97.53,97.04,97.81,97.81,97.73,97.90,97.84,97.84,97.81,97.77,97.65,97.57,97.57,97.61,97.54,97.88,97.81,97.77,98.15,97.30,97.23,97.23,97.27,97.50,97.34,97.19,97.30,97.34,97.38,98.11,98.46,98.46,98.34,98.04,98.07,98.07,98.11,98.11
B-MG599521,98.55,98.52,98.71,98.86,98.79,98.82,98.82,98.82,98.86,99.06,99.06,99.25,99.17,99.17,99.44,99.13,99.38,99.40,99.63,99.63,99.63,99.63,99.60,99.71,99.60,99.48,99.52,99.63,99.52,99.71,99.60,99.56,99.63,99.71,99.67,98.70,99.10,99.25,99.25,99.21,99.40,99.36,99.29,99.40,99.67,99.63,99.63,99.67,99.67,99.71,99.67,99.40,99.40,99.44,99.44,99.44,99.48,99.44,99.48,99.67,99.63,99.56,99.67,99.63,99.67,99.90,,99.67,99.71,99.60,99.67,99.83,99.79,99.75,99.79,99.75,99.83,99.87,99.86,99.56,99.75,99.75,99.67,99.79,97.17,97.25,96.48,96.44,96.71,96.32,96.78,96.75,96.63,97.02,97.75,97.67,97.52,97.59,97.55,97.55,97.52,97.52,97.51,97.02,97.79,97.79,97.71,97.88,97.82,97.82,97.79,97.75,97.63,97.59,97.59,97.63,97.52,97.86,97.79,97.79,98.13,97.28,97.21,97.21,97.25,97.52,97.32,97.17,97.28,97.32,97.36,98.09,98.44,98.44,98.32,98.02,98.06,98.09,98.13,98.13
B-MG670666,98.46,98.38,98.54,98.69,98.61,98.65,98.65,98.65,98.69,98.81,98.81,99.00,98.92,98.92,99.27,98.88,99.13,99.15,99.38,99.38,99.38,99.38,99.34,99.46,99.34,99.23,99.27,99.38,99.27,99.46,99.34,99.22,99.38,99.46,99.42,98.60,98.96,99.11,99.11,99.04,99.23,99.19,99.11,99.27,99.54,99.50,99.50,99.54,99.54,99.58,99.54,99.23,99.23,99.27,99.27,99.27,99.31,99.46,99.50,99.50,99.46,99.58,99.69,99.65,99.69,99.65,99.67,,99.88,99.77,99.85,99.65,99.65,99.61,99.65,99.61,99.69,99.73,99.73,99.58,99.77,99.77,99.69,99.81,97.07,97.15,96.42,96.38,96.57,96.18,96.88,96.84,96.65,97.03,97.69,97.61,97.46,97.53,97.50,97.50,97.46,97.46,97.46,96.92,97.69,97.69,97.61,97.78,97.73,97.73,97.69,97.65,97.61,97.53,97.61,97.65,97.50,97.84,97.76,97.80,98.07,97.23,97.15,97.15,97.19,97.50,97.26,97.11,97.23,97.26,97.30,98.00,98.34,98.34,98.19,97.88,97.92,98.00,98.03,98.03
B-MG670657,98.46,98.42,98.57,98.73,98.65,98.69,98.69,98.69,98.73,98.84,98.84,99.04,98.96,98.96,99.31,98.92,99.17,99.19,99.42,99.42,99.42,99.42,99.38,99.50,99.38,99.27,99.31,99.42,99.31,99.50,99.38,99.32,99.42,99.50,99.46,98.64,99.00,99.15,99.15,99.08,99.27,99.23,99.15,99.31,99.58,99.54,99.54,99.58,99.58,99.61,99.58,99.27,99.27,99.31,99.31,99.31,99.34,99.50,99.54,99.54,99.50,99.61,99.73,99.69,99.73,99.69,99.71,99.88,,99.81,99.88,99.69,99.69,99.65,99.69,99.65,99.73,99.77,99.77,99.61,99.81,99.81,99.73,99.85,97.11,97.19,96.42,96.38,96.57,96.18,96.88,96.84,96.65,97.03,97.69,97.61,97.46,97.53,97.50,97.50,97.46,97.46,97.46,96.96,97.73,97.73,97.65,97.82,97.76,97.76,97.73,97.69,97.65,97.57,97.65,97.69,97.53,97.88,97.80,97.76,98.07,97.23,97.15,97.15,97.19,97.50,97.26,97.11,97.23,97.26,97.30,98.03,98.38,98.38,98.19,97.88,97.92,98.00,98.03,98.03
B-MG670674,98.42,98.30,98.46,98.61,98.54,98.57,98.57,98.57,98.61,98.73,98.73,98.92,98.84,98.84,99.19,98.81,99.06,99.08,99.31,99.31,99.31,99.31,99.27,99.38,99.27,99.15,99.19,99.31,99.19,99.38,99.27,99.22,99.31,99.38,99.34,98.53,98.88,99.04,99.04,98.96,99.15,99.11,99.04,99.19,99.46,99.42,99.42,99.46,99.46,99.50,99.46,99.23,99.23,99.19,99.19,99.19,99.23,99.38,99.42,99.42,99.38,99.50,99.61,99.58,99.61,99.58,99.60,99.77,99.81,,99.85,99.57,99.57,99.54,99.58,99.54,99.61,99.65,99.65,99.50,99.69,99.69,99.61,99.73,96.99,97.07,96.38,96.34,96.53,96.15,96.84,96.80,96.61,96.99,97.65,97.57,97.42,97.50,97.46,97.46,97.42,97.42,97.42,96.92,97.69,97.69,97.61,97.78,97.73,97.73,97.69,97.65,97.61,97.53,97.61,97.65,97.50,97.84,97.76,97.65,97.96,97.11,97.03,97.03,97.07,97.38,97.23,96.99,97.11,97.15,97.19,97.92,98.27,98.27,98.07,97.84,97.88,97.96,98.00,98.00
B-MG670670,98.42,98.38,98.54,98.69,98.61,98.65,98.65,98.65,98.69,98.81,98.81,99.00,98.92,98.92,99.27,98.88,99.13,99.15,99.38,99.38,99.38,99.38,99.34,99.46,99.34,99.23,99.27,99.38,99.27,99.46,99.34,99.27,99.38,99.46,99.42,98.60,98.96,99.11,99.11,99.04,99.23,99.19,99.11,99.27,99.54,99.50,99.50,99.54,99.54,99.58,99.54,99.23,99.23,99.27,99.27,99.27,99.31,99.46,99.50,99.50,99.46,99.58,99.69,99.65,99.69,99.65,99.67,99.85,99.88,99.85,,99.65,99.65,99.61,99.65,99.61,99.69,99.73,99.73,99.58,99.77,99.77,99.69,99.81,97.07,97.15,96.38,96.34,96.53,96.15,96.92,96.88,96.69,97.07,97.73,97.65,97.50,97.57,97.53,97.53,97.50,97.50,97.50,96.92,97.69,97.69,97.61,97.78,97.73,97.73,97.69,97.65,97.61,97.53,97.61,97.65,97.50,97.84,97.76,97.73,98.03,97.19,97.11,97.11,97.15,97.46,97.30,97.07,97.19,97.23,97.26,98.00,98.34,98.34,98.15,97.84,97.88,97.96,98.00,98.00
B-AB975675,98.53,98.49,98.64,98.80,98.72,98.76,98.76,98.76,98.80,98.95,98.95,99.15,99.07,99.07,99.38,99.03,99.28,99.30,99.53,99.53,99.53,99.53,99.50,99.61,99.50,99.38,99.42,99.53,99.42,99.61,99.50,99.42,99.53,99.61,99.57,98.63,99.07,99.22,99.22,99.15,99.34,99.30,99.22,99.38,99.65,99.61,99.61,99.65,99.65,99.69,99.65,99.34,99.34,99.38,99.38,99.46,99.50,99.42,99.46,99.61,99.57,99.53,99.65,99.61,99.65,99.77,99.83,99.65,99.69,99.57,99.65,,99.84,99.84,99.88,99.88,99.88,99.92,99.92,99.53,99.73,99.73,99.65,99.77,97.09,97.17,96.31,96.27,96.55,96.24,96.70,96.66,96.55,96.93,97.67,97.59,97.44,97.52,97.48,97.48,97.44,97.44,97.44,96.93,97.71,97.71,97.63,97.80,97.75,97.75,97.71,97.67,97.56,97.56,97.56,97.59,97.44,97.79,97.71,97.75,98.06,97.21,97.13,97.13,97.17,97.48,97.24,97.09,97.21,97.24,97.28,98.02,98.37,98.37,98.25,97.94,97.98,98.06,98.10,98.10
B-AB975703,98.53,98.49,98.64,98.80,98.72,98.76,98.76,98.76,98.80,98.91,98.91,99.11,99.03,99.03,99.38,98.99,99.24,99.26,99.50,99.50,99.50,99.50,99.46,99.57,99.46,99.34,99.38,99.50,99.38,99.57,99.46,99.37,99.50,99.57,99.53,98.63,99.07,99.22,99.22,99.15,99.34,99.30,99.22,99.38,99.65,99.61,99.61,99.65,99.65,99.69,99.65,99.34,99.34,99.38,99.38,99.46,99.50,99.42,99.46,99.61,99.57,99.53,99.65,99.61,99.65,99.77,99.79,99.65,99.69,99.57,99.65,99.84,,99.84,99.88,99.88,99.88,99.92,99.92,99.53,99.73,99.73,99.65,99.77,97.17,97.24,96.39,96.35,96.62,96.31,96.70,96.66,96.55,96.93,97.67,97.59,97.52,97.52,97.48,97.48,97.44,97.44,97.44,96.93,97.71,97.71,97.63,97.88,97.83,97.83,97.79,97.67,97.56,97.48,97.56,97.59,97.44,97.79,97.71,97.75,98.06,97.21,97.13,97.13,97.17,97.48,97.32,97.17,97.28,97.32,97.36,98.02,98.37,98.37,98.25,97.94,97.98,98.06,98.10,98.10
B-LC751378,98.50,98.47,98.62,98.77,98.69,98.73,98.73,98.73,98.77,98.89,98.89,99.08,99.00,99.00,99.35,98.96,99.21,99.23,99.46,99.46,99.46,99.46,99.42,99.54,99.42,99.31,99.35,99.46,99.35,99.54,99.42,99.32,99.46,99.54,99.50,98.61,99.04,99.19,99.19,99.12,99.31,99.27,99.19,99.35,99.62,99.58,99.58,99.62,99.62,99.65,99.62,99.31,99.31,99.35,99.35,99.35,99.39,99.39,99.42,99.58,99.54,99.50,99.62,99.58,99.62,99.73,99.75,99.61,99.65,99.54,99.61,99.84,99.84,,99.96,99.77,99.88,99.88,99.92,99.50,99.69,99.69,99.62,99.73,97.08,97.16,96.32,96.28,96.54,96.24,96.70,96.66,96.55,97.01,97.74,97.66,97.51,97.58,97.55,97.55,97.50,97.51,97.50,96.93,97.70,97.70,97.62,97.79,97.74,97.74,97.70,97.66,97.54,97.47,97.53,97.57,97.43,97.78,97.70,97.74,98.03,97.19,97.12,97.12,97.16,97.46,97.24,97.09,97.19,97.23,97.26,98.01,98.34,98.35,98.24,97.93,97.97,98.04,98.08,98.08
B-LC751348,98.54,98.50,98.65,98.81,98.73,98.77,98.77,98.77,98.81,98.92,98.92,99.12,99.04,99.04,99.38,99.00,99.25,99.27,99.50,99.50,99.50,99.50,99.46,99.58,99.46,99.34,99.38,99.50,99.38,99.58,99.46,99.38,99.50,99.58,99.54,98.64,99.08,99.23,99.23,99.15,99.34,99.31,99.23,99.38,99.65,99.62,99.62,99.65,99.65,99.69,99.65,99.35,99.35,99.38,99.38,99.38,99.42,99.42,99.46,99.62,99.58,99.54,99.65,99.62,99.65,99.77,99.79,99.65,99.69,99.58,99.65,99.88,99.88,99.96,,99.81,99.92,99.92,99.96,99.54,99.73,99.73,99.65,99.77,97.12,97.19,96.35,96.31,96.57,96.27,96.73,96.69,96.58,97.04,97.77,97.69,97.54,97.62,97.58,97.58,97.54,97.54,97.53,96.96,97.73,97.73,97.65,97.82,97.77,97.77,97.73,97.69,97.58,97.50,97.57,97.61,97.46,97.81,97.73,97.77,98.07,97.23,97.15,97.15,97.19,97.50,97.27,97.12,97.23,97.26,97.30,98.04,98.38,98.39,98.27,97.96,98.00,98.08,98.12,98.12
B-AB848008,98.50,98.46,98.62,98.77,98.69,98.73,98.73,98.73,98.77,98.89,98.89,99.08,99.00,99.00,99.35,98.96,99.21,99.23,99.46,99.46,99.46,99.46,99.42,99.54,99.42,99.31,99.35,99.46,99.35,99.54,99.42,99.32,99.46,99.54,99.50,98.61,99.04,99.19,99.19,99.12,99.31,99.27,99.19,99.35,99.62,99.58,99.58,99.62,99.62,99.65,99.62,99.31,99.31,99.35,99.35,99.50,99.54,99.39,99.42,99.58,99.54,99.50,99.62,99.58,99.62,99.73,99.75,99.61,99.65,99.54,99.61,99.88,99.88,99.77,99.81,,99.92,99.88,99.96,99.50,99.69,99.69,99.62,99.73,97.08,97.16,96.31,96.27,96.54,96.23,96.69,96.66,96.54,96.93,97.66,97.58,97.43,97.50,97.46,97.46,97.43,97.43,97.42,96.93,97.69,97.69,97.62,97.78,97.73,97.73,97.69,97.66,97.54,97.46,97.53,97.57,97.43,97.77,97.69,97.73,98.07,97.19,97.12,97.12,97.16,97.46,97.23,97.08,97.19,97.23,97.26,98.00,98.34,98.35,98.23,97.92,97.96,98.04,98.08,98.08
B-AB975673,98.56,98.53,98.68,98.84,98.76,98.80,98.80,98.80,98.84,98.95,98.95,99.15,99.07,99.07,99.42,99.03,99.28,99.30,99.53,99.53,99.53,99.53,99.50,99.61,99.50,99.38,99.42,99.53,99.42,99.61,99.50,99.42,99.53,99.61,99.57,98.67,99.11,99.26,99.26,99.19,99.38,99.34,99.26,99.42,99.69,99.65,99.65,99.69,99.69,99.73,99.69,99.38,99.38,99.42,99.42,99.50,99.53,99.46,99.50,99.65,99.61,99.57,99.69,99.65,99.69,99.81,99.83,99.69,99.73,99.61,99.69,99.88,99.88,99.88,99.92,99.92,,99.96,99.96,99.57,99.77,99.77,99.69,99.81,97.13,97.21,96.43,96.39,96.59,96.27,96.74,96.70,96.59,96.97,97.71,97.63,97.48,97.56,97.52,97.52,97.48,97.48,97.48,96.97,97.75,97.75,97.67,97.84,97.79,97.79,97.75,97.71,97.59,97.59,97.59,97.63,97.48,97.83,97.75,97.79,98.10,97.24,97.17,97.17,97.21,97.52,97.28,97.13,97.24,97.28,97.32,98.06,98.41,98.41,98.29,97.98,98.02,98.10,98.14,98.14
B-KY616886,98.61,98.57,98.73,98.88,98.81,98.84,98.84,98.84,98.88,99.00,99.00,99.19,99.11,99.11,99.46,99.08,99.33,99.34,99.58,99.58,99.58,99.58,99.54,99.65,99.54,99.42,99.46,99.58,99.46,99.65,99.54,99.48,99.58,99.65,99.61,98.72,99.15,99.31,99.31,99.23,99.42,99.38,99.31,99.46,99.73,99.69,99.69,99.73,99.73,99.77,99.73,99.42,99.42,99.46,99.46,99.46,99.50,99.50,99.54,99.69,99.65,99.61,99.73,99.69,99.73,99.85,99.87,99.73,99.77,99.65,99.73,99.92,99.92,99.88,99.92,99.88,99.96,,100.00,99.61,99.81,99.81,99.73,99.85,97.19,97.26,96.42,96.38,96.65,96.26,96.80,96.76,96.65,97.03,97.76,97.69,97.53,97.61,97.57,97.57,97.53,97.53,97.53,97.03,97.80,97.80,97.73,97.89,97.84,97.84,97.80,97.76,97.65,97.57,97.65,97.69,97.53,97.88,97.80,97.84,98.15,97.30,97.23,97.23,97.26,97.57,97.34,97.19,97.30,97.34,97.38,98.11,98.46,98.46,98.34,98.03,98.07,98.15,98.19,98.19
B-AB975704,98.60,98.56,98.72,98.87,98.80,98.84,98.84,98.84,98.87,98.99,98.99,99.19,99.11,99.11,99.46,99.07,99.32,99.34,99.57,99.57,99.57,99.57,99.53,99.65,99.53,99.42,99.46,99.57,99.46,99.65,99.53,99.47,99.57,99.65,99.61,98.71,99.15,99.30,99.30,99.22,99.42,99.38,99.30,99.46,99.73,99.69,99.69,99.73,99.73,99.77,99.73,99.42,99.42,99.46,99.46,99.53,99.57,99.50,99.53,99.69,99.65,99.61,99.73,99.69,99.73,99.84,99.86,99.73,99.77,99.65,99.73,99.92,99.92,99.92,99.96,99.96,99.96,100.00,,99.61,99.81,99.81,99.73,99.84,97.17,97.24,96.39,96.35,96.62,96.31,96.78,96.74,96.62,97.01,97.75,97.67,97.52,97.59,97.56,97.56,97.52,97.52,97.52,97.01,97.79,97.79,97.71,97.88,97.83,97.83,97.79,97.75,97.63,97.56,97.63,97.67,97.52,97.87,97.79,97.83,98.14,97.28,97.21,97.21,97.24,97.56,97.32,97.17,97.28,97.32,97.36,98.10,98.45,98.45,98.33,98.02,98.06,98.14,98.18,98.18
B-KU059789,98.30,98.36,98.51,98.59,98.50,98.54,98.54,98.54,98.57,98.78,98.78,98.97,98.89,98.89,99.09,98.86,99.03,99.20,99.27,99.28,99.28,99.28,99.24,99.35,99.24,99.20,99.24,99.31,99.24,99.43,99.31,99.27,99.35,99.42,99.39,98.43,98.86,99.01,99.01,99.01,99.11,99.08,99.01,99.16,99.43,99.35,99.39,99.43,99.43,99.47,99.43,99.19,99.19,99.16,99.16,99.15,99.19,99.35,99.39,99.39,99.35,99.54,99.58,99.54,99.58,99.54,99.56,99.58,99.61,99.50,99.58,99.53,99.53,99.50,99.54,99.50,99.57,99.61,99.61,,99.66,99.66,99.81,99.77,97.04,97.06,96.26,96.30,96.42,96.05,96.65,96.65,96.61,96.91,97.64,97.56,97.48,97.56,97.52,97.52,97.46,97.48,97.46,96.91,97.67,97.67,97.60,97.76,97.70,97.70,97.66,97.62,97.50,97.44,97.50,97.53,97.41,97.75,97.67,97.66,97.92,97.07,97.03,97.03,97.06,97.34,97.22,96.99,97.07,97.11,97.15,97.90,98.23,98.23,98.06,97.75,97.79,97.94,97.98,97.98
B-LC086726,98.50,98.47,98.63,98.78,98.69,98.73,98.73,98.73,98.77,98.89,98.89,99.09,99.01,99.01,99.28,98.97,99.22,99.24,99.46,99.47,99.47,99.47,99.43,99.54,99.43,99.31,99.35,99.47,99.35,99.54,99.43,99.38,99.47,99.54,99.50,98.62,99.05,99.20,99.20,99.12,99.31,99.28,99.20,99.35,99.62,99.54,99.58,99.62,99.62,99.66,99.62,99.31,99.31,99.35,99.35,99.35,99.39,99.54,99.58,99.58,99.54,99.65,99.77,99.73,99.77,99.73,99.75,99.77,99.81,99.69,99.77,99.73,99.73,99.69,99.73,99.69,99.77,99.81,99.81,99.66,,100.00,99.77,99.89,97.24,97.33,96.53,96.49,96.69,96.31,96.84,96.84,96.72,97.10,97.83,97.75,97.59,97.67,97.64,97.64,97.58,97.60,97.57,97.10,97.87,97.87,97.79,97.95,97.89,97.89,97.85,97.81,97.70,97.63,97.69,97.73,97.60,97.94,97.94,97.89,98.19,97.34,97.29,97.29,97.33,97.61,97.41,97.26,97.34,97.38,97.42,98.09,98.42,98.43,98.25,97.94,97.98,98.06,98.09,98.09
B-LC086715,98.50,98.47,98.63,98.78,98.69,98.73,98.73,98.73,98.77,98.89,98.89,99.09,99.01,99.01,99.28,98.97,99.22,99.24,99.46,99.47,99.47,99.47,99.43,99.54,99.43,99.31,99.35,99.47,99.35,99.54,99.43,99.38,99.47,99.54,99.50,98.62,99.05,99.20,99.20,99.12,99.31,99.28,99.20,99.35,99.62,99.54,99.58,99.62,99.62,99.66,99.62,99.31,99.31,99.35,99.35,99.35,99.39,99.54,99.58,99.58,99.54,99.65,99.77,99.73,99.77,99.73,99.75,99.77,99.81,99.69,99.77,99.73,99.73,99.69,99.73,99.69,99.77,99.81,99.81,99.66,100.00,,99.77,99.89,97.24,97.33,96.53,96.49,96.69,96.31,96.84,96.84,96.72,97.10,97.83,97.75,97.59,97.67,97.64,97.64,97.58,97.60,97.57,97.10,97.87,97.87,97.79,97.95,97.89,97.89,97.85,97.81,97.70,97.63,97.69,97.73,97.60,97.94,97.94,97.89,98.19,97.34,97.29,97.29,97.33,97.61,97.41,97.26,97.34,97.38,97.42,98.09,98.42,98.43,98.25,97.94,97.98,98.06,98.09,98.09
B-KU059778,98.42,98.47,98.63,98.70,98.61,98.65,98.65,98.65,98.69,98.82,98.82,99.01,98.93,98.93,99.20,98.89,99.14,99.16,99.38,99.39,99.39,99.39,99.35,99.47,99.35,99.24,99.28,99.39,99.28,99.47,99.35,99.22,99.39,99.46,99.43,98.54,99.05,99.12,99.12,99.12,99.23,99.20,99.12,99.28,99.54,99.47,99.50,99.54,99.54,99.58,99.54,99.31,99.31,99.27,99.27,99.27,99.31,99.47,99.50,99.50,99.47,99.58,99.69,99.66,99.70,99.65,99.67,99.69,99.73,99.61,99.69,99.65,99.65,99.62,99.65,99.62,99.69,99.73,99.73,99.81,99.77,99.77,,99.89,97.16,97.18,96.38,96.34,96.54,96.16,96.76,96.76,96.72,97.03,97.75,97.67,97.59,97.67,97.64,97.64,97.58,97.60,97.57,96.95,97.71,97.71,97.64,97.80,97.74,97.74,97.70,97.66,97.54,97.48,97.53,97.57,97.45,97.79,97.71,97.74,98.03,97.19,97.14,97.14,97.18,97.46,97.33,97.10,97.19,97.23,97.26,98.02,98.34,98.35,98.17,97.87,97.90,98.06,98.09,98.09
B-KU059767,98.54,98.51,98.66,98.82,98.73,98.77,98.77,98.77,98.81,98.93,98.93,99.12,99.05,99.05,99.31,99.01,99.26,99.28,99.50,99.50,99.50,99.50,99.47,99.58,99.47,99.35,99.39,99.50,99.39,99.58,99.47,99.38,99.50,99.58,99.54,98.66,99.09,99.24,99.24,99.24,99.34,99.31,99.24,99.39,99.66,99.58,99.62,99.66,99.66,99.70,99.66,99.35,99.35,99.39,99.39,99.39,99.42,99.58,99.62,99.62,99.58,99.69,99.81,99.77,99.81,99.77,99.79,99.81,99.85,99.73,99.81,99.77,99.77,99.73,99.77,99.73,99.81,99.85,99.84,99.77,99.89,99.89,99.89,,97.27,97.29,96.49,96.45,96.65,96.28,96.80,96.80,96.76,97.06,97.79,97.71,97.63,97.71,97.67,97.67,97.62,97.63,97.61,97.06,97.83,97.83,97.75,97.92,97.85,97.85,97.81,97.77,97.66,97.60,97.65,97.69,97.56,97.90,97.83,97.85,98.15,97.30,97.26,97.26,97.29,97.58,97.37,97.22,97.30,97.34,97.38,98.13,98.46,98.46,98.28,97.98,98.02,98.17,98.21,98.21
A-KC443346,97.42,97.43,97.58,97.74,97.65,97.69,97.61,97.61,97.65,96.58,96.58,96.78,96.70,96.70,96.81,96.58,96.68,96.70,97.07,97.01,97.01,97.01,96.97,97.08,96.97,96.77,96.81,96.93,96.81,97.01,96.97,97.09,96.93,97.01,96.97,96.50,96.81,96.89,96.89,96.93,97.07,97.01,97.01,96.89,97.16,97.12,97.12,97.16,97.16,97.20,97.16,96.97,96.97,97.24,97.24,97.04,97.08,96.85,96.89,97.12,97.16,97.04,97.16,97.12,97.16,97.19,97.17,97.07,97.11,96.99,97.07,97.09,97.17,97.08,97.12,97.08,97.13,97.19,97.17,97.04,97.24,97.24,97.16,97.27,,97.89,96.85,96.89,97.38,97.16,96.74,96.70,96.58,96.70,97.47,97.39,97.39,97.39,97.43,97.43,97.39,97.39,97.38,96.58,97.39,97.39,97.24,97.40,97.43,97.43,97.39,97.27,97.08,97.01,97.07,97.11,97.04,97.31,97.24,97.39,97.84,97.30,97.31,97.31,97.35,97.50,97.35,97.12,97.23,97.26,97.30,97.24,97.61,97.62,97.35,97.08,97.12,96.97,97.01,97.01
A-HQ657139,97.42,97.48,97.63,97.79,97.69,97.73,97.65,97.65,97.69,96.68,96.68,96.80,96.80,96.80,96.99,96.68,96.85,96.91,97.07,97.10,97.10,97.10,97.06,97.18,97.06,96.98,96.99,97.10,96.99,97.18,97.14,97.19,97.18,97.16,97.14,96.56,96.76,96.91,96.91,96.91,97.11,97.06,97.06,96.91,97.29,97.10,97.14,97.18,97.18,97.22,97.18,97.08,97.08,97.27,97.27,97.04,97.08,96.95,96.97,97.22,97.18,97.11,97.25,97.22,97.26,97.27,97.25,97.15,97.19,97.07,97.15,97.17,97.24,97.16,97.19,97.16,97.21,97.26,97.24,97.06,97.33,97.33,97.18,97.29,97.89,,97.94,97.98,98.50,98.12,96.57,96.57,96.45,96.82,97.45,97.37,97.21,97.22,97.26,97.26,97.20,97.21,97.26,96.65,97.26,97.26,97.26,97.34,97.35,97.35,97.31,97.12,97.01,96.99,96.92,96.96,96.99,97.26,97.18,97.35,97.80,97.34,97.29,97.29,97.33,97.54,97.33,97.18,97.26,97.30,97.34,97.33,97.65,97.66,97.33,97.10,97.14,96.91,96.95,96.95
A-MG181888,96.76,96.64,96.80,96.95,96.88,96.92,96.92,96.92,96.96,95.88,95.88,96.00,96.00,96.00,96.11,95.88,96.05,96.11,96.38,96.30,96.30,96.30,96.26,96.30,96.26,96.22,96.19,96.30,96.26,96.38,96.26,96.46,96.38,96.39,96.34,95.61,95.81,95.95,95.95,96.04,96.26,96.19,96.11,95.96,96.34,96.15,96.18,96.23,96.30,96.26,96.23,96.31,96.31,96.51,96.51,96.20,96.23,96.23,96.28,96.26,96.23,96.34,96.48,96.42,96.45,96.57,96.48,96.42,96.42,96.38,96.38,96.31,96.39,96.32,96.35,96.31,96.43,96.42,96.39,96.26,96.53,96.53,96.38,96.49,96.85,97.94,,99.66,98.85,98.46,95.62,95.62,95.50,95.77,96.45,96.38,96.33,96.30,96.34,96.34,96.31,96.30,96.30,95.73,96.45,96.45,96.30,96.62,96.51,96.51,96.47,96.43,96.31,96.22,96.22,96.26,96.19,96.45,96.38,96.31,96.80,96.49,96.42,96.42,96.45,96.61,96.38,96.23,96.34,96.38,96.42,96.30,96.69,96.70,96.57,96.45,96.49,96.19,96.23,96.23
A-MG181767,96.72,96.60,96.76,96.91,96.84,96.88,96.88,96.88,96.92,95.88,95.88,96.00,96.00,96.00,96.15,95.88,96.05,96.11,96.38,96.30,96.30,96.30,96.26,96.30,96.26,96.22,96.26,96.30,96.26,96.45,96.26,96.46,96.38,96.39,96.34,95.57,95.77,95.92,95.91,96.00,96.22,96.15,96.07,95.92,96.30,96.11,96.15,96.19,96.26,96.23,96.19,96.28,96.28,96.47,96.47,96.16,96.20,96.19,96.24,96.23,96.19,96.38,96.44,96.38,96.42,96.53,96.44,96.38,96.38,96.34,96.34,96.27,96.35,96.28,96.31,96.27,96.39,96.38,96.35,96.30,96.49,96.49,96.34,96.45,96.89,97.98,99.66,,98.88,98.43,95.73,95.73,95.54,95.81,96.49,96.42,96.37,96.34,96.38,96.38,96.35,96.34,96.34,95.77,96.42,96.42,96.34,96.66,96.55,96.55,96.51,96.47,96.35,96.26,96.18,96.22,96.23,96.49,96.42,96.35,96.84,96.53,96.45,96.45,96.49,96.65,96.42,96.26,96.38,96.42,96.45,96.34,96.72,96.74,96.53,96.34,96.38,96.15,96.19,96.19
A-LC105570,96.99,96.88,97.04,97.19,97.19,97.23,97.15,97.15,97.19,95.96,95.96,96.07,96.07,96.07,96.34,96.04,96.21,96.27,96.53,96.46,96.46,96.46,96.42,96.54,96.42,96.37,96.34,96.46,96.34,96.54,96.50,96.72,96.54,96.54,96.50,95.83,96.19,96.34,96.34,96.27,96.49,96.42,96.34,96.27,96.65,96.50,96.50,96.54,96.54,96.57,96.54,96.54,96.54,96.73,96.73,96.42,96.46,96.30,96.34,96.50,96.46,96.50,96.61,96.57,96.61,96.73,96.71,96.57,96.57,96.53,96.53,96.55,96.62,96.54,96.57,96.54,96.59,96.65,96.62,96.42,96.69,96.69,96.54,96.65,97.38,98.50,98.85,98.88,,98.92,96.11,96.07,95.88,96.23,96.92,96.88,96.77,96.77,96.81,96.81,96.77,96.77,96.76,96.27,96.84,96.84,96.84,97.09,96.96,96.96,96.92,96.81,96.69,96.61,96.61,96.65,96.65,96.92,96.84,96.84,97.26,96.80,96.73,96.73,96.77,96.92,96.77,96.54,96.65,96.69,96.72,96.69,97.07,97.07,96.88,96.61,96.65,96.50,96.54,96.54
A-KJ752162,96.69,96.58,96.74,96.89,96.80,96.84,96.76,96.76,96.80,95.59,95.59,95.70,95.70,95.70,96.05,95.70,95.83,95.89,96.15,96.08,96.08,96.08,96.05,96.16,96.05,96.00,95.97,96.08,95.97,96.16,96.20,95.94,96.16,96.16,96.12,95.54,95.74,95.89,95.89,96.05,96.18,96.12,96.05,95.89,96.28,96.12,96.12,96.16,96.16,96.20,96.16,96.16,96.16,96.43,96.43,96.12,96.16,95.93,95.97,96.12,96.08,96.11,96.24,96.20,96.24,96.34,96.32,96.18,96.18,96.15,96.15,96.24,96.31,96.24,96.27,96.23,96.27,96.26,96.31,96.05,96.31,96.31,96.16,96.28,97.16,98.12,98.46,98.43,98.92,,95.74,95.70,95.51,95.93,96.70,96.66,96.55,96.55,96.58,96.58,96.54,96.55,96.53,95.89,96.47,96.47,96.47,96.79,96.66,96.66,96.62,96.51,96.47,96.31,96.30,96.34,96.35,96.62,96.55,96.39,96.91,96.57,96.58,96.58,96.62,96.69,96.47,96.24,96.34,96.38,96.42,96.35,96.72,96.74,96.43,96.31,96.35,96.12,96.16,96.16
A-LC514515,97.30,97.18,97.37,97.44,97.42,97.46,97.38,97.38,97.42,96.04,96.04,96.23,96.15,96.15,96.42,96.13,96.28,96.30,96.61,96.53,96.53,96.53,96.49,96.60,96.49,96.45,96.42,96.53,96.41,96.61,96.57,96.41,96.53,96.62,96.57,96.29,96.30,96.34,96.33,96.49,96.72,96.64,96.57,96.61,96.68,96.68,96.64,96.68,96.68,96.72,96.68,96.70,96.70,96.81,96.81,96.58,96.62,96.45,96.51,96.65,96.68,96.65,96.71,96.65,96.68,96.80,96.78,96.88,96.88,96.84,96.92,96.70,96.70,96.70,96.73,96.69,96.74,96.80,96.78,96.65,96.84,96.84,96.76,96.80,96.74,96.57,95.62,95.73,96.11,95.74,,99.92,99.50,97.64,98.40,98.32,98.05,98.02,98.06,98.06,98.04,98.02,98.03,96.19,97.06,97.06,96.91,97.08,97.04,97.04,97.01,97.04,97.01,96.91,96.84,96.88,96.80,97.14,97.14,97.24,97.72,96.96,96.91,96.91,96.95,97.19,97.29,96.84,96.99,96.99,97.03,97.03,97.42,97.43,97.22,96.87,96.91,96.84,96.87,96.87
A-LC514504,97.26,97.18,97.37,97.44,97.38,97.42,97.34,97.34,97.38,96.04,96.04,96.23,96.15,96.15,96.42,96.13,96.28,96.30,96.57,96.53,96.53,96.53,96.49,96.60,96.49,96.45,96.42,96.53,96.41,96.61,96.57,96.41,96.53,96.58,96.57,96.29,96.30,96.34,96.33,96.49,96.69,96.64,96.57,96.61,96.68,96.61,96.64,96.68,96.68,96.72,96.68,96.66,96.66,96.78,96.78,96.54,96.58,96.45,96.47,96.65,96.68,96.61,96.67,96.65,96.68,96.77,96.75,96.84,96.84,96.80,96.88,96.66,96.66,96.66,96.69,96.66,96.70,96.76,96.74,96.65,96.84,96.84,96.76,96.80,96.70,96.57,95.62,95.73,96.07,95.70,99.92,,99.50,97.64,98.40,98.32,98.01,98.02,98.06,98.06,98.00,98.02,98.00,96.19,97.06,97.06,96.91,97.08,97.01,97.01,96.97,97.01,96.97,96.91,96.80,96.84,96.80,97.14,97.14,97.20,97.69,96.92,96.91,96.91,96.95,97.15,97.29,96.84,96.96,96.96,96.99,97.03,97.38,97.39,97.22,96.87,96.91,96.84,96.87,96.87
A-MH166407,97.11,97.06,97.25,97.33,97.26,97.30,97.23,97.23,97.26,95.92,95.92,96.11,96.04,96.04,96.30,96.02,96.17,96.19,96.45,96.42,96.42,96.42,96.38,96.49,96.38,96.33,96.34,96.42,96.30,96.49,96.45,96.20,96.49,96.47,96.45,96.18,96.19,96.22,96.22,96.53,96.57,96.53,96.45,96.49,96.57,96.49,96.53,96.57,96.57,96.61,96.57,96.55,96.55,96.66,96.66,96.43,96.46,96.34,96.35,96.53,96.57,96.50,96.56,96.53,96.57,96.65,96.63,96.65,96.65,96.61,96.69,96.55,96.55,96.55,96.58,96.54,96.59,96.65,96.62,96.61,96.72,96.72,96.72,96.76,96.58,96.45,95.50,95.54,95.88,95.51,99.50,99.50,,97.45,98.21,98.13,97.97,97.98,98.02,98.02,97.96,97.98,97.96,96.00,96.95,96.95,96.72,96.89,96.81,96.81,96.78,96.81,96.70,96.64,96.53,96.57,96.53,96.87,96.87,97.08,97.57,96.88,96.87,96.87,96.91,97.04,97.18,96.72,96.84,96.84,96.88,96.91,97.26,97.27,97.03,96.72,96.76,96.76,96.80,96.80
A-PX212463,97.38,97.29,97.56,97.63,97.57,97.61,97.53,97.53,97.57,96.38,96.30,96.49,96.42,96.42,96.70,96.85,97.10,96.65,96.80,96.80,96.80,96.80,96.76,96.87,96.76,96.79,96.68,96.80,96.76,96.87,96.84,97.09,96.80,96.85,96.84,96.96,96.65,96.68,96.68,96.76,96.88,96.83,96.76,96.70,96.95,96.87,96.91,96.95,96.95,96.99,96.95,96.93,96.93,97.04,97.04,96.81,96.85,96.72,96.74,96.91,96.87,96.92,97.05,97.10,97.06,97.04,97.02,97.03,97.03,96.99,97.07,96.93,96.93,97.01,97.04,96.93,96.97,97.03,97.01,96.91,97.10,97.10,97.03,97.06,96.70,96.82,95.77,95.81,96.23,95.93,97.64,97.64,97.45,,98.78,98.70,98.93,98.93,98.97,98.97,98.92,98.93,98.92,97.01,97.48,97.48,97.22,97.46,97.31,97.31,97.27,97.16,97.27,97.14,97.11,97.15,97.10,97.45,97.37,97.24,97.69,96.96,96.87,96.87,96.91,97.11,97.26,96.80,96.92,96.92,96.96,97.67,97.53,97.54,97.29,96.99,97.03,96.95,96.99,96.99
A-OP717189,98.07,98.09,98.28,98.36,98.30,98.34,98.27,98.27,98.30,96.95,96.95,97.14,97.06,97.06,97.41,97.06,97.27,97.29,97.57,97.52,97.52,97.52,97.48,97.60,97.48,97.44,97.41,97.52,97.41,97.60,97.56,97.40,97.52,97.58,97.56,97.05,97.29,97.33,97.33,97.48,97.61,97.56,97.48,97.41,97.67,97.67,97.71,97.67,97.67,97.71,97.67,97.66,97.66,97.77,97.77,97.54,97.58,97.45,97.47,97.64,97.60,97.61,97.67,97.64,97.67,97.77,97.75,97.69,97.69,97.65,97.73,97.67,97.67,97.74,97.77,97.66,97.71,97.76,97.75,97.64,97.83,97.83,97.75,97.79,97.47,97.45,96.45,96.49,96.92,96.70,98.40,98.40,98.21,98.78,,99.92,99.39,99.39,99.43,99.43,99.39,99.39,99.38,97.18,98.06,98.06,97.90,98.07,98.00,98.00,97.97,97.85,97.89,97.75,97.73,97.76,97.71,98.06,97.98,97.97,98.53,97.73,97.64,97.64,97.67,97.88,98.02,97.56,97.69,97.69,97.73,97.90,98.27,98.27,97.98,97.67,97.71,97.64,97.67,97.67
A-OP717186,98.00,98.02,98.21,98.28,98.23,98.27,98.19,98.19,98.23,96.87,96.87,97.06,96.99,96.99,97.33,96.99,97.20,97.22,97.50,97.45,97.45,97.45,97.41,97.52,97.41,97.36,97.33,97.45,97.33,97.52,97.48,97.35,97.45,97.50,97.48,96.98,97.22,97.25,97.25,97.41,97.53,97.48,97.41,97.33,97.60,97.60,97.63,97.60,97.60,97.64,97.60,97.58,97.58,97.70,97.70,97.46,97.50,97.37,97.39,97.56,97.52,97.54,97.59,97.56,97.60,97.69,97.67,97.61,97.61,97.57,97.65,97.59,97.59,97.66,97.69,97.58,97.63,97.69,97.67,97.56,97.75,97.75,97.67,97.71,97.39,97.37,96.38,96.42,96.88,96.66,98.32,98.32,98.13,98.70,99.92,,99.31,99.31,99.35,99.35,99.31,99.31,99.31,97.10,97.98,97.98,97.83,97.99,97.93,97.93,97.89,97.77,97.81,97.67,97.65,97.69,97.64,97.98,97.90,97.89,98.46,97.65,97.56,97.56,97.60,97.81,97.94,97.48,97.61,97.61,97.65,97.83,98.19,98.20,97.90,97.60,97.64,97.56,97.60,97.60
A-LC569112,97.84,97.86,98.05,98.13,98.07,98.11,98.03,98.03,98.07,96.71,96.71,96.90,96.82,96.82,97.21,96.79,97.04,97.05,97.34,97.28,97.28,97.28,97.25,97.36,97.25,97.20,97.17,97.28,97.17,97.36,97.32,97.24,97.28,97.35,97.32,96.89,97.13,97.17,97.17,97.40,97.46,97.40,97.32,97.17,97.44,97.40,97.40,97.44,97.44,97.48,97.44,97.50,97.43,97.62,97.62,97.31,97.35,97.21,97.24,97.40,97.36,97.46,97.51,97.48,97.51,97.54,97.52,97.46,97.46,97.42,97.50,97.44,97.52,97.51,97.54,97.43,97.48,97.53,97.52,97.48,97.59,97.59,97.59,97.63,97.39,97.21,96.33,96.37,96.77,96.55,98.05,98.01,97.97,98.93,99.39,99.31,,99.92,99.96,99.96,99.92,99.92,99.92,96.94,97.90,97.90,97.67,97.83,97.77,97.77,97.74,97.62,97.66,97.51,97.50,97.53,97.48,97.82,97.74,97.74,98.23,97.42,97.32,97.32,97.36,97.58,97.78,97.32,97.46,97.46,97.50,97.63,98.00,98.00,97.74,97.44,97.48,97.48,97.51,97.51
A-LC228371,97.84,97.86,98.05,98.13,98.07,98.11,98.03,98.03,98.07,96.80,96.80,96.99,96.91,96.91,97.26,96.87,97.12,97.14,97.42,97.37,97.37,97.37,97.33,97.44,97.33,97.29,97.26,97.37,97.25,97.45,97.41,97.35,97.37,97.43,97.41,96.98,97.22,97.25,97.25,97.48,97.53,97.48,97.41,97.26,97.52,97.45,97.48,97.52,97.52,97.56,97.52,97.58,97.50,97.70,97.70,97.39,97.43,97.29,97.31,97.48,97.45,97.54,97.59,97.56,97.60,97.61,97.59,97.53,97.53,97.50,97.57,97.52,97.52,97.58,97.62,97.50,97.56,97.61,97.59,97.56,97.67,97.67,97.67,97.71,97.39,97.22,96.30,96.34,96.77,96.55,98.02,98.02,97.98,98.93,99.39,99.31,99.92,,99.96,99.96,99.92,99.92,99.92,96.95,97.98,97.98,97.75,97.92,97.85,97.85,97.81,97.70,97.74,97.60,97.57,97.61,97.56,97.90,97.83,97.81,98.23,97.42,97.33,97.33,97.37,97.58,97.71,97.26,97.38,97.38,97.42,97.64,98.00,98.00,97.75,97.45,97.48,97.56,97.60,97.60
A-LC228349,97.88,97.90,98.09,98.17,98.11,98.15,98.07,98.07,98.11,96.76,96.76,96.95,96.87,96.87,97.22,96.84,97.08,97.10,97.38,97.33,97.33,97.33,97.29,97.40,97.29,97.25,97.22,97.33,97.22,97.41,97.37,97.29,97.33,97.39,97.37,96.94,97.18,97.21,97.21,97.45,97.50,97.44,97.37,97.22,97.48,97.41,97.44,97.48,97.48,97.52,97.48,97.54,97.47,97.66,97.66,97.35,97.39,97.26,97.28,97.45,97.41,97.50,97.55,97.52,97.56,97.57,97.55,97.50,97.50,97.46,97.53,97.48,97.48,97.55,97.58,97.46,97.52,97.57,97.56,97.52,97.64,97.64,97.64,97.67,97.43,97.26,96.34,96.38,96.81,96.58,98.06,98.06,98.02,98.97,99.43,99.35,99.96,99.96,,100.00,99.96,99.96,99.96,96.99,97.94,97.94,97.71,97.88,97.81,97.81,97.77,97.66,97.70,97.56,97.53,97.57,97.52,97.87,97.79,97.77,98.26,97.46,97.37,97.37,97.41,97.61,97.75,97.29,97.42,97.42,97.46,97.67,98.03,98.04,97.79,97.48,97.52,97.52,97.56,97.56
A-LC228338,97.88,97.90,98.09,98.17,98.11,98.15,98.07,98.07,98.11,96.76,96.76,96.95,96.87,96.87,97.22,96.84,97.08,97.10,97.38,97.33,97.33,97.33,97.29,97.40,97.29,97.25,97.22,97.33,97.22,97.41,97.37,97.29,97.33,97.39,97.37,96.94,97.18,97.21,97.21,97.45,97.50,97.44,97.37,97.22,97.48,97.41,97.44,97.48,97.48,97.52,97.48,97.54,97.47,97.66,97.66,97.35,97.39,97.26,97.28,97.45,97.41,97.50,97.55,97.52,97.56,97.57,97.55,97.50,97.50,97.46,97.53,97.48,97.48,97.55,97.58,97.46,97.52,97.57,97.56,97.52,97.64,97.64,97.64,97.67,97.43,97.26,96.34,96.38,96.81,96.58,98.06,98.06,98.02,98.97,99.43,99.35,99.96,99.96,100.00,,99.96,99.96,99.96,96.99,97.94,97.94,97.71,97.88,97.81,97.81,97.77,97.66,97.70,97.56,97.53,97.57,97.52,97.87,97.79,97.77,98.26,97.46,97.37,97.37,97.41,97.61,97.75,97.29,97.42,97.42,97.46,97.67,98.03,98.04,97.79,97.48,97.52,97.52,97.56,97.56
A-LC569140,97.84,97.85,98.04,98.12,98.07,98.11,98.03,98.03,98.07,96.70,96.70,96.89,96.81,96.81,97.23,96.77,97.02,97.04,97.34,97.27,97.27,97.27,97.23,97.35,97.23,97.19,97.16,97.27,97.16,97.35,97.31,97.24,97.27,97.35,97.31,96.88,97.12,97.16,97.16,97.39,97.46,97.39,97.31,97.16,97.43,97.39,97.39,97.43,97.43,97.46,97.43,97.50,97.43,97.62,97.62,97.31,97.35,97.20,97.23,97.39,97.35,97.46,97.50,97.46,97.50,97.54,97.52,97.46,97.46,97.42,97.50,97.44,97.44,97.50,97.54,97.43,97.48,97.53,97.52,97.46,97.58,97.58,97.58,97.62,97.39,97.20,96.31,96.35,96.77,96.54,98.04,98.00,97.96,98.92,99.39,99.31,99.92,99.92,99.96,99.96,,99.92,99.92,96.93,97.89,97.89,97.66,97.82,97.77,97.77,97.73,97.62,97.66,97.50,97.50,97.53,97.46,97.81,97.73,97.73,98.23,97.42,97.31,97.31,97.35,97.58,97.69,97.23,97.38,97.38,97.42,97.62,98.00,98.00,97.73,97.43,97.46,97.46,97.50,97.50
A-LC569157,97.84,97.86,98.05,98.13,98.07,98.11,98.03,98.03,98.07,96.72,96.72,96.91,96.83,96.83,97.21,96.80,97.04,97.06,97.34,97.29,97.29,97.29,97.25,97.37,97.25,97.21,97.18,97.29,97.18,97.37,97.33,97.24,97.29,97.35,97.33,96.90,97.14,97.25,97.25,97.41,97.46,97.41,97.33,97.18,97.44,97.37,97.41,97.44,97.44,97.48,97.44,97.50,97.43,97.62,97.62,97.31,97.35,97.21,97.24,97.41,97.37,97.46,97.51,97.48,97.52,97.54,97.52,97.46,97.46,97.42,97.50,97.44,97.44,97.51,97.54,97.43,97.48,97.53,97.52,97.48,97.60,97.60,97.60,97.63,97.39,97.21,96.30,96.34,96.77,96.55,98.02,98.02,97.98,98.93,99.39,99.31,99.92,99.92,99.96,99.96,99.92,,99.92,96.95,97.90,97.90,97.67,97.84,97.77,97.77,97.74,97.62,97.66,97.52,97.50,97.53,97.48,97.83,97.75,97.74,98.23,97.42,97.33,97.33,97.37,97.58,97.71,97.25,97.38,97.38,97.42,97.63,98.00,98.00,97.83,97.44,97.48,97.48,97.52,97.52
A-LC477480,97.84,97.84,98.03,98.11,98.07,98.11,98.03,98.03,98.07,96.69,96.69,96.88,96.80,96.80,97.23,96.76,97.01,97.03,97.34,97.26,97.26,97.26,97.23,97.34,97.23,97.18,97.15,97.26,97.15,97.34,97.30,97.29,97.26,97.34,97.30,96.87,97.11,97.15,97.15,97.38,97.46,97.38,97.30,97.15,97.42,97.38,97.38,97.42,97.42,97.46,97.42,97.50,97.42,97.61,97.61,97.30,97.34,97.19,97.23,97.46,97.42,97.46,97.50,97.46,97.50,97.53,97.51,97.46,97.46,97.42,97.50,97.44,97.44,97.50,97.53,97.42,97.48,97.53,97.52,97.46,97.57,97.57,97.57,97.61,97.38,97.26,96.30,96.34,96.76,96.53,98.03,98.00,97.96,98.92,99.38,99.31,99.92,99.92,99.96,99.96,99.92,99.92,,96.92,97.88,97.88,97.73,97.82,97.76,97.76,97.73,97.61,97.65,97.50,97.50,97.53,97.46,97.80,97.73,97.73,98.23,97.42,97.30,97.30,97.34,97.57,97.69,97.23,97.38,97.38,97.42,97.61,98.00,98.00,97.73,97.42,97.46,97.46,97.50,97.50
A-PX212465,97.19,97.21,97.33,97.48,97.46,97.50,97.42,97.42,97.46,96.45,96.30,96.49,96.42,96.42,96.68,96.85,97.10,96.65,96.80,96.80,96.80,96.80,96.84,96.95,96.84,96.71,96.68,96.80,96.76,96.87,96.84,97.09,96.80,96.85,96.84,96.65,96.68,96.68,96.68,96.61,96.80,96.76,96.68,96.85,96.95,96.87,96.91,96.95,96.95,96.99,96.95,96.85,96.85,97.01,97.01,96.81,96.89,96.72,96.74,96.91,96.87,96.88,96.94,96.91,96.95,97.04,97.02,96.92,96.96,96.92,96.92,96.93,96.93,96.93,96.96,96.93,96.97,97.03,97.01,96.91,97.10,97.10,96.95,97.06,96.58,96.65,95.73,95.77,96.27,95.89,96.19,96.19,96.00,97.01,97.18,97.10,96.94,96.95,96.99,96.99,96.93,96.95,96.92,,98.21,98.21,98.82,98.64,98.81,98.81,98.77,98.35,98.23,98.24,98.23,98.27,98.28,98.55,98.48,97.04,97.38,96.61,96.57,96.57,96.61,96.81,96.68,96.45,96.53,96.57,96.61,97.52,97.23,97.24,96.91,96.68,96.72,96.57,96.61,96.61
A-KU356575,97.96,97.86,98.02,98.17,98.07,98.11,98.03,98.03,98.07,97.14,96.99,97.18,97.10,97.10,97.45,97.10,97.35,97.33,97.61,97.56,97.56,97.56,97.52,97.63,97.52,97.40,97.45,97.56,97.44,97.64,97.60,97.40,97.56,97.62,97.60,97.05,97.33,97.37,97.37,97.45,97.65,97.60,97.52,97.45,97.71,97.64,97.67,97.71,97.71,97.75,97.71,97.62,97.62,97.85,97.85,97.66,97.73,97.48,97.51,97.67,97.64,97.65,97.70,97.67,97.71,97.81,97.79,97.69,97.73,97.69,97.69,97.71,97.71,97.70,97.73,97.69,97.75,97.80,97.79,97.67,97.87,97.87,97.71,97.83,97.39,97.26,96.45,96.42,96.84,96.47,97.06,97.06,96.95,97.48,98.06,97.98,97.90,97.98,97.94,97.94,97.89,97.90,97.88,98.21,,100.00,98.89,99.10,99.04,99.04,99.00,98.89,98.77,98.78,98.77,98.81,98.74,99.09,99.01,97.89,98.26,97.50,97.37,97.37,97.41,97.61,97.56,97.26,97.34,97.38,97.42,97.64,97.96,97.97,97.64,97.48,97.52,97.37,97.41,97.41
A-HQ641356,97.96,97.86,98.02,98.17,98.07,98.11,98.03,98.03,98.07,97.14,96.99,97.18,97.10,97.10,97.45,97.10,97.35,97.33,97.61,97.56,97.56,97.56,97.52,97.63,97.52,97.40,97.45,97.56,97.44,97.64,97.60,97.40,97.56,97.62,97.60,97.05,97.33,97.37,97.37,97.45,97.65,97.60,97.52,97.45,97.71,97.64,97.67,97.71,97.71,97.75,97.71,97.62,97.62,97.85,97.85,97.66,97.73,97.48,97.51,97.67,97.64,97.65,97.70,97.67,97.71,97.81,97.79,97.69,97.73,97.69,97.69,97.71,97.71,97.70,97.73,97.69,97.75,97.80,97.79,97.67,97.87,97.87,97.71,97.83,97.39,97.26,96.45,96.42,96.84,96.47,97.06,97.06,96.95,97.48,98.06,97.98,97.90,97.98,97.94,97.94,97.89,97.90,97.88,98.21,100.00,,98.89,99.10,99.04,99.04,99.00,98.89,98.77,98.78,98.77,98.81,98.74,99.09,99.01,97.89,98.26,97.50,97.37,97.37,97.41,97.61,97.56,97.26,97.34,97.38,97.42,97.64,97.96,97.97,97.64,97.48,97.52,97.37,97.41,97.41
A-KC178772,97.84,97.83,97.94,98.09,98.07,98.11,98.03,98.03,98.07,97.06,96.91,97.10,97.03,97.03,97.37,96.99,97.24,97.26,97.53,97.48,97.48,97.48,97.45,97.63,97.52,97.33,97.37,97.48,97.37,97.56,97.52,97.61,97.48,97.54,97.52,96.86,97.29,97.29,97.29,97.29,97.50,97.44,97.45,97.45,97.64,97.56,97.60,97.64,97.64,97.67,97.64,97.54,97.54,97.70,97.70,97.50,97.58,97.41,97.43,97.67,97.64,97.58,97.63,97.60,97.64,97.73,97.71,97.61,97.65,97.61,97.61,97.63,97.63,97.62,97.65,97.62,97.67,97.73,97.71,97.60,97.79,97.79,97.64,97.75,97.24,97.26,96.30,96.34,96.84,96.47,96.91,96.91,96.72,97.22,97.90,97.83,97.67,97.75,97.71,97.71,97.66,97.67,97.73,98.82,98.89,98.89,,99.36,99.62,99.62,99.58,99.16,99.04,99.05,99.04,99.08,99.03,99.35,99.28,97.81,98.11,97.26,97.22,97.22,97.26,97.46,97.33,97.10,97.19,97.23,97.26,97.52,97.88,97.89,97.56,97.33,97.37,97.29,97.33,97.33
A-KC178778,98.05,97.99,98.11,98.26,98.16,98.20,98.12,98.12,98.16,97.31,97.15,97.34,97.27,97.27,97.46,97.23,97.48,97.50,97.70,97.65,97.65,97.65,97.61,97.72,97.61,97.64,97.53,97.65,97.61,97.73,97.69,97.61,97.65,97.71,97.69,97.11,97.42,97.46,97.45,97.46,97.66,97.61,97.53,97.53,97.80,97.73,97.76,97.80,97.80,97.84,97.80,97.71,97.71,97.86,97.86,97.67,97.75,97.57,97.60,97.76,97.73,97.74,97.79,97.76,97.80,97.90,97.88,97.78,97.82,97.78,97.78,97.80,97.88,97.79,97.82,97.78,97.84,97.89,97.88,97.76,97.95,97.95,97.80,97.92,97.40,97.34,96.62,96.66,97.09,96.79,97.08,97.08,96.89,97.46,98.07,97.99,97.83,97.92,97.88,97.88,97.82,97.84,97.82,98.64,99.10,99.10,99.36,,99.59,99.59,99.55,99.36,99.25,99.25,99.24,99.28,99.21,99.56,99.48,97.90,98.28,97.43,97.38,97.38,97.42,97.63,97.50,97.27,97.35,97.39,97.43,97.76,98.05,98.06,97.73,97.50,97.53,97.46,97.50,97.50
A-KC443764,98.00,97.93,98.12,98.20,98.11,98.15,98.07,98.07,98.11,97.16,97.01,97.20,97.12,97.12,97.47,97.08,97.33,97.35,97.65,97.58,97.58,97.58,97.54,97.74,97.62,97.42,97.47,97.58,97.47,97.66,97.62,97.55,97.58,97.66,97.62,96.96,97.35,97.39,97.39,97.39,97.61,97.54,97.47,97.54,97.74,97.70,97.70,97.74,97.74,97.77,97.74,97.66,97.66,97.81,97.81,97.62,97.69,97.50,97.54,97.70,97.66,97.69,97.74,97.70,97.74,97.84,97.82,97.73,97.76,97.73,97.73,97.75,97.83,97.74,97.77,97.73,97.79,97.84,97.83,97.70,97.89,97.89,97.74,97.85,97.43,97.35,96.51,96.55,96.96,96.66,97.04,97.01,96.81,97.31,98.00,97.93,97.77,97.85,97.81,97.81,97.77,97.77,97.76,98.81,99.04,99.04,99.62,99.59,,100.00,99.96,99.31,99.19,99.19,99.19,99.23,99.16,99.50,99.42,97.93,98.23,97.38,97.31,97.31,97.35,97.58,97.43,97.20,97.30,97.34,97.38,97.62,98.00,98.00,97.66,97.43,97.47,97.39,97.43,97.43
A-KC443324,98.00,97.93,98.12,98.20,98.11,98.15,98.07,98.07,98.11,97.16,97.01,97.20,97.12,97.12,97.47,97.08,97.33,97.35,97.65,97.58,97.58,97.58,97.54,97.74,97.62,97.42,97.47,97.58,97.47,97.66,97.62,97.55,97.58,97.66,97.62,96.96,97.35,97.39,97.39,97.39,97.61,97.54,97.47,97.54,97.74,97.70,97.70,97.74,97.74,97.77,97.74,97.66,97.66,97.81,97.81,97.62,97.69,97.50,97.54,97.70,97.66,97.69,97.74,97.70,97.74,97.84,97.82,97.73,97.76,97.73,97.73,97.75,97.83,97.74,97.77,97.73,97.79,97.84,97.83,97.70,97.89,97.89,97.74,97.85,97.43,97.35,96.51,96.55,96.96,96.66,97.04,97.01,96.81,97.31,98.00,97.93,97.77,97.85,97.81,97.81,97.77,97.77,97.76,98.81,99.04,99.04,99.62,99.59,100.00,,99.96,99.31,99.19,99.19,99.19,99.23,99.16,99.50,99.42,97.93,98.23,97.38,97.31,97.31,97.35,97.58,97.43,97.20,97.30,97.34,97.38,97.62,98.00,98.00,97.66,97.43,97.47,97.39,97.43,97.43
A-KC443632,97.96,97.89,98.08,98.16,98.07,98.11,98.03,98.03,98.07,97.12,96.97,97.16,97.08,97.08,97.43,97.04,97.29,97.31,97.61,97.54,97.54,97.54,97.50,97.70,97.58,97.38,97.43,97.54,97.43,97.62,97.58,97.50,97.54,97.62,97.58,96.92,97.31,97.35,97.35,97.35,97.57,97.50,97.43,97.50,97.70,97.66,97.66,97.70,97.70,97.74,97.70,97.62,97.62,97.77,97.77,97.58,97.66,97.47,97.50,97.66,97.62,97.65,97.70,97.66,97.70,97.81,97.79,97.69,97.73,97.69,97.69,97.71,97.79,97.70,97.73,97.69,97.75,97.80,97.79,97.66,97.85,97.85,97.70,97.81,97.39,97.31,96.47,96.51,96.92,96.62,97.01,96.97,96.78,97.27,97.97,97.89,97.74,97.81,97.77,97.77,97.73,97.74,97.73,98.77,99.00,99.00,99.58,99.55,99.96,99.96,,99.27,99.16,99.16,99.15,99.19,99.12,99.46,99.39,97.89,98.19,97.34,97.27,97.27,97.31,97.54,97.39,97.16,97.26,97.30,97.34,97.58,97.96,97.97,97.62,97.39,97.43,97.35,97.39,97.39
A-KC442975,97.92,97.93,97.97,98.12,98.03,98.07,98.00,98.00,98.03,97.08,96.93,97.12,97.04,97.04,97.39,97.01,97.26,97.27,97.57,97.50,97.50,97.50,97.47,97.58,97.47,97.35,97.39,97.50,97.39,97.58,97.54,97.40,97.50,97.58,97.54,96.88,97.27,97.31,97.31,97.31,97.53,97.47,97.39,97.39,97.66,97.62,97.62,97.66,97.74,97.70,97.66,97.58,97.58,97.66,97.66,97.54,97.62,97.43,97.47,97.62,97.58,97.61,97.66,97.62,97.66,97.77,97.75,97.65,97.69,97.65,97.65,97.67,97.67,97.66,97.69,97.66,97.71,97.76,97.75,97.62,97.81,97.81,97.66,97.77,97.27,97.12,96.43,96.47,96.81,96.51,97.04,97.01,96.81,97.16,97.85,97.77,97.62,97.70,97.66,97.66,97.62,97.62,97.61,98.35,98.89,98.89,99.16,99.36,99.31,99.31,99.27,,99.04,99.04,99.04,99.08,99.00,99.35,99.27,97.85,98.23,97.38,97.31,97.31,97.35,97.58,97.43,97.20,97.30,97.34,97.38,97.54,97.92,97.93,97.50,97.35,97.39,97.31,97.35,97.35
A-KC442964,97.88,97.81,97.93,98.08,98.00,98.03,97.96,97.96,98.00,96.97,96.81,97.01,96.93,96.93,97.35,96.89,97.14,97.16,97.46,97.47,97.47,97.47,97.43,97.47,97.43,97.23,97.27,97.39,97.27,97.47,97.43,97.29,97.39,97.47,97.43,96.77,97.16,97.20,97.20,97.20,97.42,97.35,97.27,97.27,97.54,97.50,97.50,97.54,97.54,97.58,97.54,97.47,97.47,97.62,97.62,97.43,97.50,97.31,97.35,97.50,97.47,97.50,97.54,97.50,97.54,97.65,97.63,97.61,97.65,97.61,97.61,97.56,97.56,97.54,97.58,97.54,97.59,97.65,97.63,97.50,97.70,97.70,97.54,97.66,97.08,97.01,96.31,96.35,96.69,96.47,97.01,96.97,96.70,97.27,97.89,97.81,97.66,97.74,97.70,97.70,97.66,97.66,97.65,98.23,98.77,98.77,99.04,99.25,99.19,99.19,99.16,99.04,,99.31,99.31,99.34,99.04,99.39,99.39,97.66,98.03,97.26,97.20,97.20,97.24,97.46,97.31,97.08,97.19,97.23,97.26,97.43,97.80,97.81,97.54,97.31,97.35,97.27,97.31,97.31
A-KJ940061,97.73,97.75,97.86,98.02,97.92,97.96,97.88,97.88,97.92,96.95,96.80,96.99,96.91,96.91,97.18,96.87,97.12,97.14,97.42,97.44,97.44,97.44,97.41,97.44,97.33,97.21,97.25,97.37,97.25,97.44,97.41,97.35,97.37,97.43,97.41,96.71,97.10,97.14,97.14,97.14,97.34,97.29,97.21,97.21,97.48,97.41,97.44,97.48,97.48,97.52,97.48,97.39,97.39,97.54,97.54,97.43,97.50,97.33,97.35,97.44,97.41,97.50,97.48,97.44,97.48,97.57,97.59,97.53,97.57,97.53,97.53,97.56,97.48,97.47,97.50,97.46,97.59,97.57,97.56,97.44,97.63,97.63,97.48,97.60,97.01,96.99,96.22,96.26,96.61,96.31,96.91,96.91,96.64,97.14,97.75,97.67,97.51,97.60,97.56,97.56,97.50,97.52,97.50,98.24,98.78,98.78,99.05,99.25,99.19,99.19,99.16,99.04,99.31,,99.31,99.34,99.05,99.39,99.31,97.58,97.96,97.15,97.10,97.10,97.14,97.31,97.18,96.95,97.03,97.07,97.11,97.37,97.73,97.74,97.48,97.18,97.21,97.14,97.18,97.18
A-KF716369,97.80,97.73,97.76,97.92,97.84,97.88,97.80,97.80,97.84,96.88,96.72,96.92,96.84,96.84,97.19,96.80,97.05,97.07,97.38,97.38,97.38,97.38,97.34,97.38,97.26,97.14,97.19,97.30,97.19,97.38,97.34,97.29,97.30,97.38,97.34,96.68,97.15,97.19,97.19,97.11,97.34,97.26,97.19,97.26,97.53,97.50,97.50,97.53,97.53,97.57,97.53,97.38,97.38,97.53,97.53,97.34,97.42,97.30,97.34,97.42,97.38,97.50,97.53,97.50,97.53,97.57,97.59,97.61,97.65,97.61,97.61,97.56,97.56,97.53,97.57,97.53,97.59,97.65,97.63,97.50,97.69,97.69,97.53,97.65,97.07,96.92,96.22,96.18,96.61,96.30,96.84,96.80,96.53,97.11,97.73,97.65,97.50,97.57,97.53,97.53,97.50,97.50,97.50,98.23,98.77,98.77,99.04,99.24,99.19,99.19,99.15,99.04,99.31,99.31,,99.96,99.04,99.38,99.31,97.65,97.96,97.19,97.11,97.11,97.15,97.46,97.23,96.99,97.11,97.15,97.19,97.34,97.73,97.73,97.53,97.15,97.19,97.19,97.23,97.23
A-KF716364,97.84,97.76,97.80,97.96,97.88,97.92,97.84,97.84,97.88,96.92,96.76,96.96,96.88,96.88,97.23,96.84,97.09,97.11,97.42,97.42,97.42,97.42,97.38,97.42,97.30,97.18,97.23,97.34,97.23,97.42,97.38,97.35,97.34,97.42,97.38,96.71,97.19,97.23,97.23,97.15,97.38,97.30,97.23,97.30,97.57,97.53,97.53,97.57,97.57,97.61,97.57,97.42,97.42,97.57,97.57,97.38,97.46,97.34,97.38,97.46,97.42,97.53,97.57,97.53,97.57,97.61,97.63,97.65,97.69,97.65,97.65,97.59,97.59,97.57,97.61,97.57,97.63,97.69,97.67,97.53,97.73,97.73,97.57,97.69,97.11,96.96,96.26,96.22,96.65,96.34,96.88,96.84,96.57,97.15,97.76,97.69,97.53,97.61,97.57,97.57,97.53,97.53,97.53,98.27,98.81,98.81,99.08,99.28,99.23,99.23,99.19,99.08,99.34,99.34,99.96,,99.08,99.42,99.34,97.69,97.99,97.23,97.15,97.15,97.19,97.50,97.26,97.03,97.15,97.19,97.23,97.38,97.76,97.76,97.57,97.19,97.23,97.23,97.26,97.26
A-KU248395,97.69,97.63,97.75,97.90,97.80,97.84,97.76,97.76,97.80,96.87,96.72,96.91,96.84,96.84,97.10,96.80,97.05,97.06,97.34,97.37,97.37,97.37,97.33,97.37,97.33,97.13,97.18,97.29,97.18,97.37,97.33,97.61,97.29,97.35,97.33,96.67,97.06,97.10,97.10,97.10,97.30,97.25,97.18,97.18,97.45,97.37,97.41,97.45,97.45,97.48,97.45,97.35,97.35,97.50,97.50,97.31,97.39,97.22,97.24,97.41,97.37,97.38,97.44,97.41,97.45,97.54,97.52,97.50,97.53,97.50,97.50,97.44,97.44,97.43,97.46,97.43,97.48,97.53,97.52,97.41,97.60,97.60,97.45,97.56,97.04,96.99,96.19,96.23,96.65,96.35,96.80,96.80,96.53,97.10,97.71,97.64,97.48,97.56,97.52,97.52,97.46,97.48,97.46,98.28,98.74,98.74,99.03,99.21,99.16,99.16,99.12,99.00,99.04,99.05,99.04,99.08,,99.66,99.50,97.54,97.99,97.15,97.10,97.10,97.14,97.34,97.22,96.99,97.07,97.11,97.15,97.33,97.69,97.70,97.37,97.14,97.18,97.10,97.14,97.14
A-KU248406,98.03,97.98,98.09,98.24,98.15,98.19,98.11,98.11,98.15,97.22,97.06,97.26,97.18,97.18,97.45,97.14,97.39,97.41,97.69,97.71,97.71,97.71,97.67,97.71,97.67,97.48,97.52,97.64,97.52,97.71,97.67,97.61,97.64,97.70,97.67,97.02,97.41,97.44,97.44,97.45,97.65,97.60,97.52,97.52,97.79,97.71,97.75,97.79,97.79,97.83,97.79,97.70,97.70,97.85,97.85,97.66,97.73,97.56,97.58,97.75,97.71,97.73,97.78,97.75,97.79,97.88,97.86,97.84,97.88,97.84,97.84,97.79,97.79,97.78,97.81,97.77,97.83,97.88,97.87,97.75,97.94,97.94,97.79,97.90,97.31,97.26,96.45,96.49,96.92,96.62,97.14,97.14,96.87,97.45,98.06,97.98,97.82,97.90,97.87,97.87,97.81,97.83,97.80,98.55,99.09,99.09,99.35,99.56,99.50,99.50,99.46,99.35,99.39,99.39,99.38,99.42,99.66,,99.85,97.89,98.34,97.42,97.37,97.37,97.41,97.61,97.48,97.26,97.34,97.38,97.42,97.67,98.03,98.04,97.71,97.48,97.52,97.45,97.48,97.48
A-KU199271,97.96,97.90,98.02,98.17,98.07,98.11,98.03,98.03,98.07,97.14,96.99,97.18,97.10,97.10,97.37,97.06,97.31,97.33,97.61,97.64,97.64,97.64,97.60,97.63,97.60,97.40,97.45,97.56,97.44,97.64,97.60,97.50,97.56,97.62,97.60,96.94,97.33,97.37,97.37,97.37,97.57,97.52,97.45,97.45,97.71,97.64,97.67,97.71,97.71,97.75,97.71,97.62,97.62,97.77,97.77,97.58,97.66,97.48,97.51,97.67,97.64,97.65,97.70,97.67,97.71,97.81,97.79,97.76,97.80,97.76,97.76,97.71,97.71,97.70,97.73,97.69,97.75,97.80,97.79,97.67,97.94,97.94,97.71,97.83,97.24,97.18,96.38,96.42,96.84,96.55,97.14,97.14,96.87,97.37,97.98,97.90,97.74,97.83,97.79,97.79,97.73,97.75,97.73,98.48,99.01,99.01,99.28,99.48,99.42,99.42,99.39,99.27,99.39,99.31,99.31,99.34,99.50,99.85,,97.81,98.26,97.34,97.29,97.29,97.33,97.54,97.41,97.18,97.26,97.30,97.34,97.60,97.96,97.97,97.64,97.41,97.45,97.37,97.41,97.41
A-KC443008,97.96,97.89,97.97,98.12,98.03,98.07,98.00,98.00,98.03,96.97,96.97,97.16,97.08,97.08,97.39,97.04,97.33,97.31,97.50,97.50,97.50,97.50,97.47,97.66,97.54,97.38,97.39,97.58,97.43,97.58,97.58,97.50,97.54,97.62,97.58,96.96,97.31,97.39,97.39,97.39,97.61,97.54,97.47,97.54,97.74,97.70,97.70,97.74,97.81,97.77,97.74,97.58,97.58,97.77,97.77,97.54,97.58,97.50,97.54,97.62,97.58,97.69,97.74,97.70,97.74,97.77,97.79,97.80,97.76,97.65,97.73,97.75,97.75,97.74,97.77,97.73,97.79,97.84,97.83,97.66,97.89,97.89,97.74,97.85,97.39,97.35,96.31,96.35,96.84,96.39,97.24,97.20,97.08,97.24,97.97,97.89,97.74,97.81,97.77,97.77,97.73,97.74,97.73,97.04,97.89,97.89,97.81,97.90,97.93,97.93,97.89,97.85,97.66,97.58,97.65,97.69,97.54,97.89,97.81,,98.96,98.03,97.97,97.97,98.00,98.31,98.08,97.93,98.03,98.07,98.11,97.66,98.00,98.00,97.70,97.39,97.43,97.43,97.47,97.47
A-KR705202,98.38,98.34,98.50,98.65,98.57,98.61,98.53,98.53,98.57,97.30,97.30,97.49,97.42,97.42,97.76,97.38,97.63,97.65,97.96,97.88,97.88,97.88,97.84,97.96,97.92,97.72,97.76,97.88,97.76,97.96,97.92,97.81,97.88,97.96,97.92,97.33,97.61,97.69,97.69,97.76,97.99,97.92,97.84,97.76,98.03,97.99,97.99,98.03,98.11,98.07,98.03,97.96,97.96,98.15,98.15,97.96,97.99,97.80,97.84,97.99,97.96,97.99,98.03,97.99,98.03,98.15,98.13,98.07,98.07,97.96,98.03,98.06,98.06,98.03,98.07,98.07,98.10,98.15,98.14,97.92,98.19,98.19,98.03,98.15,97.84,97.80,96.80,96.84,97.26,96.91,97.72,97.69,97.57,97.69,98.53,98.46,98.23,98.23,98.26,98.26,98.23,98.23,98.23,97.38,98.26,98.26,98.11,98.28,98.23,98.23,98.19,98.23,98.03,97.96,97.96,97.99,97.99,98.34,98.26,98.96,,98.77,98.69,98.69,98.73,98.96,98.96,98.65,98.77,98.80,98.84,98.07,98.46,98.46,98.19,97.88,97.92,97.76,97.80,97.80
A-MN479265,97.61,97.57,97.73,97.88,97.88,97.92,97.84,97.84,97.88,96.53,96.53,96.72,96.65,96.65,96.92,96.53,96.78,96.80,97.11,97.03,97.03,97.03,96.99,97.11,97.07,96.87,96.92,97.19,96.92,97.11,97.07,96.88,97.03,97.11,97.07,96.48,96.76,96.84,96.84,96.99,97.15,97.07,97.07,96.99,97.19,97.15,97.15,97.19,97.26,97.23,97.19,97.19,97.19,97.30,97.30,97.07,97.11,96.96,96.99,97.23,97.11,97.15,97.19,97.15,97.19,97.30,97.28,97.23,97.23,97.11,97.19,97.21,97.21,97.19,97.23,97.19,97.24,97.30,97.28,97.07,97.34,97.34,97.19,97.30,97.30,97.34,96.49,96.53,96.80,96.57,96.96,96.92,96.88,96.96,97.73,97.65,97.42,97.42,97.46,97.46,97.42,97.42,97.42,96.61,97.50,97.50,97.26,97.43,97.38,97.38,97.34,97.38,97.26,97.15,97.19,97.23,97.15,97.42,97.34,98.03,98.77,,99.61,99.61,99.65,99.04,98.88,98.73,98.84,98.88,98.92,97.34,97.73,97.73,97.50,97.11,97.15,97.11,97.15,97.15
A-PP861649,97.53,97.52,97.67,97.83,97.73,97.76,97.69,97.69,97.73,96.49,96.49,96.68,96.61,96.61,96.80,96.49,96.74,96.76,97.11,97.06,97.06,97.06,97.03,97.06,97.03,96.83,96.87,97.06,96.87,97.06,97.03,96.83,96.99,97.04,97.03,96.56,96.80,96.79,96.79,96.99,97.07,97.06,97.06,96.95,97.14,97.06,97.10,97.14,97.22,97.18,97.14,97.12,97.12,97.24,97.24,97.08,97.12,96.91,96.93,97.10,97.14,97.07,97.13,97.10,97.14,97.23,97.21,97.15,97.15,97.03,97.11,97.13,97.13,97.12,97.15,97.12,97.17,97.23,97.21,97.03,97.29,97.29,97.14,97.26,97.31,97.29,96.42,96.45,96.73,96.58,96.91,96.91,96.87,96.87,97.64,97.56,97.32,97.33,97.37,97.37,97.31,97.33,97.30,96.57,97.37,97.37,97.22,97.38,97.31,97.31,97.27,97.31,97.20,97.10,97.11,97.15,97.10,97.37,97.29,97.97,98.69,99.61,,99.92,99.96,98.96,98.82,98.59,98.69,98.73,98.77,97.22,97.57,97.58,97.52,97.06,97.10,96.99,97.03,97.03
A-PP861659,97.53,97.60,97.75,97.90,97.80,97.84,97.76,97.76,97.80,96.53,96.53,96.72,96.65,96.65,96.84,96.53,96.78,96.80,97.15,97.10,97.10,97.10,97.06,97.10,97.06,96.87,96.91,97.10,96.91,97.10,97.06,96.88,97.03,97.08,97.06,96.52,96.80,96.79,96.79,96.95,97.07,97.03,97.03,96.95,97.14,97.06,97.10,97.14,97.22,97.18,97.14,97.12,97.12,97.24,97.24,97.08,97.12,96.91,96.93,97.10,97.14,97.07,97.13,97.10,97.14,97.23,97.21,97.15,97.15,97.03,97.11,97.13,97.13,97.12,97.15,97.12,97.17,97.23,97.21,97.03,97.29,97.29,97.14,97.26,97.31,97.29,96.42,96.45,96.73,96.58,96.91,96.91,96.87,96.87,97.64,97.56,97.32,97.33,97.37,97.37,97.31,97.33,97.30,96.57,97.37,97.37,97.22,97.38,97.31,97.31,97.27,97.31,97.20,97.10,97.11,97.15,97.10,97.37,97.29,97.97,98.69,99.61,99.92,,99.96,98.96,98.82,98.59,98.69,98.73,98.77,97.29,97.65,97.66,97.52,97.06,97.10,96.99,97.03,97.03
A-OP850455,97.57,97.56,97.71,97.86,97.76,97.80,97.73,97.73,97.76,96.53,96.53,96.72,96.65,96.65,96.84,96.53,96.78,96.80,97.15,97.10,97.10,97.10,97.06,97.10,97.06,96.87,96.91,97.10,96.91,97.10,97.06,96.88,97.03,97.08,97.06,96.56,96.84,96.83,96.83,96.99,97.11,97.06,97.06,96.99,97.18,97.10,97.14,97.18,97.26,97.22,97.18,97.16,97.16,97.27,97.27,97.12,97.16,96.95,96.97,97.14,97.18,97.11,97.17,97.14,97.18,97.27,97.25,97.19,97.19,97.07,97.15,97.17,97.17,97.16,97.19,97.16,97.21,97.26,97.24,97.06,97.33,97.33,97.18,97.29,97.35,97.33,96.45,96.49,96.77,96.62,96.95,96.95,96.91,96.91,97.67,97.60,97.36,97.37,97.41,97.41,97.35,97.37,97.34,96.61,97.41,97.41,97.26,97.42,97.35,97.35,97.31,97.35,97.24,97.14,97.15,97.19,97.14,97.41,97.33,98.00,98.73,99.65,99.96,99.96,,99.00,98.86,98.63,98.73,98.77,98.81,97.26,97.61,97.62,97.56,97.10,97.14,97.03,97.06,97.06
A-LC105581,97.88,97.84,97.92,98.08,98.00,98.03,97.96,97.96,98.00,96.81,96.81,97.00,96.92,96.92,97.11,96.81,96.98,97.07,97.30,97.23,97.23,97.23,97.19,97.31,97.19,97.15,97.11,97.31,97.19,97.31,97.34,97.45,97.31,97.38,97.34,96.68,97.04,97.11,97.11,97.11,97.34,97.27,97.27,97.27,97.46,97.42,97.42,97.46,97.54,97.50,97.46,97.31,97.31,97.50,97.50,97.27,97.31,97.23,97.27,97.34,97.31,97.42,97.46,97.42,97.46,97.50,97.52,97.50,97.50,97.38,97.46,97.48,97.48,97.46,97.50,97.46,97.52,97.57,97.56,97.34,97.61,97.61,97.46,97.58,97.50,97.54,96.61,96.65,96.92,96.69,97.19,97.15,97.04,97.11,97.88,97.81,97.58,97.58,97.61,97.61,97.58,97.58,97.57,96.81,97.61,97.61,97.46,97.63,97.58,97.58,97.54,97.58,97.46,97.31,97.46,97.50,97.34,97.61,97.54,98.31,98.96,99.04,98.96,98.96,99.00,,99.00,98.85,98.96,99.00,99.04,97.46,97.84,97.84,97.61,97.31,97.34,97.31,97.34,97.34
A-MG181657,97.65,97.63,97.86,97.94,97.84,97.88,97.80,97.80,97.84,96.61,96.61,96.80,96.72,96.72,96.99,96.61,96.85,96.87,97.15,97.10,97.10,97.10,97.06,97.18,97.06,96.94,96.99,97.18,96.99,97.18,97.14,97.09,97.18,97.16,97.14,96.71,96.84,96.91,96.91,97.14,97.26,97.29,97.29,97.10,97.26,97.18,97.21,97.26,97.41,97.37,97.33,97.24,97.24,97.35,97.35,97.12,97.16,97.03,97.05,97.22,97.18,97.19,97.25,97.22,97.26,97.34,97.32,97.26,97.26,97.23,97.30,97.24,97.32,97.24,97.27,97.23,97.28,97.34,97.32,97.22,97.41,97.41,97.33,97.37,97.35,97.33,96.38,96.42,96.77,96.47,97.29,97.29,97.18,97.26,98.02,97.94,97.78,97.71,97.75,97.75,97.69,97.71,97.69,96.68,97.56,97.56,97.33,97.50,97.43,97.43,97.39,97.43,97.31,97.18,97.23,97.26,97.22,97.48,97.41,98.08,98.96,98.88,98.82,98.82,98.86,99.00,,99.16,99.27,99.31,99.34,97.33,97.69,97.70,97.48,97.18,97.22,97.10,97.14,97.14
A-MW715607,97.50,97.41,97.60,97.71,97.61,97.65,97.65,97.65,97.69,96.45,96.45,96.65,96.57,96.57,96.84,96.45,96.70,96.72,96.99,96.95,96.95,96.95,96.91,97.02,96.91,96.79,96.84,97.10,96.83,97.03,96.99,96.77,97.03,97.01,96.99,96.56,96.76,96.83,96.83,96.99,97.11,97.14,97.14,96.95,97.10,97.03,97.06,97.10,97.26,97.22,97.18,97.08,97.08,97.20,97.20,96.96,97.00,96.95,96.89,97.14,97.03,97.04,97.09,97.06,97.10,97.19,97.17,97.11,97.11,96.99,97.07,97.09,97.17,97.09,97.12,97.08,97.13,97.19,97.17,96.99,97.26,97.26,97.10,97.22,97.12,97.18,96.23,96.26,96.54,96.24,96.84,96.84,96.72,96.80,97.56,97.48,97.32,97.26,97.29,97.29,97.23,97.25,97.23,96.45,97.26,97.26,97.10,97.27,97.20,97.20,97.16,97.20,97.08,96.95,96.99,97.03,96.99,97.26,97.18,97.93,98.65,98.73,98.59,98.59,98.63,98.85,99.16,,99.73,99.77,99.81,97.10,97.46,97.47,97.26,97.03,97.06,97.03,97.06,97.06
A-MG670668,97.61,97.50,97.65,97.80,97.73,97.76,97.76,97.76,97.80,96.53,96.53,96.72,96.65,96.65,96.99,96.53,96.78,96.80,97.11,97.03,97.03,97.03,96.99,97.11,96.99,96.87,96.92,97.19,96.92,97.11,97.07,96.83,97.11,97.11,97.07,96.64,96.76,96.84,96.84,97.07,97.23,97.23,97.23,97.03,97.19,97.15,97.15,97.19,97.34,97.30,97.26,97.11,97.11,97.30,97.30,97.07,97.11,96.96,96.99,97.23,97.11,97.15,97.19,97.15,97.19,97.30,97.28,97.23,97.23,97.11,97.19,97.21,97.28,97.19,97.23,97.19,97.24,97.30,97.28,97.07,97.34,97.34,97.19,97.30,97.23,97.26,96.34,96.38,96.65,96.34,96.99,96.96,96.84,96.92,97.69,97.61,97.46,97.38,97.42,97.42,97.38,97.38,97.38,96.53,97.34,97.34,97.19,97.35,97.30,97.30,97.26,97.30,97.19,97.03,97.11,97.15,97.07,97.34,97.26,98.03,98.77,98.84,98.69,98.69,98.73,98.96,99.27,99.73,,99.88,99.92,97.26,97.65,97.65,97.34,97.11,97.15,97.11,97.15,97.15
A-MG670673,97.65,97.53,97.69,97.84,97.76,97.80,97.80,97.80,97.84,96.57,96.57,96.76,96.69,96.69,97.03,96.57,96.82,96.84,97.15,97.07,97.07,97.07,97.03,97.15,97.03,96.91,96.96,97.23,96.96,97.15,97.11,96.88,97.15,97.15,97.11,96.68,96.80,96.88,96.88,97.11,97.26,97.26,97.26,97.07,97.23,97.19,97.19,97.23,97.38,97.34,97.30,97.15,97.15,97.34,97.34,97.11,97.15,96.99,97.03,97.26,97.15,97.19,97.23,97.19,97.23,97.34,97.32,97.26,97.26,97.15,97.23,97.24,97.32,97.23,97.26,97.23,97.28,97.34,97.32,97.11,97.38,97.38,97.23,97.34,97.26,97.30,96.38,96.42,96.69,96.38,96.99,96.96,96.84,96.92,97.69,97.61,97.46,97.38,97.42,97.42,97.38,97.38,97.38,96.57,97.38,97.38,97.23,97.39,97.34,97.34,97.30,97.34,97.23,97.07,97.15,97.19,97.11,97.38,97.30,98.07,98.80,98.88,98.73,98.73,98.77,99.00,99.31,99.77,99.88,,99.96,97.23,97.61,97.61,97.38,97.15,97.19,97.15,97.19,97.19
A-MG670671,97.69,97.57,97.73,97.88,97.80,97.84,97.84,97.84,97.88,96.61,96.61,96.80,96.72,96.72,97.07,96.61,96.86,96.88,97.19,97.11,97.11,97.11,97.07,97.19,97.07,96.95,96.99,97.26,96.99,97.19,97.15,96.93,97.19,97.19,97.15,96.71,96.84,96.92,96.92,97.15,97.30,97.30,97.30,97.11,97.26,97.23,97.23,97.26,97.42,97.38,97.34,97.19,97.19,97.38,97.38,97.15,97.19,97.03,97.07,97.30,97.19,97.23,97.26,97.23,97.26,97.38,97.36,97.30,97.30,97.19,97.26,97.28,97.36,97.26,97.30,97.26,97.32,97.38,97.36,97.15,97.42,97.42,97.26,97.38,97.30,97.34,96.42,96.45,96.72,96.42,97.03,96.99,96.88,96.96,97.73,97.65,97.50,97.42,97.46,97.46,97.42,97.42,97.42,96.61,97.42,97.42,97.26,97.43,97.38,97.38,97.34,97.38,97.26,97.11,97.19,97.23,97.15,97.42,97.34,98.11,98.84,98.92,98.77,98.77,98.81,99.04,99.34,99.81,99.92,99.96,,97.26,97.65,97.65,97.42,97.19,97.23,97.19,97.23,97.23
A-PX212500,98.30,98.44,98.59,98.74,98.73,98.77,98.69,98.69,98.73,97.48,97.52,97.67,97.60,97.60,97.71,97.98,98.28,97.75,97.92,97.90,97.90,97.90,97.87,97.98,97.87,97.82,97.79,97.90,97.86,97.98,97.87,98.05,97.90,97.97,97.94,97.80,97.45,97.60,97.59,97.75,97.96,97.90,97.83,97.69,97.94,97.87,97.90,97.94,97.94,97.98,97.94,97.93,97.93,98.12,98.12,97.89,97.92,97.79,97.81,97.98,97.94,97.96,98.01,98.06,98.02,98.11,98.09,98.00,98.03,97.92,98.00,98.02,98.02,98.01,98.04,98.00,98.06,98.11,98.10,97.90,98.09,98.09,98.02,98.13,97.24,97.33,96.30,96.34,96.69,96.35,97.03,97.03,96.91,97.67,97.90,97.83,97.63,97.64,97.67,97.67,97.62,97.63,97.61,97.52,97.64,97.64,97.52,97.76,97.62,97.62,97.58,97.54,97.43,97.37,97.34,97.38,97.33,97.67,97.60,97.66,98.07,97.34,97.22,97.29,97.26,97.46,97.33,97.10,97.26,97.23,97.26,,99.61,99.62,98.21,97.90,97.94,97.87,97.90,97.90
A-KJ919414,98.69,98.81,98.96,99.11,99.11,99.15,99.08,99.08,99.11,97.65,97.69,97.84,97.76,97.76,98.11,97.75,98.05,98.00,98.30,98.23,98.23,98.23,98.19,98.30,98.19,98.07,98.11,98.23,98.11,98.30,98.19,98.13,98.23,98.30,98.27,97.64,97.76,97.92,97.92,98.07,98.30,98.23,98.15,98.00,98.27,98.23,98.23,98.27,98.27,98.30,98.27,98.27,98.27,98.46,98.46,98.23,98.27,98.11,98.15,98.30,98.27,98.30,98.34,98.38,98.34,98.46,98.44,98.34,98.38,98.27,98.34,98.37,98.37,98.34,98.38,98.34,98.41,98.46,98.45,98.23,98.42,98.42,98.34,98.46,97.61,97.65,96.69,96.72,97.07,96.72,97.42,97.38,97.26,97.53,98.27,98.19,98.00,98.00,98.03,98.03,98.00,98.00,98.00,97.23,97.96,97.96,97.88,98.05,98.00,98.00,97.96,97.92,97.80,97.73,97.73,97.76,97.69,98.03,97.96,98.00,98.46,97.73,97.57,97.65,97.61,97.84,97.69,97.46,97.65,97.61,97.65,99.61,,100.00,98.57,98.27,98.30,98.23,98.27,98.27
A-KC443357,98.69,98.81,98.96,99.12,99.11,99.15,99.08,99.08,99.11,97.66,97.70,97.85,97.77,97.77,98.12,97.75,98.06,98.00,98.30,98.23,98.23,98.23,98.20,98.31,98.20,98.08,98.12,98.23,98.12,98.31,98.20,98.13,98.23,98.31,98.27,97.65,97.77,97.93,97.93,98.08,98.30,98.23,98.16,98.00,98.27,98.23,98.23,98.27,98.27,98.31,98.27,98.27,98.27,98.46,98.46,98.23,98.27,98.12,98.16,98.31,98.27,98.31,98.35,98.39,98.35,98.46,98.44,98.34,98.38,98.27,98.34,98.37,98.37,98.35,98.39,98.35,98.41,98.46,98.45,98.23,98.43,98.43,98.35,98.46,97.62,97.66,96.70,96.74,97.07,96.74,97.43,97.39,97.27,97.54,98.27,98.20,98.00,98.00,98.04,98.04,98.00,98.00,98.00,97.24,97.97,97.97,97.89,98.06,98.00,98.00,97.97,97.93,97.81,97.74,97.73,97.76,97.70,98.04,97.97,98.00,98.46,97.73,97.58,97.66,97.62,97.84,97.70,97.47,97.65,97.61,97.65,99.62,100.00,,98.58,98.27,98.31,98.23,98.27,98.27
A-KC834708,99.00,98.63,98.86,99.01,98.92,98.96,98.88,98.88,98.92,97.52,97.52,97.71,97.64,97.64,97.90,97.60,97.92,97.87,98.23,98.17,98.17,98.17,98.13,98.17,98.13,97.94,97.98,98.09,97.98,98.17,98.06,98.23,98.09,98.16,98.13,97.70,97.67,97.90,97.90,97.98,98.27,98.13,98.06,97.98,98.17,98.09,98.13,98.17,98.17,98.21,98.17,98.16,98.16,98.35,98.35,98.19,98.23,97.94,97.97,98.21,98.25,98.11,98.16,98.13,98.17,98.34,98.32,98.19,98.19,98.07,98.15,98.25,98.25,98.24,98.27,98.23,98.29,98.34,98.33,98.06,98.25,98.25,98.17,98.28,97.35,97.33,96.57,96.53,96.88,96.43,97.22,97.22,97.03,97.29,97.98,97.90,97.74,97.75,97.79,97.79,97.73,97.83,97.73,96.91,97.64,97.64,97.56,97.73,97.66,97.66,97.62,97.50,97.54,97.48,97.53,97.57,97.37,97.71,97.64,97.70,98.19,97.50,97.52,97.52,97.56,97.61,97.48,97.26,97.34,97.38,97.42,98.21,98.57,98.58,,98.70,98.74,98.40,98.44,98.44
A-LC169985,99.27,98.32,98.55,98.70,98.61,98.65,98.57,98.57,98.61,97.22,97.22,97.41,97.33,97.33,97.60,97.29,97.54,97.56,97.84,97.79,97.79,97.79,97.75,97.86,97.75,97.63,97.67,97.79,97.67,97.87,97.75,97.87,97.79,97.85,97.83,97.40,97.37,97.52,97.52,97.75,98.03,97.90,97.83,97.67,97.87,97.79,97.83,97.87,97.87,97.90,97.87,97.93,97.93,98.04,98.04,97.81,97.85,97.64,97.66,97.90,97.87,97.81,97.86,97.83,97.87,98.04,98.02,97.88,97.88,97.84,97.84,97.94,97.94,97.93,97.96,97.92,97.98,98.03,98.02,97.75,97.94,97.94,97.87,97.98,97.08,97.10,96.45,96.34,96.61,96.31,96.87,96.87,96.72,96.99,97.67,97.60,97.44,97.45,97.48,97.48,97.43,97.44,97.42,96.68,97.48,97.48,97.33,97.50,97.43,97.43,97.39,97.35,97.31,97.18,97.15,97.19,97.14,97.48,97.41,97.39,97.88,97.11,97.06,97.06,97.10,97.31,97.18,97.03,97.11,97.15,97.19,97.90,98.27,98.27,98.70,,99.96,98.70,98.74,98.74
A-LC169974,99.31,98.36,98.59,98.74,98.65,98.69,98.61,98.61,98.65,97.26,97.26,97.45,97.37,97.37,97.64,97.33,97.58,97.60,97.88,97.83,97.83,97.83,97.79,97.90,97.79,97.67,97.71,97.83,97.71,97.90,97.79,97.92,97.83,97.89,97.87,97.44,97.41,97.56,97.56,97.79,98.07,97.94,97.87,97.71,97.90,97.83,97.86,97.90,97.90,97.94,97.90,97.97,97.97,98.08,98.08,97.85,97.89,97.67,97.70,97.94,97.90,97.84,97.90,97.87,97.90,98.07,98.06,97.92,97.92,97.88,97.88,97.98,97.98,97.97,98.00,97.96,98.02,98.07,98.06,97.79,97.98,97.98,97.90,98.02,97.12,97.14,96.49,96.38,96.65,96.35,96.91,96.91,96.76,97.03,97.71,97.64,97.48,97.48,97.52,97.52,97.46,97.48,97.46,96.72,97.52,97.52,97.37,97.53,97.47,97.47,97.43,97.39,97.35,97.21,97.19,97.23,97.18,97.52,97.45,97.43,97.92,97.15,97.10,97.10,97.14,97.34,97.22,97.06,97.15,97.19,97.23,97.94,98.30,98.31,98.74,99.96,,98.74,98.78,98.78
A-PP861661,99.15,98.36,98.44,98.59,98.50,98.54,98.46,98.46,98.50,97.33,97.37,97.52,97.45,97.45,97.64,97.33,97.58,97.60,97.88,97.83,97.83,97.83,97.79,97.90,97.79,97.67,97.71,97.90,97.71,97.90,97.79,97.87,97.83,97.89,97.87,97.36,97.48,97.63,97.63,97.79,98.00,97.86,97.79,97.79,97.98,97.90,97.94,97.98,97.98,98.02,97.98,97.97,97.97,98.08,98.08,97.85,97.89,97.75,97.77,98.09,97.90,97.92,97.97,97.94,97.98,98.07,98.09,98.00,98.00,97.96,97.96,98.06,98.06,98.04,98.08,98.04,98.10,98.15,98.14,97.94,98.06,98.06,98.06,98.17,96.97,96.91,96.19,96.15,96.50,96.12,96.84,96.84,96.76,96.95,97.64,97.56,97.48,97.56,97.52,97.52,97.46,97.48,97.46,96.57,97.37,97.37,97.29,97.46,97.39,97.39,97.35,97.31,97.27,97.14,97.19,97.23,97.10,97.45,97.37,97.43,97.76,97.11,96.99,96.99,97.03,97.31,97.10,97.03,97.11,97.15,97.19,97.87,98.23,98.23,98.40,98.70,98.74,,99.96,99.96
A-PP861715,99.19,98.40,98.47,98.63,98.54,98.57,98.50,98.50,98.54,97.37,97.41,97.56,97.48,97.48,97.67,97.37,97.62,97.64,97.92,97.87,97.87,97.87,97.83,97.94,97.83,97.71,97.75,97.94,97.75,97.94,97.83,97.92,97.87,97.93,97.90,97.40,97.52,97.67,97.67,97.83,98.03,97.90,97.83,97.83,98.02,97.94,97.98,98.02,98.02,98.06,98.02,98.00,98.00,98.12,98.12,97.89,97.92,97.79,97.81,98.13,97.94,97.96,98.01,97.98,98.02,98.11,98.13,98.03,98.03,98.00,98.00,98.10,98.10,98.08,98.12,98.08,98.14,98.19,98.18,97.98,98.09,98.09,98.09,98.21,97.01,96.95,96.23,96.19,96.54,96.16,96.87,96.87,96.80,96.99,97.67,97.60,97.51,97.60,97.56,97.56,97.50,97.52,97.50,96.61,97.41,97.41,97.33,97.50,97.43,97.43,97.39,97.35,97.31,97.18,97.23,97.26,97.14,97.48,97.41,97.47,97.80,97.15,97.03,97.03,97.06,97.34,97.14,97.06,97.15,97.19,97.23,97.90,98.27,98.27,98.44,98.74,98.78,99.96,,100.00
A-OP850456,99.19,98.40,98.47,98.63,98.54,98.57,98.50,98.50,98.54,97.37,97.41,97.56,97.48,97.48,97.67,97.37,97.62,97.64,97.92,97.87,97.87,97.87,97.83,97.94,97.83,97.71,97.75,97.94,97.75,97.94,97.83,97.92,97.87,97.93,97.90,97.40,97.52,97.67,97.67,97.83,98.03,97.90,97.83,97.83,98.02,97.94,97.98,98.02,98.02,98.06,98.02,98.00,98.00,98.12,98.12,97.89,97.92,97.79,97.81,98.13,97.94,97.96,98.01,97.98,98.02,98.11,98.13,98.03,98.03,98.00,98.00,98.10,98.10,98.08,98.12,98.08,98.14,98.19,98.18,97.98,98.09,98.09,98.09,98.21,97.01,96.95,96.23,96.19,96.54,96.16,96.87,96.87,96.80,96.99,97.67,97.60,97.51,97.60,97.56,97.56,97.50,97.52,97.50,96.61,97.41,97.41,97.33,97.50,97.43,97.43,97.39,97.35,97.31,97.18,97.23,97.26,97.14,97.48,97.41,97.47,97.80,97.15,97.03,97.03,97.06,97.34,97.14,97.06,97.15,97.19,97.23,97.90,98.27,98.27,98.44,98.74,98.78,99.96,100.00,
