,C-KC443457,C-KC443202,C-KC178781,C-KC443633,C-KC443325,C-KC443765,C-MH170019,C-LC514516,C-LC514505,C-LC514494,C-PX212613,C-KJ721711,C-KU248407,C-KU248396,C-KU199272,C-MW715608,C-MG670699,C-MG670701,C-MG670696,C-LC105582,C-MN479423,C-PP861741,C-OP850468,C-PP861731,B-KC443369,B-KC443224,B-KJ639025,B-KJ639014,B-PX212549,B-OP850475,B-OP850472,B-OP850473,B-OP850470,B-OP850474,B-LC514472,B-LC514483,B-MZ546117,B-KX880419,B-KU550278,B-KU550275,B-KU550277,B-PX212551,B-LC541987,B-LC228328,B-LC228317,B-LC260268,B-MH704723,B-MH704722,B-LC469461,B-LC260266,B-KX880430,B-MH569755,B-LC325465,B-MF997037,B-LC228306,B-LC260272,B-MH569760,B-KU550276,B-KU550274,B-KU870387,B-KU870409,B-MT732500,B-LC386067,B-MT723919,B-MT410497,B-LC066641,B-LC066663,B-LC066652,B-LC169964,B-LC169953,B-LC169942,B-AB975754,B-AB975753,B-AB975725,B-AB975723,B-AB848009,B-LC751490,B-LC751460,B-KY616887,B-MG599526,B-MG599525,B-KU059790,B-MG670685,B-MG670702,B-MG670698,B-KU059779,B-KU059768,B-MG670694,B-LC086727,B-LC086716,A-KU356576,A-MG181889,A-MG181768,A-LC105571,A-KJ752163,A-HQ657140,A-KC443009,A-HQ641357,A-KF716382,A-KF716380,A-KC442965,A-KC442976,A-KC178786,A-KC443347,A-MG181658,A-KR705203,A-KJ721708,A-PX212611,A-OP717289,A-OP717286,A-LC569217,A-LC228372,A-LC228339,A-LC569172,A-LC569200,A-LC477510,A-LC228350,A-KC834705,A-PX212648,A-KJ919519,A-KC443358,A-MN479346,A-MN479342,A-MN479334,A-MN479333,A-MN479287,A-KJ721717,A-KJ721713,A-PX212628,A-LC086804,A-LC086738,A-LC086793,A-LC086782,A-KJ919584,A-PP861743,A-PP861797,A-OP850469,A-KF716374,A-LC169986,A-LC169975
C-KC443457,,99.96,98.72,99.08,99.08,99.08,91.46,91.50,91.58,91.58,91.04,91.46,91.42,91.46,91.50,91.22,91.10,91.14,91.26,91.26,91.22,91.14,91.22,91.22,87.90,87.78,87.66,87.82,87.86,87.74,87.74,87.78,87.78,87.82,87.50,87.82,87.70,87.82,87.78,87.78,87.82,87.78,87.74,87.82,87.78,87.94,87.78,87.82,87.98,87.90,87.90,87.82,87.82,87.78,87.86,87.82,87.82,87.78,87.78,87.74,87.78,87.74,87.74,87.54,87.70,87.90,87.86,87.82,87.70,87.74,87.74,87.75,87.87,87.83,87.98,87.98,87.90,87.90,87.90,87.86,87.90,88.02,87.98,87.98,87.94,88.02,87.98,88.02,88.02,88.02,88.82,87.62,87.54,87.70,87.62,87.23,88.18,87.70,87.90,88.02,87.94,88.14,88.22,88.26,87.62,88.06,87.86,87.39,87.90,87.82,87.54,87.62,87.54,87.66,87.58,87.66,87.66,88.02,87.90,87.90,87.94,87.58,87.54,87.58,87.58,87.58,87.54,87.47,88.00,87.98,88.10,88.10,88.02,88.14,87.39,87.43,87.58,87.66,87.62,87.66
C-KC443202,99.96,,98.76,99.12,99.12,99.12,91.42,91.46,91.54,91.54,91.00,91.42,91.38,91.42,91.46,91.18,91.06,91.10,91.22,91.22,91.18,91.10,91.18,91.18,87.86,87.74,87.62,87.78,87.82,87.70,87.70,87.74,87.74,87.78,87.47,87.78,87.66,87.78,87.74,87.74,87.78,87.74,87.70,87.78,87.74,87.90,87.74,87.78,87.94,87.86,87.86,87.78,87.78,87.74,87.82,87.78,87.78,87.74,87.74,87.70,87.74,87.70,87.70,87.50,87.66,87.86,87.82,87.78,87.66,87.70,87.70,87.71,87.83,87.79,87.94,87.94,87.86,87.86,87.86,87.82,87.86,87.98,87.94,87.94,87.90,87.98,87.94,87.98,87.98,87.98,88.78,87.58,87.50,87.66,87.58,87.19,88.14,87.66,87.86,87.98,87.90,88.10,88.18,88.22,87.58,88.02,87.82,87.35,87.86,87.78,87.50,87.58,87.50,87.62,87.54,87.62,87.62,87.98,87.86,87.86,87.90,87.54,87.50,87.54,87.54,87.54,87.50,87.43,87.96,87.94,88.06,88.06,87.98,88.10,87.35,87.39,87.54,87.70,87.58,87.62
C-KC178781,98.72,98.76,,99.64,99.64,99.64,91.74,91.70,91.78,91.78,91.16,91.58,91.62,91.66,91.70,91.42,91.30,91.34,91.46,91.42,91.42,91.22,91.30,91.30,87.58,87.47,87.35,87.50,87.47,87.35,87.43,87.39,87.39,87.43,87.19,87.50,87.39,87.50,87.47,87.47,87.50,87.47,87.50,87.50,87.47,87.62,87.47,87.50,87.66,87.58,87.58,87.50,87.50,87.47,87.54,87.50,87.50,87.47,87.47,87.43,87.47,87.50,87.50,87.31,87.47,87.58,87.54,87.50,87.47,87.58,87.58,87.46,87.59,87.55,87.66,87.66,87.58,87.58,87.58,87.54,87.58,87.82,87.78,87.70,87.66,87.74,87.70,87.74,87.74,87.74,88.50,87.07,86.99,87.47,87.31,86.99,87.94,87.31,87.58,87.70,87.62,87.82,87.90,88.02,87.31,87.66,87.47,87.07,87.66,87.58,87.23,87.31,87.31,87.35,87.27,87.35,87.35,87.70,87.58,87.58,87.62,87.35,87.31,87.35,87.35,87.35,87.23,87.15,87.60,87.58,87.70,87.70,87.62,87.74,87.07,87.11,87.27,87.35,87.31,87.35
C-KC443633,99.08,99.12,99.64,,100.00,100.00,91.90,91.86,91.94,91.94,91.40,91.82,91.78,91.82,91.86,91.58,91.46,91.50,91.62,91.58,91.58,91.38,91.46,91.46,87.78,87.66,87.54,87.70,87.66,87.54,87.54,87.58,87.58,87.62,87.39,87.70,87.58,87.70,87.66,87.66,87.70,87.66,87.70,87.70,87.66,87.82,87.66,87.70,87.86,87.78,87.78,87.70,87.70,87.66,87.74,87.70,87.70,87.66,87.66,87.62,87.66,87.62,87.62,87.43,87.58,87.78,87.74,87.70,87.58,87.62,87.62,87.63,87.75,87.71,87.86,87.86,87.78,87.78,87.78,87.74,87.78,88.02,87.90,87.90,87.86,87.94,87.90,87.94,87.94,87.94,88.70,87.27,87.19,87.66,87.50,87.19,88.14,87.50,87.78,87.90,87.82,88.02,88.10,88.22,87.58,87.94,87.74,87.27,87.78,87.70,87.43,87.50,87.43,87.54,87.47,87.54,87.54,87.90,87.78,87.78,87.82,87.54,87.50,87.54,87.54,87.54,87.43,87.35,87.88,87.86,87.98,87.98,87.90,88.02,87.19,87.23,87.39,87.54,87.43,87.47
C-KC443325,99.08,99.12,99.64,100.00,,100.00,91.90,91.86,91.94,91.94,91.40,91.82,91.78,91.82,91.86,91.58,91.46,91.50,91.62,91.58,91.58,91.38,91.46,91.46,87.78,87.66,87.54,87.70,87.66,87.54,87.54,87.58,87.58,87.62,87.39,87.70,87.58,87.70,87.66,87.66,87.70,87.66,87.70,87.70,87.66,87.82,87.66,87.70,87.86,87.78,87.78,87.70,87.70,87.66,87.74,87.70,87.70,87.66,87.66,87.62,87.66,87.62,87.62,87.43,87.58,87.78,87.74,87.70,87.58,87.62,87.62,87.63,87.75,87.71,87.86,87.86,87.78,87.78,87.78,87.74,87.78,88.02,87.90,87.90,87.86,87.94,87.90,87.94,87.94,87.94,88.70,87.27,87.19,87.66,87.50,87.19,88.14,87.50,87.78,87.90,87.82,88.02,88.10,88.22,87.58,87.94,87.74,87.27,87.78,87.70,87.43,87.50,87.43,87.54,87.47,87.54,87.54,87.90,87.78,87.78,87.82,87.54,87.50,87.54,87.54,87.54,87.43,87.35,87.88,87.86,87.98,87.98,87.90,88.02,87.19,87.23,87.39,87.54,87.43,87.47
C-KC443765,99.08,99.12,99.64,100.00,100.00,,91.90,91.86,91.94,91.94,91.40,91.82,91.78,91.82,91.86,91.58,91.46,91.50,91.62,91.58,91.58,91.38,91.46,91.46,87.78,87.66,87.54,87.70,87.66,87.54,87.54,87.58,87.58,87.62,87.39,87.70,87.58,87.70,87.66,87.66,87.70,87.66,87.70,87.70,87.66,87.82,87.66,87.70,87.86,87.78,87.78,87.70,87.70,87.66,87.74,87.70,87.70,87.66,87.66,87.62,87.66,87.62,87.62,87.43,87.58,87.78,87.74,87.70,87.58,87.62,87.62,87.63,87.75,87.71,87.86,87.86,87.78,87.78,87.78,87.74,87.78,88.02,87.90,87.90,87.86,87.94,87.90,87.94,87.94,87.94,88.70,87.27,87.19,87.66,87.50,87.19,88.14,87.50,87.78,87.90,87.82,88.02,88.10,88.22,87.58,87.94,87.74,87.27,87.78,87.70,87.43,87.50,87.43,87.54,87.47,87.54,87.54,87.90,87.78,87.78,87.82,87.54,87.50,87.54,87.54,87.54,87.43,87.35,87.88,87.86,87.98,87.98,87.90,88.02,87.19,87.23,87.39,87.54,87.43,87.47
C-MH170019,91.46,91.42,91.74,91.90,91.90,91.90,,99.04,99.12,99.16,97.29,97.80,98.52,98.56,98.60,97.76,97.80,97.84,97.96,98.20,98.16,97.88,97.96,97.96,87.62,87.50,87.27,87.43,87.25,87.23,87.31,87.19,87.19,87.23,87.15,87.31,87.19,87.39,87.35,87.35,87.39,87.43,87.43,87.43,87.39,87.66,87.47,87.47,87.70,87.62,87.62,87.31,87.43,87.43,87.50,87.47,87.62,87.43,87.43,87.39,87.43,87.39,87.39,87.31,87.43,87.54,87.58,87.54,87.50,87.54,87.54,87.34,87.46,87.43,87.62,87.62,87.62,87.62,87.62,87.58,87.62,87.66,87.66,87.62,87.58,87.66,87.62,87.66,87.66,87.66,90.14,87.15,87.07,87.35,87.03,87.23,87.58,87.47,87.66,87.70,87.70,87.90,87.90,87.58,87.19,87.58,87.47,87.66,87.74,87.66,87.50,87.58,87.54,87.54,87.54,87.62,87.62,87.74,87.60,87.62,87.66,87.39,87.43,87.39,87.39,87.39,87.35,87.27,87.70,87.54,87.66,87.74,87.58,87.70,87.50,87.54,87.70,87.47,87.90,87.94
C-LC514516,91.50,91.46,91.70,91.86,91.86,91.86,99.04,,99.92,99.88,97.19,97.60,98.28,98.32,98.36,97.52,97.56,97.60,97.72,97.96,97.92,97.80,97.80,97.80,87.50,87.39,87.23,87.39,87.21,87.11,87.27,87.15,87.15,87.19,87.11,87.27,87.15,87.35,87.31,87.31,87.35,87.39,87.39,87.39,87.35,87.62,87.43,87.35,87.66,87.58,87.58,87.27,87.39,87.39,87.39,87.43,87.58,87.39,87.39,87.35,87.39,87.35,87.35,87.27,87.39,87.50,87.54,87.50,87.47,87.50,87.50,87.30,87.42,87.39,87.58,87.58,87.58,87.58,87.58,87.54,87.58,87.62,87.62,87.58,87.54,87.62,87.58,87.62,87.62,87.62,90.26,87.27,87.19,87.47,87.15,87.35,87.62,87.50,87.82,87.86,87.74,88.02,88.02,87.86,87.15,87.62,87.50,87.62,87.70,87.62,87.47,87.54,87.50,87.50,87.50,87.58,87.58,87.70,87.56,87.58,87.62,87.27,87.31,87.27,87.27,87.27,87.31,87.23,87.58,87.50,87.62,87.70,87.54,87.66,87.54,87.58,87.74,87.43,87.86,87.90
C-LC514505,91.58,91.54,91.78,91.94,91.94,91.94,99.12,99.92,,99.96,97.27,97.68,98.36,98.40,98.44,97.60,97.64,97.68,97.80,98.04,98.00,97.80,97.88,97.88,87.58,87.47,87.23,87.39,87.21,87.11,87.27,87.15,87.15,87.19,87.11,87.27,87.15,87.35,87.31,87.31,87.35,87.39,87.39,87.39,87.35,87.62,87.43,87.35,87.66,87.58,87.58,87.27,87.39,87.39,87.39,87.43,87.58,87.39,87.39,87.35,87.39,87.35,87.35,87.27,87.39,87.50,87.54,87.50,87.47,87.50,87.50,87.30,87.42,87.39,87.58,87.58,87.58,87.58,87.58,87.54,87.58,87.62,87.62,87.58,87.54,87.62,87.58,87.62,87.62,87.62,90.34,87.27,87.19,87.47,87.15,87.35,87.62,87.50,87.82,87.86,87.74,88.02,88.02,87.86,87.15,87.62,87.50,87.62,87.70,87.62,87.47,87.54,87.50,87.50,87.50,87.58,87.58,87.70,87.56,87.58,87.62,87.27,87.31,87.27,87.27,87.27,87.31,87.23,87.58,87.50,87.62,87.70,87.54,87.66,87.54,87.58,87.74,87.43,87.86,87.90
C-LC514494,91.58,91.54,91.78,91.94,91.94,91.94,99.16,99.88,99.96,,97.31,97.72,98.40,98.44,98.48,97.64,97.68,97.72,97.84,98.08,98.04,97.84,97.92,97.92,87.58,87.47,87.23,87.39,87.21,87.11,87.27,87.15,87.15,87.19,87.11,87.27,87.15,87.35,87.31,87.31,87.35,87.39,87.39,87.39,87.35,87.62,87.43,87.35,87.66,87.58,87.58,87.27,87.39,87.39,87.39,87.43,87.58,87.39,87.39,87.35,87.39,87.35,87.35,87.27,87.39,87.50,87.54,87.50,87.47,87.50,87.50,87.30,87.42,87.39,87.58,87.58,87.58,87.58,87.58,87.54,87.58,87.62,87.62,87.58,87.54,87.62,87.58,87.62,87.62,87.62,90.34,87.27,87.19,87.47,87.15,87.35,87.62,87.50,87.82,87.86,87.74,88.02,88.02,87.86,87.15,87.62,87.50,87.62,87.70,87.62,87.47,87.54,87.50,87.50,87.50,87.58,87.58,87.70,87.56,87.58,87.62,87.27,87.31,87.27,87.27,87.27,87.31,87.23,87.58,87.50,87.62,87.70,87.54,87.66,87.54,87.58,87.74,87.43,87.86,87.90
C-PX212613,91.04,91.00,91.16,91.40,91.40,91.40,97.29,97.19,97.27,97.31,,98.74,98.26,98.30,98.38,97.54,97.50,97.54,97.66,97.94,97.82,97.62,97.70,97.70,87.60,87.49,87.25,87.31,87.15,87.13,87.13,87.17,87.17,87.21,87.13,87.25,87.09,87.29,87.25,87.25,87.29,87.41,87.41,87.41,87.37,87.56,87.45,87.45,87.68,87.60,87.60,87.33,87.45,87.41,87.41,87.45,87.52,87.41,87.41,87.29,87.41,87.29,87.29,87.21,87.33,87.52,87.56,87.52,87.41,87.45,87.45,87.42,87.46,87.43,87.60,87.60,87.60,87.60,87.60,87.56,87.60,87.64,87.64,87.60,87.56,87.64,87.60,87.64,87.64,87.64,90.36,87.29,87.21,87.49,87.17,87.43,87.84,87.64,87.84,87.88,87.72,87.84,88.04,87.90,87.45,87.68,87.52,87.41,87.56,87.49,87.33,87.41,87.37,87.37,87.37,87.45,87.45,87.76,87.62,87.64,87.68,87.31,87.35,87.31,87.31,87.31,87.25,87.17,87.68,87.60,87.72,87.72,87.64,87.76,87.29,87.33,87.49,87.29,87.56,87.60
C-KJ721711,91.46,91.42,91.58,91.82,91.82,91.82,97.80,97.60,97.68,97.72,98.74,,98.88,98.92,98.88,98.12,98.08,98.12,98.24,98.48,98.44,98.16,98.24,98.24,87.58,87.47,87.23,87.31,87.13,87.11,87.11,87.15,87.15,87.19,87.03,87.19,87.07,87.35,87.23,87.23,87.27,87.39,87.39,87.39,87.43,87.62,87.43,87.43,87.66,87.58,87.58,87.31,87.43,87.39,87.39,87.43,87.50,87.39,87.39,87.27,87.39,87.27,87.27,87.19,87.31,87.50,87.54,87.50,87.39,87.43,87.43,87.30,87.34,87.31,87.50,87.50,87.50,87.50,87.50,87.54,87.58,87.62,87.62,87.58,87.54,87.62,87.58,87.62,87.62,87.62,90.42,87.27,87.19,87.47,87.15,87.39,88.02,87.58,87.86,87.90,87.90,87.94,88.02,87.94,87.43,87.70,87.54,87.54,87.62,87.54,87.39,87.47,87.43,87.43,87.43,87.50,87.50,87.86,87.68,87.70,87.74,87.35,87.39,87.35,87.35,87.35,87.39,87.31,87.74,87.58,87.70,87.78,87.62,87.74,87.47,87.50,87.66,87.43,87.70,87.74
C-KU248407,91.42,91.38,91.62,91.78,91.78,91.78,98.52,98.28,98.36,98.40,98.26,98.88,,99.80,99.60,98.76,98.80,98.84,98.96,99.20,99.16,98.88,99.04,98.96,87.39,87.27,87.03,87.19,86.93,86.91,87.07,86.95,86.95,86.99,86.83,86.99,86.87,87.07,87.03,87.03,87.07,87.19,87.19,87.19,87.15,87.43,87.23,87.15,87.47,87.39,87.39,87.07,87.19,87.19,87.19,87.23,87.39,87.19,87.19,87.07,87.19,87.15,87.15,87.07,87.19,87.31,87.35,87.31,87.27,87.31,87.31,87.18,87.22,87.19,87.39,87.39,87.39,87.39,87.39,87.35,87.39,87.43,87.43,87.39,87.35,87.43,87.39,87.43,87.43,87.43,90.34,86.99,86.91,87.19,86.87,87.15,87.58,87.35,87.58,87.62,87.54,87.66,87.74,87.66,87.11,87.43,87.35,87.35,87.43,87.35,87.19,87.27,87.23,87.23,87.23,87.31,87.31,87.62,87.49,87.50,87.54,87.07,87.11,87.07,87.07,87.07,87.11,87.03,87.54,87.39,87.50,87.58,87.43,87.54,87.27,87.31,87.47,87.23,87.66,87.70
C-KU248396,91.46,91.42,91.66,91.82,91.82,91.82,98.56,98.32,98.40,98.44,98.30,98.92,99.80,,99.64,98.80,98.84,98.88,99.00,99.24,99.20,98.92,99.00,99.00,87.39,87.27,87.03,87.19,86.93,86.91,87.07,86.95,86.95,86.99,86.83,86.99,86.87,87.07,87.03,87.03,87.07,87.19,87.19,87.19,87.15,87.43,87.23,87.15,87.47,87.39,87.39,87.07,87.19,87.19,87.19,87.23,87.39,87.19,87.19,87.07,87.19,87.15,87.15,87.07,87.19,87.31,87.35,87.31,87.27,87.31,87.31,87.18,87.22,87.19,87.39,87.39,87.39,87.39,87.39,87.35,87.39,87.43,87.43,87.39,87.35,87.43,87.39,87.43,87.43,87.43,90.30,86.99,86.91,87.19,86.87,87.15,87.58,87.31,87.58,87.62,87.54,87.66,87.74,87.66,87.11,87.43,87.35,87.35,87.43,87.35,87.19,87.27,87.23,87.23,87.23,87.31,87.31,87.62,87.49,87.50,87.54,87.07,87.11,87.07,87.07,87.07,87.11,87.03,87.54,87.39,87.50,87.58,87.43,87.54,87.27,87.31,87.47,87.23,87.66,87.70
C-KU199272,91.50,91.46,91.70,91.86,91.86,91.86,98.60,98.36,98.44,98.48,98.38,98.88,99.60,99.64,,98.76,98.80,98.84,98.96,99.20,99.16,98.88,98.96,98.96,87.54,87.43,87.19,87.35,87.09,87.07,87.23,87.11,87.11,87.15,86.99,87.15,87.03,87.23,87.19,87.19,87.23,87.35,87.35,87.35,87.31,87.58,87.39,87.31,87.62,87.54,87.54,87.23,87.35,87.35,87.35,87.39,87.54,87.35,87.35,87.23,87.35,87.31,87.31,87.23,87.35,87.47,87.50,87.47,87.43,87.47,87.47,87.34,87.38,87.35,87.54,87.54,87.47,87.47,87.47,87.50,87.54,87.58,87.58,87.54,87.50,87.58,87.54,87.58,87.58,87.58,90.38,87.15,87.07,87.35,87.03,87.31,87.74,87.47,87.74,87.78,87.70,87.82,87.90,87.82,87.27,87.58,87.50,87.50,87.58,87.50,87.35,87.43,87.39,87.39,87.39,87.47,87.47,87.78,87.64,87.66,87.70,87.23,87.27,87.23,87.23,87.23,87.27,87.19,87.70,87.54,87.66,87.74,87.58,87.70,87.39,87.43,87.58,87.35,87.78,87.82
C-MW715608,91.22,91.18,91.42,91.58,91.58,91.58,97.76,97.52,97.60,97.64,97.54,98.12,98.76,98.80,98.76,,99.64,99.68,99.80,98.84,99.12,98.76,98.84,98.84,87.43,87.31,87.07,87.23,86.97,86.95,87.11,86.99,86.99,87.03,86.87,87.03,86.91,87.11,87.07,87.07,87.11,87.23,87.23,87.23,87.19,87.47,87.35,87.19,87.50,87.43,87.43,87.11,87.23,87.23,87.23,87.27,87.43,87.23,87.23,87.11,87.23,87.19,87.19,87.11,87.23,87.35,87.39,87.35,87.31,87.35,87.35,87.22,87.26,87.23,87.43,87.43,87.43,87.43,87.43,87.39,87.43,87.47,87.47,87.43,87.39,87.47,87.43,87.47,87.47,87.47,90.06,87.11,87.03,87.31,86.99,87.23,87.47,87.39,87.54,87.58,87.43,87.62,87.78,87.70,87.15,87.47,87.39,87.39,87.47,87.39,87.23,87.31,87.27,87.27,87.27,87.35,87.35,87.66,87.52,87.54,87.58,87.11,87.15,87.11,87.11,87.11,87.15,87.07,87.58,87.43,87.54,87.62,87.47,87.58,87.31,87.35,87.50,87.27,87.70,87.74
C-MG670699,91.10,91.06,91.30,91.46,91.46,91.46,97.80,97.56,97.64,97.68,97.50,98.08,98.80,98.84,98.80,99.64,,99.80,99.84,98.88,99.16,98.80,98.88,98.88,87.27,87.15,86.91,87.07,86.81,86.79,86.95,86.83,86.83,86.87,86.71,86.87,86.75,86.95,86.91,86.91,86.95,87.15,87.07,87.07,87.03,87.31,87.19,87.03,87.35,87.27,87.27,86.95,87.07,87.07,87.07,87.11,87.27,87.07,87.07,86.95,87.07,87.03,87.03,86.95,87.07,87.19,87.23,87.19,87.15,87.19,87.19,87.06,87.10,87.06,87.27,87.27,87.27,87.27,87.27,87.23,87.27,87.31,87.31,87.27,87.23,87.31,87.27,87.31,87.31,87.31,89.98,86.95,86.87,87.15,86.83,87.07,87.31,87.15,87.39,87.43,87.27,87.47,87.62,87.54,86.99,87.31,87.23,87.23,87.31,87.23,87.07,87.15,87.11,87.11,87.11,87.19,87.19,87.50,87.37,87.39,87.43,86.95,86.99,86.95,86.95,86.95,86.99,86.91,87.50,87.35,87.47,87.54,87.39,87.50,87.23,87.27,87.43,87.19,87.62,87.66
C-MG670701,91.14,91.10,91.34,91.50,91.50,91.50,97.84,97.60,97.68,97.72,97.54,98.12,98.84,98.88,98.84,99.68,99.80,,99.88,98.92,99.20,98.84,98.92,98.92,87.31,87.19,86.95,87.11,86.85,86.83,86.99,86.87,86.87,86.91,86.75,86.91,86.79,86.99,86.95,86.95,86.99,87.19,87.11,87.11,87.07,87.35,87.23,87.07,87.39,87.31,87.31,86.99,87.11,87.11,87.11,87.15,87.31,87.11,87.11,86.99,87.11,87.07,87.07,87.07,87.11,87.23,87.27,87.23,87.19,87.23,87.23,87.10,87.14,87.10,87.31,87.31,87.31,87.31,87.31,87.27,87.31,87.35,87.35,87.31,87.27,87.35,87.31,87.35,87.35,87.35,90.02,87.07,86.99,87.27,86.95,87.11,87.35,87.19,87.43,87.47,87.39,87.50,87.66,87.58,87.03,87.27,87.27,87.27,87.35,87.27,87.11,87.19,87.15,87.15,87.15,87.23,87.23,87.54,87.41,87.43,87.47,86.99,87.03,86.99,86.99,86.99,87.03,86.95,87.47,87.31,87.43,87.50,87.35,87.47,87.19,87.23,87.39,87.15,87.58,87.62
C-MG670696,91.26,91.22,91.46,91.62,91.62,91.62,97.96,97.72,97.80,97.84,97.66,98.24,98.96,99.00,98.96,99.80,99.84,99.88,,99.04,99.32,98.96,99.04,99.04,87.43,87.31,87.07,87.23,86.97,86.95,87.11,86.99,86.99,87.03,86.87,87.03,86.91,87.11,87.07,87.07,87.11,87.23,87.23,87.23,87.19,87.47,87.35,87.19,87.50,87.43,87.43,87.11,87.23,87.23,87.23,87.27,87.43,87.23,87.23,87.11,87.23,87.19,87.19,87.11,87.23,87.35,87.39,87.35,87.31,87.35,87.35,87.22,87.26,87.23,87.43,87.43,87.43,87.43,87.43,87.39,87.43,87.47,87.47,87.43,87.39,87.47,87.43,87.47,87.47,87.47,90.14,87.11,87.03,87.31,86.99,87.23,87.47,87.31,87.54,87.58,87.43,87.62,87.78,87.70,87.15,87.39,87.31,87.39,87.47,87.39,87.23,87.31,87.27,87.27,87.27,87.35,87.35,87.66,87.52,87.54,87.58,87.11,87.15,87.11,87.11,87.11,87.15,87.07,87.58,87.43,87.54,87.62,87.47,87.58,87.31,87.35,87.50,87.27,87.70,87.74
C-LC105582,91.26,91.22,91.42,91.58,91.58,91.58,98.20,97.96,98.04,98.08,97.94,98.48,99.20,99.24,99.20,98.84,98.88,98.92,99.04,,99.24,98.88,98.96,98.96,87.66,87.54,87.31,87.47,87.21,87.19,87.35,87.23,87.23,87.27,87.11,87.27,87.15,87.27,87.31,87.31,87.35,87.47,87.47,87.47,87.43,87.70,87.50,87.43,87.74,87.66,87.66,87.35,87.47,87.47,87.47,87.50,87.66,87.47,87.47,87.35,87.47,87.43,87.43,87.35,87.47,87.58,87.62,87.58,87.54,87.58,87.58,87.46,87.51,87.47,87.66,87.66,87.66,87.66,87.66,87.62,87.66,87.78,87.78,87.74,87.70,87.78,87.74,87.78,87.78,87.78,90.30,87.27,87.19,87.23,86.99,87.47,87.70,87.54,87.78,87.82,87.58,87.86,87.94,87.78,87.31,87.62,87.54,87.54,87.62,87.54,87.39,87.47,87.43,87.43,87.43,87.50,87.50,87.82,87.68,87.70,87.74,87.27,87.31,87.27,87.27,87.27,87.31,87.23,87.74,87.58,87.70,87.78,87.62,87.74,87.47,87.50,87.66,87.43,87.86,87.90
C-MN479423,91.22,91.18,91.42,91.58,91.58,91.58,98.16,97.92,98.00,98.04,97.82,98.44,99.16,99.20,99.16,99.12,99.16,99.20,99.32,99.24,,99.56,99.64,99.64,87.39,87.27,87.03,87.19,86.93,86.91,87.07,86.95,86.95,86.99,86.83,86.99,86.87,87.07,87.03,87.03,87.07,87.19,87.19,87.19,87.15,87.43,87.23,87.15,87.47,87.39,87.39,87.15,87.19,87.19,87.19,87.23,87.39,87.19,87.19,87.07,87.19,87.15,87.15,87.07,87.19,87.31,87.35,87.31,87.27,87.31,87.31,87.18,87.22,87.19,87.39,87.39,87.39,87.39,87.39,87.35,87.39,87.43,87.43,87.39,87.35,87.43,87.39,87.43,87.43,87.43,90.18,87.07,86.99,87.27,86.95,87.19,87.50,87.35,87.58,87.62,87.47,87.66,87.74,87.74,87.11,87.43,87.35,87.35,87.43,87.35,87.19,87.27,87.23,87.23,87.31,87.31,87.31,87.62,87.49,87.50,87.54,87.07,87.11,87.07,87.07,87.07,87.11,87.03,87.54,87.39,87.50,87.58,87.43,87.54,87.27,87.31,87.47,87.23,87.66,87.70
C-PP861741,91.14,91.10,91.22,91.38,91.38,91.38,97.88,97.80,97.80,97.84,97.62,98.16,98.88,98.92,98.88,98.76,98.80,98.84,98.96,98.88,99.56,,99.84,99.84,87.54,87.43,87.19,87.35,87.09,87.07,87.23,87.11,87.11,87.15,86.99,87.15,87.03,87.23,87.19,87.19,87.23,87.43,87.35,87.35,87.31,87.58,87.39,87.31,87.62,87.54,87.54,87.31,87.35,87.35,87.35,87.39,87.54,87.35,87.35,87.23,87.35,87.31,87.31,87.23,87.35,87.47,87.50,87.47,87.43,87.47,87.47,87.34,87.38,87.35,87.54,87.54,87.54,87.54,87.54,87.50,87.54,87.58,87.58,87.54,87.50,87.58,87.54,87.58,87.58,87.58,90.06,87.23,87.15,87.43,87.11,87.27,87.58,87.43,87.74,87.78,87.62,87.82,87.90,87.90,87.27,87.58,87.50,87.50,87.58,87.50,87.35,87.43,87.39,87.39,87.47,87.47,87.47,87.70,87.56,87.58,87.62,87.23,87.27,87.23,87.23,87.23,87.27,87.19,87.70,87.54,87.66,87.74,87.58,87.70,87.43,87.47,87.62,87.39,87.82,87.86
C-OP850468,91.22,91.18,91.30,91.46,91.46,91.46,97.96,97.80,97.88,97.92,97.70,98.24,99.04,99.00,98.96,98.84,98.88,98.92,99.04,98.96,99.64,99.84,,99.92,87.54,87.43,87.19,87.35,87.09,87.07,87.23,87.11,87.11,87.15,86.99,87.15,87.03,87.23,87.19,87.19,87.23,87.43,87.35,87.35,87.31,87.58,87.39,87.31,87.62,87.54,87.54,87.31,87.35,87.35,87.35,87.39,87.54,87.35,87.35,87.23,87.35,87.31,87.31,87.23,87.35,87.47,87.50,87.47,87.43,87.47,87.47,87.34,87.38,87.35,87.54,87.54,87.54,87.54,87.54,87.50,87.54,87.58,87.58,87.54,87.50,87.58,87.54,87.58,87.58,87.58,90.18,87.23,87.15,87.43,87.11,87.27,87.66,87.54,87.74,87.78,87.62,87.82,87.90,87.90,87.27,87.58,87.50,87.50,87.58,87.50,87.35,87.43,87.39,87.39,87.47,87.47,87.47,87.70,87.56,87.58,87.62,87.23,87.27,87.23,87.23,87.23,87.27,87.19,87.70,87.54,87.66,87.74,87.58,87.70,87.43,87.47,87.62,87.39,87.82,87.86
C-PP861731,91.22,91.18,91.30,91.46,91.46,91.46,97.96,97.80,97.88,97.92,97.70,98.24,98.96,99.00,98.96,98.84,98.88,98.92,99.04,98.96,99.64,99.84,99.92,,87.54,87.43,87.19,87.35,87.09,87.07,87.23,87.11,87.11,87.15,86.99,87.15,87.03,87.23,87.19,87.19,87.23,87.43,87.35,87.35,87.31,87.58,87.39,87.31,87.62,87.54,87.54,87.31,87.35,87.35,87.35,87.39,87.54,87.35,87.35,87.23,87.35,87.31,87.31,87.23,87.35,87.47,87.50,87.47,87.43,87.47,87.47,87.34,87.38,87.35,87.54,87.54,87.54,87.54,87.54,87.50,87.54,87.58,87.58,87.54,87.50,87.58,87.54,87.58,87.58,87.58,90.14,87.23,87.15,87.43,87.11,87.27,87.66,87.50,87.74,87.78,87.62,87.82,87.90,87.90,87.27,87.58,87.50,87.50,87.58,87.50,87.35,87.43,87.39,87.39,87.47,87.47,87.47,87.70,87.56,87.58,87.62,87.23,87.27,87.23,87.23,87.23,87.27,87.19,87.70,87.54,87.66,87.74,87.58,87.70,87.43,87.47,87.62,87.39,87.82,87.86
B-KC443369,87.90,87.86,87.58,87.78,87.78,87.78,87.62,87.50,87.58,87.58,87.60,87.58,87.39,87.39,87.54,87.43,87.27,87.31,87.43,87.66,87.39,87.54,87.54,87.54,,99.88,98.56,98.68,97.98,97.84,97.84,97.88,97.88,97.92,97.92,98.08,98.12,98.16,98.28,98.28,98.24,98.24,98.20,98.28,98.24,98.32,98.44,98.48,98.68,98.52,98.52,98.36,98.48,98.36,98.44,98.48,98.64,98.52,98.52,98.32,98.44,98.32,98.32,98.28,98.36,98.72,98.68,98.72,98.60,98.64,98.64,98.62,98.59,98.66,98.64,98.64,98.48,98.48,98.48,98.76,98.80,98.52,98.56,98.56,98.60,98.60,98.64,98.68,98.68,98.68,94.69,96.85,96.77,97.09,97.01,96.89,96.85,96.93,97.01,96.97,97.01,97.13,97.13,96.93,97.13,97.49,97.21,98.00,98.24,98.24,98.04,98.12,98.12,98.16,98.16,98.16,98.16,98.64,98.62,98.68,98.64,98.40,98.36,98.40,98.40,98.40,98.56,98.40,97.80,98.04,98.00,98.16,98.08,98.20,97.52,97.56,97.64,98.04,98.04,98.00
B-KC443224,87.78,87.74,87.47,87.66,87.66,87.66,87.50,87.39,87.47,87.47,87.49,87.47,87.27,87.27,87.43,87.31,87.15,87.19,87.31,87.54,87.27,87.43,87.43,87.43,99.88,,98.44,98.56,97.86,97.72,97.72,97.76,97.76,97.80,97.80,97.96,98.00,98.04,98.16,98.16,98.12,98.12,98.08,98.16,98.12,98.20,98.32,98.36,98.56,98.40,98.40,98.24,98.36,98.24,98.32,98.36,98.52,98.40,98.40,98.20,98.32,98.20,98.20,98.16,98.24,98.60,98.56,98.60,98.48,98.52,98.52,98.49,98.47,98.54,98.52,98.52,98.36,98.36,98.36,98.64,98.68,98.40,98.44,98.44,98.48,98.48,98.52,98.56,98.56,98.56,94.57,96.73,96.65,96.97,96.89,96.77,96.73,96.81,96.89,96.85,96.89,97.01,97.01,96.81,97.01,97.37,97.09,97.88,98.12,98.12,97.92,98.00,98.00,98.04,98.04,98.04,98.04,98.52,98.50,98.56,98.52,98.28,98.24,98.28,98.28,98.28,98.44,98.28,97.68,97.92,97.88,98.04,97.96,98.08,97.45,97.49,97.56,97.92,97.92,97.88
B-KJ639025,87.66,87.62,87.35,87.54,87.54,87.54,87.27,87.23,87.23,87.23,87.25,87.23,87.03,87.03,87.19,87.07,86.91,86.95,87.07,87.31,87.03,87.19,87.19,87.19,98.56,98.44,,99.48,98.18,98.04,98.04,98.08,98.08,98.12,98.12,98.28,98.32,98.36,98.48,98.48,98.44,98.44,98.48,98.56,98.52,98.60,98.68,98.60,98.96,98.80,98.80,98.56,98.68,98.56,98.64,98.68,98.84,98.72,98.72,98.52,98.64,98.60,98.60,98.56,98.64,99.00,98.96,99.00,98.88,98.92,98.92,98.90,98.87,98.95,98.92,98.92,98.76,98.76,98.76,99.04,99.08,98.80,98.84,98.84,98.88,98.88,98.92,98.96,98.96,98.96,94.09,96.09,96.01,96.41,96.33,96.17,96.17,96.17,96.17,96.13,96.17,96.29,96.29,96.25,96.13,96.57,96.37,97.25,97.49,97.41,97.21,97.29,97.29,97.33,97.33,97.33,97.33,97.88,97.86,97.92,97.88,97.56,97.52,97.56,97.56,97.56,97.80,97.64,96.97,97.21,97.17,97.41,97.25,97.37,96.73,96.77,96.85,97.21,97.21,97.17
B-KJ639014,87.82,87.78,87.50,87.70,87.70,87.70,87.43,87.39,87.39,87.39,87.31,87.31,87.19,87.19,87.35,87.23,87.07,87.11,87.23,87.47,87.19,87.35,87.35,87.35,98.68,98.56,99.48,,98.30,98.16,98.16,98.20,98.20,98.24,98.24,98.40,98.44,98.48,98.60,98.60,98.56,98.56,98.60,98.68,98.64,98.72,98.80,98.72,99.08,98.92,98.92,98.68,98.80,98.68,98.76,98.80,98.96,98.84,98.84,98.64,98.76,98.72,98.72,98.68,98.76,99.12,99.08,99.12,99.00,99.04,99.04,99.02,98.99,99.07,99.04,99.04,98.88,98.88,98.88,99.16,99.20,98.92,98.96,98.96,99.00,99.00,99.04,99.08,99.08,99.08,94.29,96.29,96.21,96.61,96.53,96.33,96.37,96.45,96.37,96.33,96.37,96.49,96.49,96.37,96.33,96.69,96.49,97.37,97.60,97.52,97.33,97.41,97.41,97.45,97.45,97.45,97.45,98.00,97.98,98.04,98.00,97.72,97.68,97.72,97.72,97.72,97.92,97.76,97.09,97.33,97.29,97.52,97.37,97.49,96.85,96.89,96.97,97.33,97.33,97.29
B-PX212549,87.86,87.82,87.47,87.66,87.66,87.66,87.25,87.21,87.21,87.21,87.15,87.13,86.93,86.93,87.09,86.97,86.81,86.85,86.97,87.21,86.93,87.09,87.09,87.09,97.98,97.86,98.18,98.30,,99.50,99.50,99.54,99.54,99.58,99.42,99.58,99.54,99.58,99.70,99.70,99.66,99.02,98.62,98.70,98.66,98.70,99.14,99.10,99.06,98.90,98.90,99.06,99.10,99.06,99.22,99.18,99.26,99.22,99.22,99.10,99.14,98.46,98.46,98.34,98.42,98.86,98.82,98.86,98.66,98.70,98.70,98.72,98.73,98.76,98.78,98.78,98.62,98.62,98.62,98.82,98.86,98.58,98.70,98.62,98.66,98.66,98.70,98.74,98.74,98.74,93.79,95.67,95.59,95.91,95.83,95.59,95.59,95.75,95.67,95.63,95.67,95.79,95.79,95.83,95.71,96.07,95.79,96.72,97.05,96.97,96.69,96.77,96.77,96.81,96.81,96.81,96.81,97.39,97.45,97.43,97.39,97.07,97.03,97.07,97.07,97.07,97.31,97.15,96.50,96.77,96.69,96.89,96.73,96.85,96.25,96.25,96.33,96.69,96.69,96.65
B-OP850475,87.74,87.70,87.35,87.54,87.54,87.54,87.23,87.11,87.11,87.11,87.13,87.11,86.91,86.91,87.07,86.95,86.79,86.83,86.95,87.19,86.91,87.07,87.07,87.07,97.84,97.72,98.04,98.16,99.50,,99.84,99.88,99.88,99.92,99.28,99.44,99.40,99.44,99.56,99.56,99.52,98.80,98.48,98.56,98.52,98.56,99.00,98.96,98.92,98.76,98.76,99.00,98.96,99.00,99.08,99.04,99.12,99.08,99.08,98.96,99.00,98.32,98.32,98.20,98.28,98.72,98.68,98.72,98.52,98.56,98.56,98.58,98.59,98.62,98.64,98.64,98.48,98.48,98.48,98.68,98.72,98.44,98.56,98.48,98.52,98.52,98.56,98.60,98.60,98.60,93.57,95.49,95.41,95.73,95.65,95.53,95.49,95.57,95.57,95.53,95.49,95.61,95.61,95.73,95.69,95.89,95.61,96.49,96.89,96.81,96.53,96.61,96.61,96.65,96.65,96.65,96.65,97.21,97.19,97.25,97.21,96.89,96.85,96.89,96.89,96.89,97.13,96.97,96.29,96.61,96.49,96.73,96.57,96.69,96.09,96.09,96.17,96.53,96.53,96.49
B-OP850472,87.74,87.70,87.43,87.54,87.54,87.54,87.31,87.27,87.27,87.27,87.13,87.11,87.07,87.07,87.23,87.11,86.95,86.99,87.11,87.35,87.07,87.23,87.23,87.23,97.84,97.72,98.04,98.16,99.50,99.84,,99.88,99.88,99.92,99.28,99.44,99.40,99.44,99.56,99.56,99.52,98.80,98.48,98.56,98.52,98.56,99.00,98.96,98.92,98.76,98.76,99.00,98.96,99.00,99.08,99.04,99.20,99.08,99.08,98.96,99.00,98.40,98.40,98.28,98.36,98.72,98.68,98.72,98.60,98.64,98.64,98.58,98.59,98.62,98.64,98.64,98.48,98.48,98.48,98.68,98.72,98.44,98.56,98.48,98.52,98.52,98.56,98.60,98.60,98.60,93.65,95.49,95.41,95.73,95.65,95.53,95.49,95.57,95.57,95.53,95.49,95.61,95.61,95.73,95.69,95.89,95.69,96.49,96.89,96.81,96.53,96.61,96.61,96.65,96.65,96.65,96.65,97.21,97.19,97.25,97.21,96.89,96.85,96.89,96.89,96.89,97.13,96.97,96.29,96.61,96.49,96.73,96.57,96.69,96.09,96.09,96.17,96.53,96.69,96.65
B-OP850473,87.78,87.74,87.39,87.58,87.58,87.58,87.19,87.15,87.15,87.15,87.17,87.15,86.95,86.95,87.11,86.99,86.83,86.87,86.99,87.23,86.95,87.11,87.11,87.11,97.88,97.76,98.08,98.20,99.54,99.88,99.88,,99.92,99.96,99.32,99.48,99.44,99.48,99.60,99.60,99.56,98.84,98.52,98.60,98.56,98.60,99.04,99.00,98.96,98.80,98.80,99.04,99.00,99.04,99.12,99.08,99.16,99.12,99.12,99.00,99.04,98.36,98.36,98.24,98.32,98.76,98.72,98.76,98.56,98.60,98.60,98.62,98.63,98.66,98.68,98.68,98.52,98.52,98.52,98.72,98.76,98.48,98.60,98.52,98.56,98.56,98.60,98.64,98.64,98.64,93.61,95.53,95.45,95.77,95.69,95.57,95.53,95.61,95.61,95.57,95.53,95.65,95.65,95.77,95.73,95.93,95.65,96.53,96.93,96.85,96.57,96.65,96.65,96.69,96.69,96.69,96.69,97.25,97.23,97.29,97.25,96.93,96.89,96.93,96.93,96.93,97.17,97.01,96.33,96.65,96.53,96.77,96.61,96.73,96.13,96.13,96.21,96.57,96.57,96.53
B-OP850470,87.78,87.74,87.39,87.58,87.58,87.58,87.19,87.15,87.15,87.15,87.17,87.15,86.95,86.95,87.11,86.99,86.83,86.87,86.99,87.23,86.95,87.11,87.11,87.11,97.88,97.76,98.08,98.20,99.54,99.88,99.88,99.92,,99.96,99.32,99.48,99.44,99.48,99.60,99.60,99.56,98.84,98.52,98.60,98.56,98.60,99.04,99.00,98.96,98.80,98.80,99.04,99.00,99.04,99.12,99.08,99.16,99.12,99.12,99.00,99.04,98.36,98.36,98.24,98.32,98.76,98.72,98.76,98.56,98.60,98.60,98.62,98.63,98.66,98.68,98.68,98.52,98.52,98.52,98.72,98.76,98.48,98.60,98.52,98.56,98.56,98.60,98.64,98.64,98.64,93.61,95.53,95.45,95.77,95.69,95.57,95.53,95.61,95.61,95.57,95.53,95.65,95.65,95.77,95.73,95.93,95.65,96.53,96.93,96.85,96.57,96.65,96.65,96.69,96.69,96.69,96.69,97.25,97.23,97.29,97.25,96.93,96.89,96.93,96.93,96.93,97.17,97.05,96.33,96.65,96.53,96.77,96.61,96.73,96.13,96.13,96.21,96.57,96.57,96.53
B-OP850474,87.82,87.78,87.43,87.62,87.62,87.62,87.23,87.19,87.19,87.19,87.21,87.19,86.99,86.99,87.15,87.03,86.87,86.91,87.03,87.27,86.99,87.15,87.15,87.15,97.92,97.80,98.12,98.24,99.58,99.92,99.92,99.96,99.96,,99.36,99.52,99.48,99.52,99.64,99.64,99.60,98.88,98.56,98.64,98.60,98.64,99.08,99.04,99.00,98.84,98.84,99.08,99.04,99.08,99.16,99.12,99.20,99.16,99.16,99.04,99.08,98.40,98.40,98.28,98.36,98.80,98.76,98.80,98.60,98.64,98.64,98.66,98.67,98.70,98.72,98.72,98.56,98.56,98.56,98.76,98.80,98.52,98.64,98.56,98.60,98.60,98.64,98.68,98.68,98.68,93.65,95.57,95.49,95.81,95.73,95.61,95.57,95.65,95.65,95.61,95.57,95.69,95.69,95.81,95.77,95.97,95.69,96.57,96.97,96.89,96.61,96.69,96.69,96.73,96.73,96.73,96.73,97.29,97.27,97.33,97.29,96.97,96.93,96.97,96.97,96.97,97.21,97.05,96.37,96.69,96.57,96.81,96.65,96.77,96.17,96.17,96.25,96.61,96.61,96.57
B-LC514472,87.50,87.47,87.19,87.39,87.39,87.39,87.15,87.11,87.11,87.11,87.13,87.03,86.83,86.83,86.99,86.87,86.71,86.75,86.87,87.11,86.83,86.99,86.99,86.99,97.92,97.80,98.12,98.24,99.42,99.28,99.28,99.32,99.32,99.36,,99.52,99.48,99.52,99.64,99.64,99.60,98.88,98.52,98.60,98.56,98.64,99.08,99.04,99.00,98.84,98.84,99.00,99.04,99.00,99.16,99.12,99.20,99.16,99.16,99.04,99.08,98.40,98.40,98.28,98.36,98.80,98.76,98.80,98.60,98.64,98.64,98.58,98.59,98.62,98.64,98.64,98.48,98.48,98.48,98.76,98.80,98.52,98.64,98.56,98.60,98.60,98.64,98.68,98.68,98.68,93.73,95.57,95.49,95.81,95.73,95.53,95.57,95.65,95.57,95.53,95.57,95.69,95.69,95.73,95.61,95.97,95.69,96.65,97.05,96.97,96.69,96.77,96.77,96.81,96.81,96.81,96.81,97.29,97.27,97.33,97.29,97.05,97.01,97.05,97.05,97.05,97.29,97.13,96.45,96.77,96.65,96.89,96.73,96.85,96.17,96.17,96.25,96.69,96.69,96.65
B-LC514483,87.82,87.78,87.50,87.70,87.70,87.70,87.31,87.27,87.27,87.27,87.25,87.19,86.99,86.99,87.15,87.03,86.87,86.91,87.03,87.27,86.99,87.15,87.15,87.15,98.08,97.96,98.28,98.40,99.58,99.44,99.44,99.48,99.48,99.52,99.52,,99.64,99.68,99.80,99.80,99.76,99.04,98.68,98.76,98.72,98.80,99.24,99.20,99.16,99.00,99.00,99.16,99.20,99.16,99.32,99.28,99.36,99.32,99.32,99.20,99.24,98.56,98.56,98.44,98.52,98.96,98.92,98.96,98.76,98.80,98.80,98.78,98.79,98.82,98.80,98.80,98.64,98.64,98.64,98.92,98.96,98.68,98.80,98.72,98.76,98.76,98.80,98.84,98.84,98.84,93.81,95.73,95.65,95.97,95.89,95.69,95.65,95.81,95.73,95.69,95.73,95.85,95.85,95.89,95.77,96.13,95.85,96.73,97.13,97.05,96.77,96.85,96.85,96.89,96.89,96.89,96.89,97.45,97.43,97.49,97.45,97.13,97.09,97.13,97.13,97.13,97.37,97.21,96.53,96.85,96.81,96.97,96.81,96.93,96.25,96.25,96.33,96.77,96.77,96.73
B-MZ546117,87.70,87.66,87.39,87.58,87.58,87.58,87.19,87.15,87.15,87.15,87.09,87.07,86.87,86.87,87.03,86.91,86.75,86.79,86.91,87.15,86.87,87.03,87.03,87.03,98.12,98.00,98.32,98.44,99.54,99.40,99.40,99.44,99.44,99.48,99.48,99.64,,99.72,99.84,99.84,99.80,99.08,98.72,98.80,98.76,98.84,99.20,99.24,99.20,99.04,99.04,99.20,99.24,99.20,99.28,99.32,99.40,99.36,99.36,99.24,99.28,98.60,98.60,98.48,98.56,99.00,98.96,99.00,98.80,98.84,98.84,98.78,98.79,98.82,98.84,98.84,98.68,98.68,98.68,98.96,99.00,98.72,98.84,98.76,98.80,98.80,98.84,98.88,98.88,98.88,93.85,95.77,95.69,96.01,95.93,95.73,95.69,95.85,95.77,95.73,95.77,95.89,95.89,95.85,95.81,96.17,95.89,96.77,97.17,97.09,96.81,96.89,96.89,96.93,96.93,96.93,96.93,97.49,97.47,97.52,97.49,97.25,97.21,97.25,97.25,97.25,97.41,97.33,96.57,96.89,96.77,97.01,96.85,96.97,96.29,96.29,96.37,96.81,96.81,96.77
B-KX880419,87.82,87.78,87.50,87.70,87.70,87.70,87.39,87.35,87.35,87.35,87.29,87.35,87.07,87.07,87.23,87.11,86.95,86.99,87.11,87.27,87.07,87.23,87.23,87.23,98.16,98.04,98.36,98.48,99.58,99.44,99.44,99.48,99.48,99.52,99.52,99.68,99.72,,99.88,99.88,99.84,99.12,98.76,98.84,98.80,98.88,99.24,99.28,99.24,99.08,99.08,99.24,99.28,99.24,99.32,99.36,99.44,99.40,99.40,99.28,99.32,98.64,98.64,98.52,98.60,99.04,99.00,99.04,98.84,98.88,98.88,98.90,98.91,98.95,98.96,98.96,98.80,98.80,98.80,99.00,99.04,98.84,98.96,98.88,98.92,98.92,98.96,99.00,99.00,99.00,94.05,95.89,95.81,96.21,96.13,95.85,95.89,95.97,95.89,95.85,95.89,96.01,96.01,95.97,95.93,96.29,96.01,96.89,97.29,97.21,96.93,97.01,97.01,97.05,97.05,97.05,97.05,97.64,97.58,97.64,97.60,97.29,97.25,97.29,97.29,97.29,97.52,97.37,96.69,97.01,96.89,97.13,96.97,97.09,96.41,96.41,96.49,96.93,96.93,96.89
B-KU550278,87.78,87.74,87.47,87.66,87.66,87.66,87.35,87.31,87.31,87.31,87.25,87.23,87.03,87.03,87.19,87.07,86.91,86.95,87.07,87.31,87.03,87.19,87.19,87.19,98.28,98.16,98.48,98.60,99.70,99.56,99.56,99.60,99.60,99.64,99.64,99.80,99.84,99.88,,100.00,99.96,99.24,98.88,98.96,98.92,99.00,99.36,99.40,99.36,99.20,99.20,99.36,99.40,99.36,99.44,99.48,99.56,99.52,99.52,99.40,99.44,98.76,98.76,98.64,98.72,99.16,99.12,99.16,98.96,99.00,99.00,98.94,98.95,98.99,99.00,99.00,98.84,98.84,98.84,99.12,99.16,98.88,99.00,98.92,98.96,98.96,99.00,99.04,99.04,99.04,94.01,95.93,95.85,96.17,96.09,95.89,95.85,96.01,95.93,95.89,95.93,96.05,96.05,96.01,95.97,96.33,96.05,96.93,97.33,97.25,96.97,97.05,97.05,97.09,97.09,97.09,97.09,97.64,97.62,97.68,97.64,97.33,97.29,97.33,97.33,97.33,97.56,97.41,96.73,97.05,96.93,97.17,97.01,97.13,96.45,96.45,96.53,96.97,96.97,96.93
B-KU550275,87.78,87.74,87.47,87.66,87.66,87.66,87.35,87.31,87.31,87.31,87.25,87.23,87.03,87.03,87.19,87.07,86.91,86.95,87.07,87.31,87.03,87.19,87.19,87.19,98.28,98.16,98.48,98.60,99.70,99.56,99.56,99.60,99.60,99.64,99.64,99.80,99.84,99.88,100.00,,99.96,99.24,98.88,98.96,98.92,99.00,99.36,99.40,99.36,99.20,99.20,99.36,99.40,99.36,99.44,99.48,99.56,99.52,99.52,99.40,99.44,98.76,98.76,98.64,98.72,99.16,99.12,99.16,98.96,99.00,99.00,98.94,98.95,98.99,99.00,99.00,98.84,98.84,98.84,99.12,99.16,98.88,99.00,98.92,98.96,98.96,99.00,99.04,99.04,99.04,94.01,95.93,95.85,96.17,96.09,95.89,95.85,96.01,95.93,95.89,95.93,96.05,96.05,96.01,95.97,96.33,96.05,96.93,97.33,97.25,96.97,97.05,97.05,97.09,97.09,97.09,97.09,97.64,97.62,97.68,97.64,97.33,97.29,97.33,97.33,97.33,97.56,97.41,96.73,97.05,96.93,97.17,97.01,97.13,96.45,96.45,96.53,96.97,96.97,96.93
B-KU550277,87.82,87.78,87.50,87.70,87.70,87.70,87.39,87.35,87.35,87.35,87.29,87.27,87.07,87.07,87.23,87.11,86.95,86.99,87.11,87.35,87.07,87.23,87.23,87.23,98.24,98.12,98.44,98.56,99.66,99.52,99.52,99.56,99.56,99.60,99.60,99.76,99.80,99.84,99.96,99.96,,99.20,98.84,98.92,98.88,98.96,99.32,99.36,99.32,99.16,99.16,99.32,99.36,99.32,99.40,99.44,99.52,99.48,99.48,99.36,99.40,98.72,98.72,98.60,98.68,99.12,99.08,99.12,98.92,98.96,98.96,98.90,98.91,98.95,98.96,98.96,98.80,98.80,98.80,99.16,99.20,98.92,99.04,98.96,99.00,99.00,99.04,99.08,99.08,99.08,93.97,95.89,95.81,96.13,96.05,95.85,95.81,95.97,95.89,95.85,95.89,96.01,96.01,96.05,95.93,96.29,96.01,96.89,97.29,97.21,96.93,97.01,97.01,97.05,97.05,97.05,97.05,97.60,97.58,97.64,97.60,97.29,97.25,97.29,97.29,97.29,97.52,97.37,96.69,97.01,96.89,97.13,96.97,97.09,96.41,96.41,96.49,96.93,96.93,96.89
B-PX212551,87.78,87.74,87.47,87.66,87.66,87.66,87.43,87.39,87.39,87.39,87.41,87.39,87.19,87.19,87.35,87.23,87.15,87.19,87.23,87.47,87.19,87.43,87.43,87.43,98.24,98.12,98.44,98.56,99.02,98.80,98.80,98.84,98.84,98.88,98.88,99.04,99.08,99.12,99.24,99.24,99.20,,98.84,98.92,98.88,98.96,99.24,99.36,99.32,99.16,99.16,99.32,99.36,99.32,99.40,99.44,99.52,99.48,99.48,99.28,99.40,98.64,98.64,98.60,98.68,99.12,99.08,99.12,98.92,98.96,98.96,98.98,98.99,99.03,99.04,99.04,98.88,98.88,98.88,99.08,99.12,98.84,98.88,98.88,98.92,98.92,98.96,99.00,99.00,99.00,94.01,95.85,95.77,96.09,96.01,95.85,95.93,96.01,96.01,95.97,96.01,96.13,96.13,96.01,95.97,96.41,96.13,96.98,97.31,97.23,96.95,97.03,97.03,97.07,97.07,97.07,97.07,97.64,97.68,97.68,97.64,97.33,97.29,97.33,97.33,97.33,97.56,97.41,96.74,97.03,96.95,97.15,96.99,97.11,96.51,96.51,96.63,97.07,96.99,96.95
B-LC541987,87.74,87.70,87.50,87.70,87.70,87.70,87.43,87.39,87.39,87.39,87.41,87.39,87.19,87.19,87.35,87.23,87.07,87.11,87.23,87.47,87.19,87.35,87.35,87.35,98.20,98.08,98.48,98.60,98.62,98.48,98.48,98.52,98.52,98.56,98.52,98.68,98.72,98.76,98.88,98.88,98.84,98.84,,99.92,99.88,99.00,98.96,99.00,99.36,99.20,99.20,98.96,99.08,99.04,99.04,99.16,99.24,99.12,99.12,98.92,99.04,98.68,98.68,98.64,98.72,99.08,99.04,99.08,98.96,99.00,99.00,98.98,98.99,99.03,99.04,99.04,98.88,98.88,98.88,99.12,99.16,98.88,98.92,98.92,98.96,98.96,99.00,99.04,99.04,99.04,93.93,95.85,95.77,96.09,96.01,95.97,95.85,95.93,95.93,95.89,95.93,96.05,96.13,96.01,95.89,96.41,96.13,96.93,97.25,97.17,96.97,97.13,97.05,97.09,97.09,97.09,97.09,97.64,97.62,97.68,97.64,97.41,97.37,97.41,97.41,97.41,97.56,97.41,96.73,97.05,96.93,97.17,97.01,97.13,96.57,96.61,96.69,97.05,97.13,97.09
B-LC228328,87.82,87.78,87.50,87.70,87.70,87.70,87.43,87.39,87.39,87.39,87.41,87.39,87.19,87.19,87.35,87.23,87.07,87.11,87.23,87.47,87.19,87.35,87.35,87.35,98.28,98.16,98.56,98.68,98.70,98.56,98.56,98.60,98.60,98.64,98.60,98.76,98.80,98.84,98.96,98.96,98.92,98.92,99.92,,99.96,99.08,99.04,99.08,99.44,99.28,99.28,99.04,99.16,99.12,99.12,99.24,99.32,99.20,99.20,99.00,99.12,98.76,98.76,98.72,98.80,99.16,99.12,99.16,99.04,99.08,99.08,99.06,99.07,99.11,99.12,99.12,98.96,98.96,98.96,99.20,99.24,98.96,99.00,99.00,99.04,99.04,99.08,99.12,99.12,99.12,94.01,95.93,95.85,96.17,96.09,96.05,95.93,96.01,96.01,95.97,96.01,96.13,96.21,96.09,95.97,96.49,96.21,97.01,97.33,97.25,97.05,97.21,97.13,97.17,97.17,97.17,97.17,97.72,97.70,97.76,97.72,97.49,97.45,97.49,97.49,97.49,97.64,97.49,96.81,97.13,97.01,97.25,97.09,97.21,96.65,96.69,96.77,97.13,97.21,97.17
B-LC228317,87.78,87.74,87.47,87.66,87.66,87.66,87.39,87.35,87.35,87.35,87.37,87.43,87.15,87.15,87.31,87.19,87.03,87.07,87.19,87.43,87.15,87.31,87.31,87.31,98.24,98.12,98.52,98.64,98.66,98.52,98.52,98.56,98.56,98.60,98.56,98.72,98.76,98.80,98.92,98.92,98.88,98.88,99.88,99.96,,99.04,99.00,99.04,99.40,99.24,99.24,99.00,99.12,99.08,99.08,99.20,99.28,99.16,99.16,98.96,99.08,98.72,98.72,98.68,98.76,99.12,99.08,99.12,99.00,99.04,99.04,99.02,99.03,99.07,99.08,99.08,98.92,98.92,98.92,99.16,99.20,98.92,98.96,98.96,99.00,99.00,99.04,99.08,99.08,99.08,93.97,95.89,95.81,96.13,96.05,96.01,95.89,95.97,95.97,95.93,95.97,96.09,96.17,96.05,95.93,96.45,96.17,96.97,97.29,97.21,97.01,97.17,97.09,97.13,97.13,97.13,97.13,97.68,97.66,97.72,97.68,97.45,97.41,97.45,97.45,97.45,97.60,97.45,96.77,97.09,96.97,97.21,97.05,97.17,96.61,96.65,96.73,97.09,97.17,97.13
B-LC260268,87.94,87.90,87.62,87.82,87.82,87.82,87.66,87.62,87.62,87.62,87.56,87.62,87.43,87.43,87.58,87.47,87.31,87.35,87.47,87.70,87.43,87.58,87.58,87.58,98.32,98.20,98.60,98.72,98.70,98.56,98.56,98.60,98.60,98.64,98.64,98.80,98.84,98.88,99.00,99.00,98.96,98.96,99.00,99.08,99.04,,99.08,99.12,99.64,99.48,99.48,99.08,99.20,99.16,99.16,99.20,99.36,99.24,99.24,99.12,99.24,98.80,98.80,98.76,98.84,99.20,99.16,99.20,99.08,99.12,99.12,99.06,99.07,99.11,99.12,99.12,98.96,98.96,98.96,99.24,99.28,99.00,99.04,99.04,99.08,99.08,99.12,99.16,99.16,99.16,94.21,96.05,95.97,96.21,96.13,96.01,96.13,96.13,96.13,96.09,96.21,96.33,96.25,96.13,96.01,96.45,96.17,97.13,97.37,97.29,97.09,97.17,97.17,97.21,97.21,97.21,97.21,97.76,97.74,97.80,97.76,97.45,97.41,97.45,97.45,97.45,97.68,97.52,96.85,97.17,97.05,97.29,97.13,97.25,96.53,96.57,96.65,97.17,97.09,97.05
B-MH704723,87.78,87.74,87.47,87.66,87.66,87.66,87.47,87.43,87.43,87.43,87.45,87.43,87.23,87.23,87.39,87.35,87.19,87.23,87.35,87.50,87.23,87.39,87.39,87.39,98.44,98.32,98.68,98.80,99.14,99.00,99.00,99.04,99.04,99.08,99.08,99.24,99.20,99.24,99.36,99.36,99.32,99.24,98.96,99.04,99.00,99.08,,99.40,99.44,99.28,99.28,99.36,99.56,99.36,99.52,99.48,99.56,99.52,99.52,99.32,99.44,98.84,98.84,98.72,98.80,99.24,99.20,99.24,99.04,99.08,99.08,99.02,99.03,99.07,99.08,99.08,98.92,98.92,98.92,99.20,99.24,98.96,99.00,99.00,99.04,99.04,99.08,99.12,99.12,99.12,94.17,96.01,95.93,96.33,96.25,95.97,96.01,96.17,96.09,96.05,96.09,96.21,96.21,96.17,96.05,96.41,96.13,97.01,97.33,97.25,97.05,97.13,97.13,97.17,97.17,97.17,97.17,97.72,97.70,97.76,97.72,97.41,97.37,97.41,97.41,97.41,97.64,97.49,96.81,97.13,97.01,97.25,97.09,97.21,96.61,96.61,96.69,97.05,97.05,97.09
B-MH704722,87.82,87.78,87.50,87.70,87.70,87.70,87.47,87.35,87.35,87.35,87.45,87.43,87.15,87.15,87.31,87.19,87.03,87.07,87.19,87.43,87.15,87.31,87.31,87.31,98.48,98.36,98.60,98.72,99.10,98.96,98.96,99.00,99.00,99.04,99.04,99.20,99.24,99.28,99.40,99.40,99.36,99.36,99.00,99.08,99.04,99.12,99.40,,99.48,99.32,99.32,99.48,99.52,99.48,99.72,99.60,99.68,99.64,99.64,99.44,99.56,98.80,98.80,98.76,98.84,99.28,99.24,99.28,99.08,99.12,99.12,99.06,99.07,99.11,99.12,99.12,98.96,98.96,98.96,99.24,99.28,99.00,99.04,99.04,99.08,99.08,99.12,99.16,99.16,99.16,94.13,95.97,95.89,96.21,96.13,96.01,95.97,96.05,96.05,96.01,96.05,96.17,96.17,96.13,96.09,96.53,96.25,97.05,97.45,97.37,97.09,97.17,97.17,97.21,97.21,97.21,97.21,97.76,97.74,97.80,97.76,97.60,97.56,97.60,97.60,97.60,97.76,97.60,96.85,97.17,97.05,97.29,97.13,97.25,96.53,96.57,96.65,97.09,97.09,97.05
B-LC469461,87.98,87.94,87.66,87.86,87.86,87.86,87.70,87.66,87.66,87.66,87.68,87.66,87.47,87.47,87.62,87.50,87.35,87.39,87.50,87.74,87.47,87.62,87.62,87.62,98.68,98.56,98.96,99.08,99.06,98.92,98.92,98.96,98.96,99.00,99.00,99.16,99.20,99.24,99.36,99.36,99.32,99.32,99.36,99.44,99.40,99.64,99.44,99.48,,99.84,99.84,99.44,99.56,99.44,99.52,99.56,99.72,99.60,99.60,99.48,99.60,99.16,99.16,99.12,99.20,99.56,99.52,99.56,99.44,99.48,99.48,99.43,99.44,99.47,99.48,99.48,99.32,99.32,99.32,99.60,99.64,99.36,99.40,99.40,99.44,99.44,99.48,99.52,99.52,99.52,94.41,96.41,96.33,96.57,96.49,96.37,96.41,96.41,96.41,96.37,96.41,96.53,96.53,96.49,96.37,96.81,96.53,97.41,97.72,97.64,97.45,97.52,97.52,97.56,97.56,97.56,97.56,98.12,98.10,98.16,98.12,97.80,97.76,97.80,97.80,97.80,98.04,97.88,97.21,97.52,97.41,97.64,97.49,97.60,96.89,96.93,97.01,97.45,97.45,97.41
B-LC260266,87.90,87.86,87.58,87.78,87.78,87.78,87.62,87.58,87.58,87.58,87.60,87.58,87.39,87.39,87.54,87.43,87.27,87.31,87.43,87.66,87.39,87.54,87.54,87.54,98.52,98.40,98.80,98.92,98.90,98.76,98.76,98.80,98.80,98.84,98.84,99.00,99.04,99.08,99.20,99.20,99.16,99.16,99.20,99.28,99.24,99.48,99.28,99.32,99.84,,100.00,99.28,99.40,99.28,99.36,99.40,99.56,99.44,99.44,99.32,99.44,99.08,99.08,98.96,99.04,99.40,99.36,99.40,99.28,99.32,99.32,99.27,99.27,99.31,99.32,99.32,99.16,99.16,99.16,99.44,99.48,99.20,99.24,99.24,99.28,99.28,99.32,99.36,99.36,99.36,94.25,96.33,96.25,96.49,96.41,96.29,96.25,96.25,96.25,96.21,96.25,96.37,96.37,96.41,96.21,96.65,96.37,97.33,97.64,97.56,97.37,97.45,97.45,97.49,97.49,97.49,97.49,97.96,97.94,98.00,97.96,97.64,97.60,97.64,97.64,97.64,97.88,97.72,97.13,97.37,97.25,97.49,97.33,97.45,96.73,96.77,96.85,97.29,97.29,97.25
B-KX880430,87.90,87.86,87.58,87.78,87.78,87.78,87.62,87.58,87.58,87.58,87.60,87.58,87.39,87.39,87.54,87.43,87.27,87.31,87.43,87.66,87.39,87.54,87.54,87.54,98.52,98.40,98.80,98.92,98.90,98.76,98.76,98.80,98.80,98.84,98.84,99.00,99.04,99.08,99.20,99.20,99.16,99.16,99.20,99.28,99.24,99.48,99.28,99.32,99.84,100.00,,99.28,99.40,99.28,99.36,99.40,99.56,99.44,99.44,99.32,99.44,99.08,99.08,98.96,99.04,99.40,99.36,99.40,99.28,99.32,99.32,99.27,99.27,99.31,99.32,99.32,99.16,99.16,99.16,99.44,99.48,99.20,99.24,99.24,99.28,99.28,99.32,99.36,99.36,99.36,94.25,96.33,96.25,96.49,96.41,96.29,96.25,96.25,96.25,96.21,96.25,96.37,96.37,96.41,96.21,96.65,96.37,97.33,97.64,97.56,97.37,97.45,97.45,97.49,97.49,97.49,97.49,97.96,97.94,98.00,97.96,97.64,97.60,97.64,97.64,97.64,97.88,97.72,97.13,97.37,97.25,97.49,97.33,97.45,96.73,96.77,96.85,97.29,97.29,97.25
B-MH569755,87.82,87.78,87.50,87.70,87.70,87.70,87.31,87.27,87.27,87.27,87.33,87.31,87.07,87.07,87.23,87.11,86.95,86.99,87.11,87.35,87.15,87.31,87.31,87.31,98.36,98.24,98.56,98.68,99.06,99.00,99.00,99.04,99.04,99.08,99.00,99.16,99.20,99.24,99.36,99.36,99.32,99.32,98.96,99.04,99.00,99.08,99.36,99.48,99.44,99.28,99.28,,99.56,99.44,99.52,99.56,99.64,99.60,99.60,99.40,99.52,98.76,98.76,98.72,98.80,99.24,99.20,99.24,99.04,99.08,99.08,99.02,99.03,99.07,99.08,99.08,98.92,98.92,98.92,99.20,99.24,98.96,99.00,99.00,99.04,99.04,99.08,99.12,99.12,99.12,94.01,96.01,95.93,96.25,96.17,96.05,96.01,96.01,96.09,96.05,96.09,96.21,96.21,96.25,96.21,96.49,96.21,97.09,97.49,97.41,97.13,97.21,97.21,97.25,97.25,97.25,97.25,97.80,97.78,97.84,97.80,97.49,97.45,97.49,97.49,97.49,97.72,97.56,96.89,97.21,97.09,97.33,97.17,97.29,96.57,96.61,96.69,97.13,97.13,97.09
B-LC325465,87.82,87.78,87.50,87.70,87.70,87.70,87.43,87.39,87.39,87.39,87.45,87.43,87.19,87.19,87.35,87.23,87.07,87.11,87.23,87.47,87.19,87.35,87.35,87.35,98.48,98.36,98.68,98.80,99.10,98.96,98.96,99.00,99.00,99.04,99.04,99.20,99.24,99.28,99.40,99.40,99.36,99.36,99.08,99.16,99.12,99.20,99.56,99.52,99.56,99.40,99.40,99.56,,99.48,99.56,99.60,99.68,99.64,99.64,99.44,99.56,98.88,98.88,98.84,98.92,99.36,99.32,99.36,99.16,99.20,99.20,99.15,99.15,99.19,99.20,99.20,99.04,99.04,99.04,99.32,99.36,99.08,99.12,99.12,99.16,99.16,99.20,99.24,99.24,99.24,94.17,96.05,95.97,96.29,96.21,96.09,96.05,96.13,96.13,96.09,96.13,96.25,96.25,96.21,96.25,96.61,96.33,97.13,97.45,97.37,97.17,97.25,97.25,97.29,97.29,97.29,97.29,97.84,97.82,97.88,97.84,97.52,97.49,97.52,97.52,97.52,97.76,97.60,96.93,97.25,97.13,97.37,97.21,97.33,96.61,96.65,96.73,97.17,97.17,97.13
B-MF997037,87.78,87.74,87.47,87.66,87.66,87.66,87.43,87.39,87.39,87.39,87.41,87.39,87.19,87.19,87.35,87.23,87.07,87.11,87.23,87.47,87.19,87.35,87.35,87.35,98.36,98.24,98.56,98.68,99.06,99.00,99.00,99.04,99.04,99.08,99.00,99.16,99.20,99.24,99.36,99.36,99.32,99.32,99.04,99.12,99.08,99.16,99.36,99.48,99.44,99.28,99.28,99.44,99.48,,99.52,99.72,99.64,99.68,99.68,99.48,99.60,98.76,98.76,98.72,98.80,99.24,99.20,99.24,99.04,99.08,99.08,99.02,99.03,99.07,99.08,99.08,98.92,98.92,98.92,99.20,99.24,98.96,99.00,99.00,99.04,99.04,99.08,99.12,99.12,99.12,94.01,96.01,95.97,96.25,96.17,96.05,95.93,96.01,96.01,95.97,96.09,96.13,96.13,96.09,96.05,96.41,96.13,97.01,97.41,97.33,97.05,97.13,97.13,97.17,97.17,97.17,97.17,97.72,97.70,97.76,97.72,97.41,97.37,97.41,97.41,97.41,97.64,97.49,96.81,97.13,97.01,97.25,97.09,97.21,96.49,96.53,96.61,97.13,97.05,97.01
B-LC228306,87.86,87.82,87.54,87.74,87.74,87.74,87.50,87.39,87.39,87.39,87.41,87.39,87.19,87.19,87.35,87.23,87.07,87.11,87.23,87.47,87.19,87.35,87.35,87.35,98.44,98.32,98.64,98.76,99.22,99.08,99.08,99.12,99.12,99.16,99.16,99.32,99.28,99.32,99.44,99.44,99.40,99.40,99.04,99.12,99.08,99.16,99.52,99.72,99.52,99.36,99.36,99.52,99.56,99.52,,99.64,99.72,99.68,99.68,99.48,99.60,98.84,98.84,98.80,98.88,99.32,99.28,99.32,99.12,99.16,99.16,99.10,99.11,99.15,99.16,99.16,99.00,99.00,99.00,99.28,99.32,99.04,99.08,99.08,99.12,99.12,99.16,99.20,99.20,99.20,94.09,96.01,95.93,96.25,96.17,96.13,96.01,96.09,96.09,96.05,96.09,96.21,96.21,96.33,96.13,96.49,96.21,97.09,97.49,97.41,97.13,97.21,97.21,97.25,97.25,97.25,97.25,97.80,97.78,97.84,97.80,97.56,97.52,97.56,97.56,97.56,97.72,97.56,96.89,97.21,97.09,97.33,97.17,97.29,96.57,96.61,96.69,97.13,97.13,97.09
B-LC260272,87.82,87.78,87.50,87.70,87.70,87.70,87.47,87.43,87.43,87.43,87.45,87.43,87.23,87.23,87.39,87.27,87.11,87.15,87.27,87.50,87.23,87.39,87.39,87.39,98.48,98.36,98.68,98.80,99.18,99.04,99.04,99.08,99.08,99.12,99.12,99.28,99.32,99.36,99.48,99.48,99.44,99.44,99.16,99.24,99.20,99.20,99.48,99.60,99.56,99.40,99.40,99.56,99.60,99.72,99.64,,99.76,99.80,99.80,99.60,99.72,98.88,98.88,98.84,98.92,99.36,99.32,99.36,99.16,99.20,99.20,99.15,99.15,99.19,99.20,99.20,99.04,99.04,99.04,99.40,99.44,99.08,99.12,99.12,99.16,99.16,99.20,99.24,99.24,99.24,94.21,96.13,96.09,96.37,96.29,96.25,96.13,96.21,96.21,96.17,96.21,96.33,96.33,96.29,96.25,96.61,96.33,97.21,97.60,97.52,97.25,97.33,97.33,97.37,97.37,97.37,97.37,97.92,97.90,97.96,97.92,97.60,97.56,97.60,97.60,97.60,97.84,97.68,97.01,97.33,97.21,97.45,97.29,97.41,96.69,96.73,96.81,97.25,97.25,97.21
B-MH569760,87.82,87.78,87.50,87.70,87.70,87.70,87.62,87.58,87.58,87.58,87.52,87.50,87.39,87.39,87.54,87.43,87.27,87.31,87.43,87.66,87.39,87.54,87.54,87.54,98.64,98.52,98.84,98.96,99.26,99.12,99.20,99.16,99.16,99.20,99.20,99.36,99.40,99.44,99.56,99.56,99.52,99.52,99.24,99.32,99.28,99.36,99.56,99.68,99.72,99.56,99.56,99.64,99.68,99.64,99.72,99.76,,99.80,99.80,99.60,99.72,99.04,99.04,99.00,99.08,99.52,99.48,99.52,99.32,99.36,99.36,99.31,99.31,99.35,99.36,99.36,99.20,99.20,99.20,99.48,99.52,99.24,99.28,99.28,99.32,99.32,99.36,99.40,99.40,99.40,94.37,96.21,96.13,96.45,96.37,96.25,96.21,96.29,96.29,96.25,96.29,96.41,96.41,96.37,96.25,96.69,96.49,97.29,97.68,97.60,97.33,97.41,97.41,97.45,97.45,97.45,97.45,98.00,97.98,98.04,98.00,97.68,97.64,97.68,97.68,97.68,97.92,97.76,97.09,97.41,97.29,97.52,97.37,97.49,96.77,96.81,96.89,97.33,97.41,97.37
B-KU550276,87.78,87.74,87.47,87.66,87.66,87.66,87.43,87.39,87.39,87.39,87.41,87.39,87.19,87.19,87.35,87.23,87.07,87.11,87.23,87.47,87.19,87.35,87.35,87.35,98.52,98.40,98.72,98.84,99.22,99.08,99.08,99.12,99.12,99.16,99.16,99.32,99.36,99.40,99.52,99.52,99.48,99.48,99.12,99.20,99.16,99.24,99.52,99.64,99.60,99.44,99.44,99.60,99.64,99.68,99.68,99.80,99.80,,100.00,99.72,99.84,98.92,98.92,98.88,98.96,99.40,99.36,99.40,99.20,99.24,99.24,99.19,99.19,99.23,99.24,99.24,99.08,99.08,99.08,99.36,99.40,99.12,99.16,99.24,99.28,99.20,99.24,99.28,99.28,99.28,94.17,96.09,96.05,96.33,96.25,96.13,96.09,96.17,96.17,96.13,96.17,96.29,96.29,96.25,96.21,96.57,96.29,97.17,97.56,97.49,97.21,97.29,97.29,97.33,97.33,97.33,97.33,97.88,97.86,97.92,97.88,97.56,97.52,97.56,97.56,97.56,97.80,97.64,96.97,97.29,97.17,97.41,97.25,97.37,96.65,96.69,96.77,97.21,97.21,97.17
B-KU550274,87.78,87.74,87.47,87.66,87.66,87.66,87.43,87.39,87.39,87.39,87.41,87.39,87.19,87.19,87.35,87.23,87.07,87.11,87.23,87.47,87.19,87.35,87.35,87.35,98.52,98.40,98.72,98.84,99.22,99.08,99.08,99.12,99.12,99.16,99.16,99.32,99.36,99.40,99.52,99.52,99.48,99.48,99.12,99.20,99.16,99.24,99.52,99.64,99.60,99.44,99.44,99.60,99.64,99.68,99.68,99.80,99.80,100.00,,99.72,99.84,98.92,98.92,98.88,98.96,99.40,99.36,99.40,99.20,99.24,99.24,99.19,99.19,99.23,99.24,99.24,99.08,99.08,99.08,99.36,99.40,99.12,99.16,99.24,99.28,99.20,99.24,99.28,99.28,99.28,94.17,96.09,96.05,96.33,96.25,96.13,96.09,96.17,96.17,96.13,96.17,96.29,96.29,96.25,96.21,96.57,96.29,97.17,97.56,97.49,97.21,97.29,97.29,97.33,97.33,97.33,97.33,97.88,97.86,97.92,97.88,97.56,97.52,97.56,97.56,97.56,97.80,97.64,96.97,97.29,97.17,97.41,97.25,97.37,96.65,96.69,96.77,97.21,97.21,97.17
B-KU870387,87.74,87.70,87.43,87.62,87.62,87.62,87.39,87.35,87.35,87.35,87.29,87.27,87.07,87.07,87.23,87.11,86.95,86.99,87.11,87.35,87.07,87.23,87.23,87.23,98.32,98.20,98.52,98.64,99.10,98.96,98.96,99.00,99.00,99.04,99.04,99.20,99.24,99.28,99.40,99.40,99.36,99.28,98.92,99.00,98.96,99.12,99.32,99.44,99.48,99.32,99.32,99.40,99.44,99.48,99.48,99.60,99.60,99.72,99.72,,99.88,98.72,98.72,98.68,98.76,99.20,99.16,99.20,99.00,99.04,99.04,98.98,98.99,99.03,99.04,99.04,98.88,98.88,98.88,99.16,99.20,98.92,98.96,98.96,99.00,99.00,99.04,99.08,99.08,99.08,93.97,95.97,95.93,96.13,96.05,95.93,95.97,95.97,95.97,95.93,95.97,96.09,96.09,96.05,96.01,96.37,96.09,96.97,97.37,97.29,97.01,97.09,97.09,97.13,97.13,97.13,97.13,97.68,97.66,97.72,97.68,97.37,97.33,97.37,97.37,97.37,97.60,97.45,96.77,97.17,96.97,97.21,97.05,97.17,96.45,96.49,96.57,97.01,97.01,96.97
B-KU870409,87.78,87.74,87.47,87.66,87.66,87.66,87.43,87.39,87.39,87.39,87.41,87.39,87.19,87.19,87.35,87.23,87.07,87.11,87.23,87.47,87.19,87.35,87.35,87.35,98.44,98.32,98.64,98.76,99.14,99.00,99.00,99.04,99.04,99.08,99.08,99.24,99.28,99.32,99.44,99.44,99.40,99.40,99.04,99.12,99.08,99.24,99.44,99.56,99.60,99.44,99.44,99.52,99.56,99.60,99.60,99.72,99.72,99.84,99.84,99.88,,98.84,98.84,98.80,98.88,99.32,99.28,99.32,99.12,99.16,99.16,99.10,99.11,99.15,99.16,99.16,99.00,99.00,99.00,99.28,99.32,99.04,99.08,99.08,99.12,99.12,99.16,99.20,99.20,99.20,94.09,96.09,96.05,96.25,96.17,96.05,96.09,96.09,96.09,96.05,96.09,96.21,96.21,96.17,96.13,96.49,96.21,97.09,97.49,97.41,97.13,97.21,97.21,97.25,97.25,97.25,97.25,97.80,97.78,97.84,97.80,97.49,97.45,97.49,97.49,97.49,97.72,97.56,96.89,97.21,97.09,97.33,97.17,97.29,96.57,96.61,96.69,97.13,97.13,97.09
B-MT732500,87.74,87.70,87.50,87.62,87.62,87.62,87.39,87.35,87.35,87.35,87.29,87.27,87.15,87.15,87.31,87.19,87.03,87.07,87.19,87.43,87.15,87.31,87.31,87.31,98.32,98.20,98.60,98.72,98.46,98.32,98.40,98.36,98.36,98.40,98.40,98.56,98.60,98.64,98.76,98.76,98.72,98.64,98.68,98.76,98.72,98.80,98.84,98.80,99.16,99.08,99.08,98.76,98.88,98.76,98.84,98.88,99.04,98.92,98.92,98.72,98.84,,100.00,99.24,99.32,99.44,99.40,99.44,99.56,99.60,99.60,99.15,99.15,99.19,99.20,99.20,99.04,99.04,99.04,99.32,99.36,99.08,99.12,99.12,99.16,99.16,99.20,99.24,99.24,99.24,94.13,96.05,95.97,96.29,96.21,96.09,96.05,96.13,96.05,96.01,96.05,96.17,96.17,96.21,96.01,96.45,96.17,97.13,97.45,97.37,97.21,97.25,97.25,97.29,97.29,97.29,97.29,97.76,97.74,97.80,97.76,97.45,97.41,97.45,97.45,97.45,97.68,97.52,97.01,97.25,97.13,97.37,97.21,97.33,96.57,96.57,96.65,97.09,97.17,97.13
B-LC386067,87.74,87.70,87.50,87.62,87.62,87.62,87.39,87.35,87.35,87.35,87.29,87.27,87.15,87.15,87.31,87.19,87.03,87.07,87.19,87.43,87.15,87.31,87.31,87.31,98.32,98.20,98.60,98.72,98.46,98.32,98.40,98.36,98.36,98.40,98.40,98.56,98.60,98.64,98.76,98.76,98.72,98.64,98.68,98.76,98.72,98.80,98.84,98.80,99.16,99.08,99.08,98.76,98.88,98.76,98.84,98.88,99.04,98.92,98.92,98.72,98.84,100.00,,99.24,99.32,99.44,99.40,99.44,99.56,99.60,99.60,99.15,99.15,99.19,99.20,99.20,99.04,99.04,99.04,99.32,99.36,99.08,99.12,99.12,99.16,99.16,99.20,99.24,99.24,99.24,94.13,96.05,95.97,96.29,96.21,96.09,96.05,96.13,96.05,96.01,96.05,96.17,96.17,96.21,96.01,96.45,96.17,97.13,97.45,97.37,97.21,97.25,97.25,97.29,97.29,97.29,97.29,97.76,97.74,97.80,97.76,97.45,97.41,97.45,97.45,97.45,97.68,97.52,97.01,97.25,97.13,97.37,97.21,97.33,96.57,96.57,96.65,97.09,97.17,97.13
B-MT723919,87.54,87.50,87.31,87.43,87.43,87.43,87.31,87.27,87.27,87.27,87.21,87.19,87.07,87.07,87.23,87.11,86.95,87.07,87.11,87.35,87.07,87.23,87.23,87.23,98.28,98.16,98.56,98.68,98.34,98.20,98.28,98.24,98.24,98.28,98.28,98.44,98.48,98.52,98.64,98.64,98.60,98.60,98.64,98.72,98.68,98.76,98.72,98.76,99.12,98.96,98.96,98.72,98.84,98.72,98.80,98.84,99.00,98.88,98.88,98.68,98.80,99.24,99.24,,99.68,99.40,99.36,99.40,99.52,99.56,99.56,99.10,99.11,99.15,99.16,99.16,99.00,99.00,99.00,99.28,99.32,99.04,99.16,99.08,99.12,99.12,99.16,99.20,99.20,99.20,93.97,96.01,95.93,96.33,96.25,96.05,96.01,96.09,96.09,96.05,96.17,96.21,96.21,96.17,95.97,96.41,96.21,97.01,97.33,97.25,97.09,97.13,97.13,97.17,97.17,97.17,97.17,97.72,97.70,97.76,97.72,97.41,97.37,97.41,97.41,97.41,97.64,97.49,96.89,97.13,97.01,97.25,97.09,97.21,96.49,96.53,96.61,97.05,97.17,97.13
B-MT410497,87.70,87.66,87.47,87.58,87.58,87.58,87.43,87.39,87.39,87.39,87.33,87.31,87.19,87.19,87.35,87.23,87.07,87.11,87.23,87.47,87.19,87.35,87.35,87.35,98.36,98.24,98.64,98.76,98.42,98.28,98.36,98.32,98.32,98.36,98.36,98.52,98.56,98.60,98.72,98.72,98.68,98.68,98.72,98.80,98.76,98.84,98.80,98.84,99.20,99.04,99.04,98.80,98.92,98.80,98.88,98.92,99.08,98.96,98.96,98.76,98.88,99.32,99.32,99.68,,99.48,99.44,99.48,99.60,99.64,99.64,99.19,99.19,99.23,99.24,99.24,99.08,99.08,99.08,99.36,99.40,99.12,99.16,99.16,99.20,99.20,99.24,99.28,99.28,99.28,94.17,96.09,96.01,96.41,96.33,96.21,96.09,96.33,96.17,96.13,96.17,96.29,96.29,96.25,96.13,96.57,96.29,97.17,97.56,97.41,97.25,97.29,97.29,97.33,97.33,97.33,97.33,97.88,97.94,98.00,97.96,97.56,97.52,97.56,97.56,97.56,97.80,97.64,96.97,97.29,97.17,97.41,97.25,97.37,96.65,96.69,96.77,97.21,97.29,97.25
B-LC066641,87.90,87.86,87.58,87.78,87.78,87.78,87.54,87.50,87.50,87.50,87.52,87.50,87.31,87.31,87.47,87.35,87.19,87.23,87.35,87.58,87.31,87.47,87.47,87.47,98.72,98.60,99.00,99.12,98.86,98.72,98.72,98.76,98.76,98.80,98.80,98.96,99.00,99.04,99.16,99.16,99.12,99.12,99.08,99.16,99.12,99.20,99.24,99.28,99.56,99.40,99.40,99.24,99.36,99.24,99.32,99.36,99.52,99.40,99.40,99.20,99.32,99.44,99.44,99.40,99.48,,99.88,99.92,99.72,99.76,99.76,99.55,99.56,99.59,99.60,99.60,99.44,99.44,99.44,99.72,99.76,99.48,99.52,99.52,99.56,99.56,99.60,99.64,99.64,99.64,94.37,96.37,96.29,96.61,96.53,96.41,96.37,96.45,96.45,96.41,96.45,96.57,96.57,96.53,96.41,96.85,96.57,97.45,97.76,97.68,97.49,97.56,97.56,97.60,97.60,97.60,97.60,98.16,98.14,98.20,98.16,97.84,97.80,97.84,97.84,97.84,98.08,97.92,97.25,97.56,97.45,97.68,97.52,97.64,96.93,96.97,97.05,97.49,97.49,97.45
B-LC066663,87.86,87.82,87.54,87.74,87.74,87.74,87.58,87.54,87.54,87.54,87.56,87.54,87.35,87.35,87.50,87.39,87.23,87.27,87.39,87.62,87.35,87.50,87.50,87.50,98.68,98.56,98.96,99.08,98.82,98.68,98.68,98.72,98.72,98.76,98.76,98.92,98.96,99.00,99.12,99.12,99.08,99.08,99.04,99.12,99.08,99.16,99.20,99.24,99.52,99.36,99.36,99.20,99.32,99.20,99.28,99.32,99.48,99.36,99.36,99.16,99.28,99.40,99.40,99.36,99.44,99.88,,99.96,99.68,99.72,99.72,99.51,99.52,99.55,99.56,99.56,99.40,99.40,99.40,99.68,99.72,99.44,99.48,99.48,99.52,99.52,99.56,99.60,99.60,99.60,94.33,96.33,96.25,96.57,96.49,96.37,96.33,96.41,96.41,96.37,96.41,96.53,96.53,96.49,96.37,96.89,96.61,97.41,97.72,97.64,97.45,97.52,97.52,97.56,97.56,97.56,97.56,98.12,98.10,98.16,98.20,97.80,97.76,97.80,97.80,97.80,98.04,97.88,97.21,97.52,97.41,97.64,97.49,97.60,96.89,96.93,97.01,97.45,97.45,97.41
B-LC066652,87.82,87.78,87.50,87.70,87.70,87.70,87.54,87.50,87.50,87.50,87.52,87.50,87.31,87.31,87.47,87.35,87.19,87.23,87.35,87.58,87.31,87.47,87.47,87.47,98.72,98.60,99.00,99.12,98.86,98.72,98.72,98.76,98.76,98.80,98.80,98.96,99.00,99.04,99.16,99.16,99.12,99.12,99.08,99.16,99.12,99.20,99.24,99.28,99.56,99.40,99.40,99.24,99.36,99.24,99.32,99.36,99.52,99.40,99.40,99.20,99.32,99.44,99.44,99.40,99.48,99.92,99.96,,99.72,99.76,99.76,99.55,99.56,99.59,99.60,99.60,99.44,99.44,99.44,99.72,99.76,99.48,99.52,99.52,99.56,99.56,99.60,99.64,99.64,99.64,94.37,96.37,96.29,96.61,96.53,96.41,96.37,96.45,96.45,96.41,96.45,96.57,96.57,96.53,96.41,96.85,96.57,97.45,97.76,97.68,97.49,97.56,97.56,97.60,97.60,97.60,97.60,98.16,98.14,98.20,98.16,97.84,97.80,97.84,97.84,97.84,98.08,97.92,97.25,97.56,97.45,97.68,97.52,97.64,96.93,96.97,97.05,97.49,97.49,97.45
B-LC169964,87.70,87.66,87.47,87.58,87.58,87.58,87.50,87.47,87.47,87.47,87.41,87.39,87.27,87.27,87.43,87.31,87.15,87.19,87.31,87.54,87.27,87.43,87.43,87.43,98.60,98.48,98.88,99.00,98.66,98.52,98.60,98.56,98.56,98.60,98.60,98.76,98.80,98.84,98.96,98.96,98.92,98.92,98.96,99.04,99.00,99.08,99.04,99.08,99.44,99.28,99.28,99.04,99.16,99.04,99.12,99.16,99.32,99.20,99.20,99.00,99.12,99.56,99.56,99.52,99.60,99.72,99.68,99.72,,99.88,99.88,99.43,99.44,99.47,99.48,99.48,99.32,99.32,99.32,99.60,99.64,99.36,99.40,99.40,99.44,99.44,99.48,99.52,99.52,99.52,94.25,96.25,96.17,96.49,96.41,96.29,96.25,96.33,96.33,96.29,96.33,96.45,96.45,96.41,96.29,96.73,96.45,97.33,97.64,97.56,97.41,97.45,97.45,97.49,97.49,97.49,97.49,98.04,98.02,98.08,98.04,97.72,97.68,97.72,97.72,97.72,97.96,97.80,97.13,97.45,97.33,97.56,97.41,97.52,96.81,96.85,96.93,97.37,97.45,97.41
B-LC169953,87.74,87.70,87.58,87.62,87.62,87.62,87.54,87.50,87.50,87.50,87.45,87.43,87.31,87.31,87.47,87.35,87.19,87.23,87.35,87.58,87.31,87.47,87.47,87.47,98.64,98.52,98.92,99.04,98.70,98.56,98.64,98.60,98.60,98.64,98.64,98.80,98.84,98.88,99.00,99.00,98.96,98.96,99.00,99.08,99.04,99.12,99.08,99.12,99.48,99.32,99.32,99.08,99.20,99.08,99.16,99.20,99.36,99.24,99.24,99.04,99.16,99.60,99.60,99.56,99.64,99.76,99.72,99.76,99.88,,100.00,99.47,99.48,99.51,99.52,99.52,99.36,99.36,99.36,99.64,99.68,99.40,99.44,99.44,99.48,99.48,99.52,99.56,99.56,99.56,94.29,96.29,96.21,96.53,96.45,96.33,96.29,96.37,96.37,96.33,96.37,96.49,96.49,96.45,96.33,96.77,96.49,97.37,97.68,97.60,97.45,97.49,97.49,97.52,97.52,97.52,97.52,98.08,98.06,98.12,98.08,97.76,97.72,97.76,97.76,97.76,98.00,97.84,97.17,97.49,97.37,97.60,97.45,97.56,96.85,96.89,96.97,97.41,97.49,97.45
B-LC169942,87.74,87.70,87.58,87.62,87.62,87.62,87.54,87.50,87.50,87.50,87.45,87.43,87.31,87.31,87.47,87.35,87.19,87.23,87.35,87.58,87.31,87.47,87.47,87.47,98.64,98.52,98.92,99.04,98.70,98.56,98.64,98.60,98.60,98.64,98.64,98.80,98.84,98.88,99.00,99.00,98.96,98.96,99.00,99.08,99.04,99.12,99.08,99.12,99.48,99.32,99.32,99.08,99.20,99.08,99.16,99.20,99.36,99.24,99.24,99.04,99.16,99.60,99.60,99.56,99.64,99.76,99.72,99.76,99.88,100.00,,99.47,99.48,99.51,99.52,99.52,99.36,99.36,99.36,99.64,99.68,99.40,99.44,99.44,99.48,99.48,99.52,99.56,99.56,99.56,94.29,96.29,96.21,96.53,96.45,96.33,96.29,96.37,96.37,96.33,96.37,96.49,96.49,96.45,96.33,96.77,96.49,97.37,97.68,97.60,97.45,97.49,97.49,97.52,97.52,97.52,97.52,98.08,98.06,98.12,98.08,97.76,97.72,97.76,97.76,97.76,98.00,97.84,97.17,97.49,97.37,97.60,97.45,97.56,96.85,96.89,96.97,97.41,97.49,97.45
B-AB975754,87.75,87.71,87.46,87.63,87.63,87.63,87.34,87.30,87.30,87.30,87.42,87.30,87.18,87.18,87.34,87.22,87.06,87.10,87.22,87.46,87.18,87.34,87.34,87.34,98.62,98.49,98.90,99.02,98.72,98.58,98.58,98.62,98.62,98.66,98.58,98.78,98.78,98.90,98.94,98.94,98.90,98.98,98.98,99.06,99.02,99.06,99.02,99.06,99.43,99.27,99.27,99.02,99.15,99.02,99.10,99.15,99.31,99.19,99.19,98.98,99.10,99.15,99.15,99.10,99.19,99.55,99.51,99.55,99.43,99.47,99.47,,99.92,99.96,99.96,99.96,99.80,99.80,99.80,99.59,99.63,99.43,99.47,99.47,99.51,99.51,99.55,99.59,99.59,99.59,94.34,96.34,96.26,96.58,96.50,96.34,96.42,96.46,96.38,96.34,96.38,96.50,96.50,96.42,96.34,96.74,96.50,97.40,97.68,97.60,97.40,97.48,97.48,97.52,97.52,97.52,97.52,98.13,98.11,98.17,98.13,97.76,97.72,97.76,97.76,97.76,98.01,97.84,97.15,97.48,97.44,97.60,97.44,97.56,96.91,96.95,97.03,97.48,97.40,97.35
B-AB975753,87.87,87.83,87.59,87.75,87.75,87.75,87.46,87.42,87.42,87.42,87.46,87.34,87.22,87.22,87.38,87.26,87.10,87.14,87.26,87.51,87.22,87.38,87.38,87.38,98.59,98.47,98.87,98.99,98.73,98.59,98.59,98.63,98.63,98.67,98.59,98.79,98.79,98.91,98.95,98.95,98.91,98.99,98.99,99.07,99.03,99.07,99.03,99.07,99.44,99.27,99.27,99.03,99.15,99.03,99.11,99.15,99.31,99.19,99.19,98.99,99.11,99.15,99.15,99.11,99.19,99.56,99.52,99.56,99.44,99.48,99.48,99.92,,99.96,99.96,99.96,99.80,99.80,99.80,99.60,99.64,99.44,99.48,99.48,99.52,99.52,99.56,99.60,99.60,99.60,94.40,96.37,96.29,96.61,96.53,96.33,96.37,96.49,96.41,96.37,96.41,96.53,96.53,96.45,96.41,96.78,96.49,97.42,97.70,97.62,97.42,97.50,97.50,97.54,97.54,97.54,97.54,98.11,98.09,98.15,98.11,97.78,97.74,97.78,97.78,97.78,98.02,97.86,97.18,97.50,97.46,97.62,97.46,97.58,97.02,97.06,97.06,97.58,97.50,97.46
B-AB975725,87.83,87.79,87.55,87.71,87.71,87.71,87.43,87.39,87.39,87.39,87.43,87.31,87.19,87.19,87.35,87.23,87.06,87.10,87.23,87.47,87.19,87.35,87.35,87.35,98.66,98.54,98.95,99.07,98.76,98.62,98.62,98.66,98.66,98.70,98.62,98.82,98.82,98.95,98.99,98.99,98.95,99.03,99.03,99.11,99.07,99.11,99.07,99.11,99.47,99.31,99.31,99.07,99.19,99.07,99.15,99.19,99.35,99.23,99.23,99.03,99.15,99.19,99.19,99.15,99.23,99.59,99.55,99.59,99.47,99.51,99.51,99.96,99.96,,100.00,100.00,99.84,99.84,99.84,99.64,99.68,99.47,99.51,99.51,99.55,99.55,99.59,99.64,99.64,99.64,94.40,96.39,96.31,96.63,96.55,96.35,96.39,96.51,96.43,96.39,96.43,96.55,96.55,96.47,96.39,96.80,96.51,97.45,97.73,97.65,97.45,97.53,97.53,97.57,97.57,97.57,97.57,98.13,98.11,98.18,98.13,97.81,97.77,97.81,97.81,97.81,98.05,97.89,97.20,97.53,97.49,97.65,97.49,97.61,96.96,97.00,97.08,97.53,97.45,97.40
B-AB975723,87.98,87.94,87.66,87.86,87.86,87.86,87.62,87.58,87.58,87.58,87.60,87.50,87.39,87.39,87.54,87.43,87.27,87.31,87.43,87.66,87.39,87.54,87.54,87.54,98.64,98.52,98.92,99.04,98.78,98.64,98.64,98.68,98.68,98.72,98.64,98.80,98.84,98.96,99.00,99.00,98.96,99.04,99.04,99.12,99.08,99.12,99.08,99.12,99.48,99.32,99.32,99.08,99.20,99.08,99.16,99.20,99.36,99.24,99.24,99.04,99.16,99.20,99.20,99.16,99.24,99.60,99.56,99.60,99.48,99.52,99.52,99.96,99.96,100.00,,100.00,99.84,99.84,99.84,99.64,99.68,99.48,99.52,99.52,99.56,99.56,99.60,99.64,99.64,99.64,94.45,96.45,96.37,96.69,96.61,96.41,96.45,96.53,96.45,96.41,96.45,96.57,96.57,96.53,96.41,96.85,96.57,97.45,97.76,97.68,97.49,97.56,97.56,97.60,97.60,97.60,97.60,98.16,98.14,98.20,98.16,97.84,97.80,97.84,97.84,97.84,98.08,97.92,97.25,97.56,97.52,97.68,97.52,97.64,97.01,97.05,97.13,97.56,97.49,97.45
B-AB848009,87.98,87.94,87.66,87.86,87.86,87.86,87.62,87.58,87.58,87.58,87.60,87.50,87.39,87.39,87.54,87.43,87.27,87.31,87.43,87.66,87.39,87.54,87.54,87.54,98.64,98.52,98.92,99.04,98.78,98.64,98.64,98.68,98.68,98.72,98.64,98.80,98.84,98.96,99.00,99.00,98.96,99.04,99.04,99.12,99.08,99.12,99.08,99.12,99.48,99.32,99.32,99.08,99.20,99.08,99.16,99.20,99.36,99.24,99.24,99.04,99.16,99.20,99.20,99.16,99.24,99.60,99.56,99.60,99.48,99.52,99.52,99.96,99.96,100.00,100.00,,99.84,99.84,99.84,99.64,99.68,99.48,99.52,99.52,99.56,99.56,99.60,99.64,99.64,99.64,94.45,96.45,96.37,96.69,96.61,96.41,96.45,96.53,96.45,96.41,96.45,96.57,96.57,96.53,96.41,96.85,96.57,97.45,97.76,97.68,97.49,97.56,97.56,97.60,97.60,97.60,97.60,98.16,98.14,98.20,98.16,97.84,97.80,97.84,97.84,97.84,98.08,97.92,97.25,97.56,97.52,97.68,97.52,97.64,97.01,97.05,97.13,97.56,97.49,97.45
B-LC751490,87.90,87.86,87.58,87.78,87.78,87.78,87.62,87.58,87.58,87.58,87.60,87.50,87.39,87.39,87.47,87.43,87.27,87.31,87.43,87.66,87.39,87.54,87.54,87.54,98.48,98.36,98.76,98.88,98.62,98.48,98.48,98.52,98.52,98.56,98.48,98.64,98.68,98.80,98.84,98.84,98.80,98.88,98.88,98.96,98.92,98.96,98.92,98.96,99.32,99.16,99.16,98.92,99.04,98.92,99.00,99.04,99.20,99.08,99.08,98.88,99.00,99.04,99.04,99.00,99.08,99.44,99.40,99.44,99.32,99.36,99.36,99.80,99.80,99.84,99.84,99.84,,100.00,99.92,99.48,99.52,99.32,99.36,99.36,99.40,99.40,99.44,99.48,99.48,99.48,94.37,96.29,96.21,96.53,96.45,96.25,96.29,96.37,96.37,96.25,96.29,96.49,96.41,96.37,96.33,96.69,96.41,97.29,97.60,97.52,97.33,97.41,97.41,97.45,97.45,97.45,97.45,98.00,97.98,98.04,98.00,97.68,97.64,97.68,97.68,97.68,97.92,97.76,97.09,97.41,97.37,97.52,97.37,97.49,96.85,96.89,96.97,97.41,97.33,97.29
B-LC751460,87.90,87.86,87.58,87.78,87.78,87.78,87.62,87.58,87.58,87.58,87.60,87.50,87.39,87.39,87.47,87.43,87.27,87.31,87.43,87.66,87.39,87.54,87.54,87.54,98.48,98.36,98.76,98.88,98.62,98.48,98.48,98.52,98.52,98.56,98.48,98.64,98.68,98.80,98.84,98.84,98.80,98.88,98.88,98.96,98.92,98.96,98.92,98.96,99.32,99.16,99.16,98.92,99.04,98.92,99.00,99.04,99.20,99.08,99.08,98.88,99.00,99.04,99.04,99.00,99.08,99.44,99.40,99.44,99.32,99.36,99.36,99.80,99.80,99.84,99.84,99.84,100.00,,99.92,99.48,99.52,99.32,99.36,99.36,99.40,99.40,99.44,99.48,99.48,99.48,94.37,96.29,96.21,96.53,96.45,96.25,96.29,96.37,96.37,96.25,96.29,96.49,96.41,96.37,96.33,96.69,96.41,97.29,97.60,97.52,97.33,97.41,97.41,97.45,97.45,97.45,97.45,98.00,97.98,98.04,98.00,97.68,97.64,97.68,97.68,97.68,97.92,97.76,97.09,97.41,97.37,97.52,97.37,97.49,96.85,96.89,96.97,97.41,97.33,97.29
B-KY616887,87.90,87.86,87.58,87.78,87.78,87.78,87.62,87.58,87.58,87.58,87.60,87.50,87.39,87.39,87.47,87.43,87.27,87.31,87.43,87.66,87.39,87.54,87.54,87.54,98.48,98.36,98.76,98.88,98.62,98.48,98.48,98.52,98.52,98.56,98.48,98.64,98.68,98.80,98.84,98.84,98.80,98.88,98.88,98.96,98.92,98.96,98.92,98.96,99.32,99.16,99.16,98.92,99.04,98.92,99.00,99.04,99.20,99.08,99.08,98.88,99.00,99.04,99.04,99.00,99.08,99.44,99.40,99.44,99.32,99.36,99.36,99.80,99.80,99.84,99.84,99.84,99.92,99.92,,99.48,99.52,99.32,99.36,99.36,99.40,99.40,99.44,99.48,99.48,99.48,94.37,96.29,96.21,96.53,96.45,96.25,96.29,96.37,96.37,96.25,96.29,96.49,96.41,96.37,96.33,96.69,96.41,97.29,97.60,97.52,97.33,97.41,97.41,97.45,97.45,97.45,97.45,98.00,97.98,98.04,98.00,97.68,97.64,97.68,97.68,97.68,97.92,97.76,97.09,97.41,97.37,97.52,97.37,97.49,96.85,96.89,96.97,97.41,97.33,97.29
B-MG599526,87.86,87.82,87.54,87.74,87.74,87.74,87.58,87.54,87.54,87.54,87.56,87.54,87.35,87.35,87.50,87.39,87.23,87.27,87.39,87.62,87.35,87.50,87.50,87.50,98.76,98.64,99.04,99.16,98.82,98.68,98.68,98.72,98.72,98.76,98.76,98.92,98.96,99.00,99.12,99.12,99.16,99.08,99.12,99.20,99.16,99.24,99.20,99.24,99.60,99.44,99.44,99.20,99.32,99.20,99.28,99.40,99.48,99.36,99.36,99.16,99.28,99.32,99.32,99.28,99.36,99.72,99.68,99.72,99.60,99.64,99.64,99.59,99.60,99.64,99.64,99.64,99.48,99.48,99.48,,99.96,99.60,99.64,99.64,99.68,99.68,99.72,99.76,99.76,99.76,94.41,96.41,96.33,96.65,96.57,96.45,96.41,96.49,96.49,96.45,96.49,96.61,96.61,96.65,96.45,96.89,96.61,97.49,97.80,97.72,97.52,97.60,97.60,97.64,97.64,97.64,97.64,98.20,98.26,98.32,98.28,97.88,97.84,97.88,97.88,97.88,98.12,97.96,97.29,97.60,97.49,97.72,97.56,97.68,96.97,97.01,97.09,97.52,97.52,97.49
B-MG599525,87.90,87.86,87.58,87.78,87.78,87.78,87.62,87.58,87.58,87.58,87.60,87.58,87.39,87.39,87.54,87.43,87.27,87.31,87.43,87.66,87.39,87.54,87.54,87.54,98.80,98.68,99.08,99.20,98.86,98.72,98.72,98.76,98.76,98.80,98.80,98.96,99.00,99.04,99.16,99.16,99.20,99.12,99.16,99.24,99.20,99.28,99.24,99.28,99.64,99.48,99.48,99.24,99.36,99.24,99.32,99.44,99.52,99.40,99.40,99.20,99.32,99.36,99.36,99.32,99.40,99.76,99.72,99.76,99.64,99.68,99.68,99.63,99.64,99.68,99.68,99.68,99.52,99.52,99.52,99.96,,99.64,99.68,99.68,99.72,99.72,99.76,99.80,99.80,99.80,94.45,96.45,96.37,96.69,96.61,96.49,96.45,96.53,96.53,96.49,96.53,96.65,96.65,96.69,96.49,96.93,96.65,97.52,97.84,97.76,97.56,97.64,97.64,97.68,97.68,97.68,97.68,98.24,98.22,98.28,98.24,97.92,97.88,97.92,97.92,97.92,98.16,98.00,97.33,97.64,97.52,97.76,97.60,97.72,97.01,97.05,97.13,97.56,97.56,97.52
B-KU059790,88.02,87.98,87.82,88.02,88.02,88.02,87.66,87.62,87.62,87.62,87.64,87.62,87.43,87.43,87.58,87.47,87.31,87.35,87.47,87.78,87.43,87.58,87.58,87.58,98.52,98.40,98.80,98.92,98.58,98.44,98.44,98.48,98.48,98.52,98.52,98.68,98.72,98.84,98.88,98.88,98.92,98.84,98.88,98.96,98.92,99.00,98.96,99.00,99.36,99.20,99.20,98.96,99.08,98.96,99.04,99.08,99.24,99.12,99.12,98.92,99.04,99.08,99.08,99.04,99.12,99.48,99.44,99.48,99.36,99.40,99.40,99.43,99.44,99.47,99.48,99.48,99.32,99.32,99.32,99.60,99.64,,99.72,99.72,99.76,99.92,99.88,99.84,99.84,99.84,94.33,96.41,96.33,96.65,96.57,96.29,96.33,96.41,96.41,96.37,96.41,96.53,96.53,96.57,96.37,96.81,96.53,97.41,97.72,97.64,97.45,97.52,97.52,97.56,97.56,97.56,97.56,98.12,98.10,98.16,98.12,97.72,97.68,97.72,97.72,97.72,97.96,97.80,97.21,97.52,97.41,97.64,97.49,97.60,96.81,96.85,96.93,97.37,97.37,97.33
B-MG670685,87.98,87.94,87.78,87.90,87.90,87.90,87.66,87.62,87.62,87.62,87.64,87.62,87.43,87.43,87.58,87.47,87.31,87.35,87.47,87.78,87.43,87.58,87.58,87.58,98.56,98.44,98.84,98.96,98.70,98.56,98.56,98.60,98.60,98.64,98.64,98.80,98.84,98.96,99.00,99.00,99.04,98.88,98.92,99.00,98.96,99.04,99.00,99.04,99.40,99.24,99.24,99.00,99.12,99.00,99.08,99.12,99.28,99.16,99.16,98.96,99.08,99.12,99.12,99.16,99.16,99.52,99.48,99.52,99.40,99.44,99.44,99.47,99.48,99.51,99.52,99.52,99.36,99.36,99.36,99.64,99.68,99.72,,99.76,99.80,99.80,99.84,99.88,99.88,99.88,94.29,96.37,96.29,96.61,96.53,96.33,96.29,96.37,96.37,96.33,96.37,96.49,96.49,96.53,96.33,96.77,96.49,97.45,97.84,97.76,97.49,97.56,97.64,97.60,97.60,97.60,97.60,98.08,98.06,98.12,98.08,97.76,97.72,97.76,97.76,97.76,98.00,97.84,97.33,97.56,97.45,97.68,97.52,97.64,96.93,96.97,97.05,97.41,97.41,97.37
B-MG670702,87.98,87.94,87.70,87.90,87.90,87.90,87.62,87.58,87.58,87.58,87.60,87.58,87.39,87.39,87.54,87.43,87.27,87.31,87.43,87.74,87.39,87.54,87.54,87.54,98.56,98.44,98.84,98.96,98.62,98.48,98.48,98.52,98.52,98.56,98.56,98.72,98.76,98.88,98.92,98.92,98.96,98.88,98.92,99.00,98.96,99.04,99.00,99.04,99.40,99.24,99.24,99.00,99.12,99.00,99.08,99.12,99.28,99.24,99.24,98.96,99.08,99.12,99.12,99.08,99.16,99.52,99.48,99.52,99.40,99.44,99.44,99.47,99.48,99.51,99.52,99.52,99.36,99.36,99.36,99.64,99.68,99.72,99.76,,99.96,99.80,99.84,99.88,99.88,99.88,94.29,96.45,96.37,96.69,96.61,96.41,96.37,96.45,96.45,96.41,96.45,96.57,96.57,96.61,96.41,96.85,96.57,97.45,97.76,97.68,97.49,97.56,97.56,97.60,97.60,97.60,97.60,98.08,98.06,98.12,98.08,97.76,97.72,97.76,97.76,97.76,98.00,97.84,97.25,97.56,97.45,97.68,97.52,97.64,96.85,96.89,96.97,97.41,97.41,97.37
B-MG670698,87.94,87.90,87.66,87.86,87.86,87.86,87.58,87.54,87.54,87.54,87.56,87.54,87.35,87.35,87.50,87.39,87.23,87.27,87.39,87.70,87.35,87.50,87.50,87.50,98.60,98.48,98.88,99.00,98.66,98.52,98.52,98.56,98.56,98.60,98.60,98.76,98.80,98.92,98.96,98.96,99.00,98.92,98.96,99.04,99.00,99.08,99.04,99.08,99.44,99.28,99.28,99.04,99.16,99.04,99.12,99.16,99.32,99.28,99.28,99.00,99.12,99.16,99.16,99.12,99.20,99.56,99.52,99.56,99.44,99.48,99.48,99.51,99.52,99.55,99.56,99.56,99.40,99.40,99.40,99.68,99.72,99.76,99.80,99.96,,99.84,99.88,99.92,99.92,99.92,94.33,96.49,96.41,96.73,96.65,96.45,96.41,96.49,96.49,96.45,96.49,96.61,96.61,96.65,96.45,96.89,96.61,97.49,97.80,97.72,97.52,97.60,97.60,97.64,97.64,97.64,97.64,98.12,98.10,98.16,98.12,97.80,97.76,97.80,97.80,97.80,98.04,97.88,97.29,97.60,97.49,97.72,97.56,97.68,96.89,96.93,97.01,97.45,97.45,97.41
B-KU059779,88.02,87.98,87.74,87.94,87.94,87.94,87.66,87.62,87.62,87.62,87.64,87.62,87.43,87.43,87.58,87.47,87.31,87.35,87.47,87.78,87.43,87.58,87.58,87.58,98.60,98.48,98.88,99.00,98.66,98.52,98.52,98.56,98.56,98.60,98.60,98.76,98.80,98.92,98.96,98.96,99.00,98.92,98.96,99.04,99.00,99.08,99.04,99.08,99.44,99.28,99.28,99.04,99.16,99.04,99.12,99.16,99.32,99.20,99.20,99.00,99.12,99.16,99.16,99.12,99.20,99.56,99.52,99.56,99.44,99.48,99.48,99.51,99.52,99.55,99.56,99.56,99.40,99.40,99.40,99.68,99.72,99.92,99.80,99.80,99.84,,99.96,99.92,99.92,99.92,94.33,96.41,96.33,96.65,96.57,96.37,96.33,96.41,96.41,96.37,96.41,96.53,96.53,96.57,96.37,96.81,96.53,97.49,97.80,97.72,97.52,97.60,97.60,97.64,97.64,97.64,97.64,98.12,98.10,98.16,98.12,97.80,97.76,97.80,97.80,97.80,98.04,97.88,97.29,97.60,97.49,97.72,97.56,97.68,96.89,96.93,97.01,97.45,97.45,97.41
B-KU059768,87.98,87.94,87.70,87.90,87.90,87.90,87.62,87.58,87.58,87.58,87.60,87.58,87.39,87.39,87.54,87.43,87.27,87.31,87.43,87.74,87.39,87.54,87.54,87.54,98.64,98.52,98.92,99.04,98.70,98.56,98.56,98.60,98.60,98.64,98.64,98.80,98.84,98.96,99.00,99.00,99.04,98.96,99.00,99.08,99.04,99.12,99.08,99.12,99.48,99.32,99.32,99.08,99.20,99.08,99.16,99.20,99.36,99.24,99.24,99.04,99.16,99.20,99.20,99.16,99.24,99.60,99.56,99.60,99.48,99.52,99.52,99.55,99.56,99.59,99.60,99.60,99.44,99.44,99.44,99.72,99.76,99.88,99.84,99.84,99.88,99.96,,99.96,99.96,99.96,94.37,96.45,96.37,96.69,96.61,96.41,96.37,96.45,96.45,96.41,96.45,96.57,96.57,96.61,96.41,96.85,96.57,97.52,97.84,97.76,97.56,97.64,97.64,97.68,97.68,97.68,97.68,98.16,98.14,98.20,98.16,97.84,97.80,97.84,97.84,97.84,98.08,97.92,97.33,97.64,97.52,97.76,97.60,97.72,96.93,96.97,97.05,97.49,97.49,97.45
B-MG670694,88.02,87.98,87.74,87.94,87.94,87.94,87.66,87.62,87.62,87.62,87.64,87.62,87.43,87.43,87.58,87.47,87.31,87.35,87.47,87.78,87.43,87.58,87.58,87.58,98.68,98.56,98.96,99.08,98.74,98.60,98.60,98.64,98.64,98.68,98.68,98.84,98.88,99.00,99.04,99.04,99.08,99.00,99.04,99.12,99.08,99.16,99.12,99.16,99.52,99.36,99.36,99.12,99.24,99.12,99.20,99.24,99.40,99.28,99.28,99.08,99.20,99.24,99.24,99.20,99.28,99.64,99.60,99.64,99.52,99.56,99.56,99.59,99.60,99.64,99.64,99.64,99.48,99.48,99.48,99.76,99.80,99.84,99.88,99.88,99.92,99.92,99.96,,100.00,100.00,94.41,96.49,96.41,96.73,96.65,96.45,96.41,96.49,96.49,96.45,96.49,96.61,96.61,96.65,96.45,96.89,96.61,97.56,97.88,97.80,97.60,97.68,97.68,97.72,97.72,97.72,97.72,98.20,98.18,98.24,98.20,97.88,97.84,97.88,97.88,97.88,98.12,97.96,97.37,97.68,97.56,97.80,97.64,97.76,96.97,97.01,97.09,97.52,97.52,97.49
B-LC086727,88.02,87.98,87.74,87.94,87.94,87.94,87.66,87.62,87.62,87.62,87.64,87.62,87.43,87.43,87.58,87.47,87.31,87.35,87.47,87.78,87.43,87.58,87.58,87.58,98.68,98.56,98.96,99.08,98.74,98.60,98.60,98.64,98.64,98.68,98.68,98.84,98.88,99.00,99.04,99.04,99.08,99.00,99.04,99.12,99.08,99.16,99.12,99.16,99.52,99.36,99.36,99.12,99.24,99.12,99.20,99.24,99.40,99.28,99.28,99.08,99.20,99.24,99.24,99.20,99.28,99.64,99.60,99.64,99.52,99.56,99.56,99.59,99.60,99.64,99.64,99.64,99.48,99.48,99.48,99.76,99.80,99.84,99.88,99.88,99.92,99.92,99.96,100.00,,100.00,94.41,96.49,96.41,96.73,96.65,96.45,96.41,96.49,96.49,96.45,96.49,96.61,96.61,96.65,96.45,96.89,96.61,97.56,97.88,97.80,97.60,97.68,97.68,97.72,97.72,97.72,97.72,98.20,98.18,98.24,98.20,97.88,97.84,97.88,97.88,97.88,98.12,97.96,97.37,97.68,97.56,97.80,97.64,97.76,96.97,97.01,97.09,97.52,97.52,97.49
B-LC086716,88.02,87.98,87.74,87.94,87.94,87.94,87.66,87.62,87.62,87.62,87.64,87.62,87.43,87.43,87.58,87.47,87.31,87.35,87.47,87.78,87.43,87.58,87.58,87.58,98.68,98.56,98.96,99.08,98.74,98.60,98.60,98.64,98.64,98.68,98.68,98.84,98.88,99.00,99.04,99.04,99.08,99.00,99.04,99.12,99.08,99.16,99.12,99.16,99.52,99.36,99.36,99.12,99.24,99.12,99.20,99.24,99.40,99.28,99.28,99.08,99.20,99.24,99.24,99.20,99.28,99.64,99.60,99.64,99.52,99.56,99.56,99.59,99.60,99.64,99.64,99.64,99.48,99.48,99.48,99.76,99.80,99.84,99.88,99.88,99.92,99.92,99.96,100.00,100.00,,94.41,96.49,96.41,96.73,96.65,96.45,96.41,96.49,96.49,96.45,96.49,96.61,96.61,96.65,96.45,96.89,96.61,97.56,97.88,97.80,97.60,97.68,97.68,97.72,97.72,97.72,97.72,98.20,98.18,98.24,98.20,97.88,97.84,97.88,97.88,97.88,98.12,97.96,97.37,97.68,97.56,97.80,97.64,97.76,96.97,97.01,97.09,97.52,97.52,97.49
A-KU356576,88.82,88.78,88.50,88.70,88.70,88.70,90.14,90.26,90.34,90.34,90.36,90.42,90.34,90.30,90.38,90.06,89.98,90.02,90.14,90.30,90.18,90.06,90.18,90.14,94.69,94.57,94.09,94.29,93.79,93.57,93.65,93.61,93.61,93.65,93.73,93.81,93.85,94.05,94.01,94.01,93.97,94.01,93.93,94.01,93.97,94.21,94.17,94.13,94.41,94.25,94.25,94.01,94.17,94.01,94.09,94.21,94.37,94.17,94.17,93.97,94.09,94.13,94.13,93.97,94.17,94.37,94.33,94.37,94.25,94.29,94.29,94.34,94.40,94.40,94.45,94.45,94.37,94.37,94.37,94.41,94.45,94.33,94.29,94.29,94.33,94.33,94.37,94.41,94.41,94.41,,94.45,94.37,94.69,94.53,94.37,95.33,96.85,95.61,95.65,95.57,95.73,95.69,94.57,94.33,95.13,94.93,94.51,94.85,94.69,94.41,94.49,94.49,94.53,94.53,94.53,94.53,95.05,95.15,95.25,95.21,94.73,94.69,94.73,94.73,94.73,94.89,94.73,94.55,94.73,94.77,94.93,94.77,94.89,94.21,94.29,94.45,94.73,94.73,94.77
A-MG181889,87.62,87.58,87.07,87.27,87.27,87.27,87.15,87.27,87.27,87.27,87.29,87.27,86.99,86.99,87.15,87.11,86.95,87.07,87.11,87.27,87.07,87.23,87.23,87.23,96.85,96.73,96.09,96.29,95.67,95.49,95.49,95.53,95.53,95.57,95.57,95.73,95.77,95.89,95.93,95.93,95.89,95.85,95.85,95.93,95.89,96.05,96.01,95.97,96.41,96.33,96.33,96.01,96.05,96.01,96.01,96.13,96.21,96.09,96.09,95.97,96.09,96.05,96.05,96.01,96.09,96.37,96.33,96.37,96.25,96.29,96.29,96.34,96.37,96.39,96.45,96.45,96.29,96.29,96.29,96.41,96.45,96.41,96.37,96.45,96.49,96.41,96.45,96.49,96.49,96.49,94.45,,99.92,98.76,98.68,96.45,96.89,96.81,96.81,96.77,96.89,97.05,96.93,96.81,96.85,97.29,97.01,96.67,96.97,96.97,96.77,96.85,96.85,96.89,96.89,96.89,96.89,97.41,97.47,97.52,97.49,97.01,96.97,97.01,97.01,97.01,97.17,97.01,96.63,96.85,96.89,96.97,96.89,97.01,96.33,96.33,96.49,96.85,96.93,96.89
A-MG181768,87.54,87.50,86.99,87.19,87.19,87.19,87.07,87.19,87.19,87.19,87.21,87.19,86.91,86.91,87.07,87.03,86.87,86.99,87.03,87.19,86.99,87.15,87.15,87.15,96.77,96.65,96.01,96.21,95.59,95.41,95.41,95.45,95.45,95.49,95.49,95.65,95.69,95.81,95.85,95.85,95.81,95.77,95.77,95.85,95.81,95.97,95.93,95.89,96.33,96.25,96.25,95.93,95.97,95.97,95.93,96.09,96.13,96.05,96.05,95.93,96.05,95.97,95.97,95.93,96.01,96.29,96.25,96.29,96.17,96.21,96.21,96.26,96.29,96.31,96.37,96.37,96.21,96.21,96.21,96.33,96.37,96.33,96.29,96.37,96.41,96.33,96.37,96.41,96.41,96.41,94.37,99.92,,98.68,98.60,96.37,96.81,96.73,96.73,96.69,96.81,96.97,96.85,96.73,96.77,97.21,96.93,96.59,96.89,96.89,96.69,96.77,96.77,96.81,96.81,96.81,96.81,97.33,97.39,97.45,97.41,96.93,96.89,96.93,96.93,96.93,97.09,96.93,96.55,96.77,96.81,96.89,96.81,96.93,96.25,96.25,96.41,96.77,96.85,96.81
A-LC105571,87.70,87.66,87.47,87.66,87.66,87.66,87.35,87.47,87.47,87.47,87.49,87.47,87.19,87.19,87.35,87.31,87.15,87.27,87.31,87.23,87.27,87.43,87.43,87.43,97.09,96.97,96.41,96.61,95.91,95.73,95.73,95.77,95.77,95.81,95.81,95.97,96.01,96.21,96.17,96.17,96.13,96.09,96.09,96.17,96.13,96.21,96.33,96.21,96.57,96.49,96.49,96.25,96.29,96.25,96.25,96.37,96.45,96.33,96.33,96.13,96.25,96.29,96.29,96.33,96.41,96.61,96.57,96.61,96.49,96.53,96.53,96.58,96.61,96.63,96.69,96.69,96.53,96.53,96.53,96.65,96.69,96.65,96.61,96.69,96.73,96.65,96.69,96.73,96.73,96.73,94.69,98.76,98.68,,99.68,96.77,97.13,97.13,97.13,97.09,97.21,97.29,97.25,97.13,97.25,97.52,97.17,96.91,97.21,97.21,96.93,97.01,97.01,97.05,97.05,97.05,97.05,97.64,97.70,97.76,97.72,97.25,97.21,97.25,97.25,97.25,97.41,97.25,96.79,97.01,97.05,97.13,97.05,97.17,96.57,96.57,96.73,97.01,97.01,96.97
A-KJ752163,87.62,87.58,87.31,87.50,87.50,87.50,87.03,87.15,87.15,87.15,87.17,87.15,86.87,86.87,87.03,86.99,86.83,86.95,86.99,86.99,86.95,87.11,87.11,87.11,97.01,96.89,96.33,96.53,95.83,95.65,95.65,95.69,95.69,95.73,95.73,95.89,95.93,96.13,96.09,96.09,96.05,96.01,96.01,96.09,96.05,96.13,96.25,96.13,96.49,96.41,96.41,96.17,96.21,96.17,96.17,96.29,96.37,96.25,96.25,96.05,96.17,96.21,96.21,96.25,96.33,96.53,96.49,96.53,96.41,96.45,96.45,96.50,96.53,96.55,96.61,96.61,96.45,96.45,96.45,96.57,96.61,96.57,96.53,96.61,96.65,96.57,96.61,96.65,96.65,96.65,94.53,98.68,98.60,99.68,,96.69,97.05,97.05,97.05,97.01,97.13,97.21,97.17,96.97,97.25,97.45,97.09,96.83,97.13,97.13,96.85,96.93,96.93,96.97,96.97,96.97,96.97,97.56,97.62,97.68,97.64,97.17,97.13,97.17,97.17,97.17,97.33,97.17,96.71,96.93,96.97,97.05,96.97,97.09,96.49,96.49,96.65,96.93,96.93,96.89
A-HQ657140,87.23,87.19,86.99,87.19,87.19,87.19,87.23,87.35,87.35,87.35,87.43,87.39,87.15,87.15,87.31,87.23,87.07,87.11,87.23,87.47,87.19,87.27,87.27,87.27,96.89,96.77,96.17,96.33,95.59,95.53,95.53,95.57,95.57,95.61,95.53,95.69,95.73,95.85,95.89,95.89,95.85,95.85,95.97,96.05,96.01,96.01,95.97,96.01,96.37,96.29,96.29,96.05,96.09,96.05,96.13,96.25,96.25,96.13,96.13,95.93,96.05,96.09,96.09,96.05,96.21,96.41,96.37,96.41,96.29,96.33,96.33,96.34,96.33,96.35,96.41,96.41,96.25,96.25,96.25,96.45,96.49,96.29,96.33,96.41,96.45,96.37,96.41,96.45,96.45,96.45,94.37,96.45,96.37,96.77,96.69,,96.69,96.89,96.93,96.89,96.69,96.85,97.13,97.33,96.73,97.01,96.57,96.61,96.89,96.89,96.69,96.69,96.69,96.73,96.73,96.73,96.73,97.21,97.15,97.25,97.21,96.89,96.85,96.89,96.89,96.89,97.05,96.97,96.41,96.61,96.57,96.73,96.65,96.77,96.21,96.25,96.41,96.69,96.77,96.73
A-KC443009,88.18,88.14,87.94,88.14,88.14,88.14,87.58,87.62,87.62,87.62,87.84,88.02,87.58,87.58,87.74,87.47,87.31,87.35,87.47,87.70,87.50,87.58,87.66,87.66,96.85,96.73,96.17,96.37,95.59,95.49,95.49,95.53,95.53,95.57,95.57,95.65,95.69,95.89,95.85,95.85,95.81,95.93,95.85,95.93,95.89,96.13,96.01,95.97,96.41,96.25,96.25,96.01,96.05,95.93,96.01,96.13,96.21,96.09,96.09,95.97,96.09,96.05,96.05,96.01,96.09,96.37,96.33,96.37,96.25,96.29,96.29,96.42,96.37,96.39,96.45,96.45,96.29,96.29,96.29,96.41,96.45,96.33,96.29,96.37,96.41,96.33,96.37,96.41,96.41,96.41,95.33,96.89,96.81,97.13,97.05,96.69,,98.24,98.16,98.20,98.16,98.24,98.20,97.13,97.25,97.60,97.45,96.79,97.13,97.13,96.85,96.93,96.93,96.97,96.97,96.97,96.97,97.64,97.54,97.64,97.60,97.41,97.37,97.41,97.41,97.41,97.49,97.33,96.67,96.93,96.97,97.05,96.97,97.09,96.37,96.41,96.49,96.85,96.89,96.93
A-HQ641357,87.70,87.66,87.31,87.50,87.50,87.50,87.47,87.50,87.50,87.50,87.64,87.58,87.35,87.31,87.47,87.39,87.15,87.19,87.31,87.54,87.35,87.43,87.54,87.50,96.93,96.81,96.17,96.45,95.75,95.57,95.57,95.61,95.61,95.65,95.65,95.81,95.85,95.97,96.01,96.01,95.97,96.01,95.93,96.01,95.97,96.13,96.17,96.05,96.41,96.25,96.25,96.01,96.13,96.01,96.09,96.21,96.29,96.17,96.17,95.97,96.09,96.13,96.13,96.09,96.33,96.45,96.41,96.45,96.33,96.37,96.37,96.46,96.49,96.51,96.53,96.53,96.37,96.37,96.37,96.49,96.53,96.41,96.37,96.45,96.49,96.41,96.45,96.49,96.49,96.49,96.85,96.81,96.73,97.13,97.05,96.89,98.24,,98.20,98.24,98.24,98.32,98.28,96.89,97.01,97.52,97.25,96.79,97.13,97.05,96.77,96.85,96.85,96.89,96.89,96.89,96.89,97.41,97.50,97.60,97.56,97.17,97.13,97.17,97.17,97.17,97.33,97.17,96.51,96.77,96.81,96.97,96.81,96.93,96.25,96.33,96.41,96.77,96.81,96.85
A-KF716382,87.90,87.86,87.58,87.78,87.78,87.78,87.66,87.82,87.82,87.82,87.84,87.86,87.58,87.58,87.74,87.54,87.39,87.43,87.54,87.78,87.58,87.74,87.74,87.74,97.01,96.89,96.17,96.37,95.67,95.57,95.57,95.61,95.61,95.65,95.57,95.73,95.77,95.89,95.93,95.93,95.89,96.01,95.93,96.01,95.97,96.13,96.09,96.05,96.41,96.25,96.25,96.09,96.13,96.01,96.09,96.21,96.29,96.17,96.17,95.97,96.09,96.05,96.05,96.09,96.17,96.45,96.41,96.45,96.33,96.37,96.37,96.38,96.41,96.43,96.45,96.45,96.37,96.37,96.37,96.49,96.53,96.41,96.37,96.45,96.49,96.41,96.45,96.49,96.49,96.49,95.61,96.81,96.73,97.13,97.05,96.93,98.16,98.20,,99.88,98.96,99.04,99.08,97.13,97.25,97.76,97.49,97.07,97.33,97.33,97.05,97.13,97.13,97.17,97.17,97.25,97.17,97.64,97.66,97.76,97.72,97.33,97.29,97.33,97.33,97.33,97.49,97.33,96.75,97.01,96.97,97.13,97.05,97.17,96.53,96.57,96.65,97.01,97.05,97.09
A-KF716380,88.02,87.98,87.70,87.90,87.90,87.90,87.70,87.86,87.86,87.86,87.88,87.90,87.62,87.62,87.78,87.58,87.43,87.47,87.58,87.82,87.62,87.78,87.78,87.78,96.97,96.85,96.13,96.33,95.63,95.53,95.53,95.57,95.57,95.61,95.53,95.69,95.73,95.85,95.89,95.89,95.85,95.97,95.89,95.97,95.93,96.09,96.05,96.01,96.37,96.21,96.21,96.05,96.09,95.97,96.05,96.17,96.25,96.13,96.13,95.93,96.05,96.01,96.01,96.05,96.13,96.41,96.37,96.41,96.29,96.33,96.33,96.34,96.37,96.39,96.41,96.41,96.25,96.25,96.25,96.45,96.49,96.37,96.33,96.41,96.45,96.37,96.41,96.45,96.45,96.45,95.65,96.77,96.69,97.09,97.01,96.89,98.20,98.24,99.88,,99.00,99.08,99.12,97.09,97.21,97.72,97.52,97.03,97.29,97.29,97.01,97.09,97.09,97.13,97.13,97.21,97.13,97.60,97.62,97.72,97.68,97.29,97.25,97.29,97.29,97.29,97.45,97.29,96.71,96.97,96.93,97.09,97.01,97.13,96.49,96.53,96.61,96.97,97.01,97.05
A-KC442965,87.94,87.90,87.62,87.82,87.82,87.82,87.70,87.74,87.74,87.74,87.72,87.90,87.54,87.54,87.70,87.43,87.27,87.39,87.43,87.58,87.47,87.62,87.62,87.62,97.01,96.89,96.17,96.37,95.67,95.49,95.49,95.53,95.53,95.57,95.57,95.73,95.77,95.89,95.93,95.93,95.89,96.01,95.93,96.01,95.97,96.21,96.09,96.05,96.41,96.25,96.25,96.09,96.13,96.09,96.09,96.21,96.29,96.17,96.17,95.97,96.09,96.05,96.05,96.17,96.17,96.45,96.41,96.45,96.33,96.37,96.37,96.38,96.41,96.43,96.45,96.45,96.29,96.29,96.29,96.49,96.53,96.41,96.37,96.45,96.49,96.41,96.45,96.49,96.49,96.49,95.57,96.89,96.81,97.21,97.13,96.69,98.16,98.24,98.96,99.00,,99.16,99.00,97.05,97.17,97.60,97.41,97.07,97.33,97.33,97.05,97.13,97.13,97.17,97.17,97.17,97.17,97.64,97.66,97.76,97.72,97.33,97.29,97.33,97.33,97.33,97.49,97.33,96.75,97.01,96.97,97.13,97.05,97.17,96.53,96.49,96.57,97.09,97.05,97.09
A-KC442976,88.14,88.10,87.82,88.02,88.02,88.02,87.90,88.02,88.02,88.02,87.84,87.94,87.66,87.66,87.82,87.62,87.47,87.50,87.62,87.86,87.66,87.82,87.82,87.82,97.13,97.01,96.29,96.49,95.79,95.61,95.61,95.65,95.65,95.69,95.69,95.85,95.89,96.01,96.05,96.05,96.01,96.13,96.05,96.13,96.09,96.33,96.21,96.17,96.53,96.37,96.37,96.21,96.25,96.13,96.21,96.33,96.41,96.29,96.29,96.09,96.21,96.17,96.17,96.21,96.29,96.57,96.53,96.57,96.45,96.49,96.49,96.50,96.53,96.55,96.57,96.57,96.49,96.49,96.49,96.61,96.65,96.53,96.49,96.57,96.61,96.53,96.57,96.61,96.61,96.61,95.73,97.05,96.97,97.29,97.21,96.85,98.24,98.32,99.04,99.08,99.16,,99.24,97.21,97.33,97.76,97.49,97.23,97.49,97.49,97.21,97.29,97.29,97.33,97.33,97.33,97.33,97.72,97.74,97.84,97.80,97.45,97.41,97.45,97.45,97.45,97.60,97.45,96.83,97.09,97.05,97.21,97.13,97.25,96.53,96.57,96.65,97.09,97.13,97.17
A-KC178786,88.22,88.18,87.90,88.10,88.10,88.10,87.90,88.02,88.02,88.02,88.04,88.02,87.74,87.74,87.90,87.78,87.62,87.66,87.78,87.94,87.74,87.90,87.90,87.90,97.13,97.01,96.29,96.49,95.79,95.61,95.61,95.65,95.65,95.69,95.69,95.85,95.89,96.01,96.05,96.05,96.01,96.13,96.13,96.21,96.17,96.25,96.21,96.17,96.53,96.37,96.37,96.21,96.25,96.13,96.21,96.33,96.41,96.29,96.29,96.09,96.21,96.17,96.17,96.21,96.29,96.57,96.53,96.57,96.45,96.49,96.49,96.50,96.53,96.55,96.57,96.57,96.41,96.41,96.41,96.61,96.65,96.53,96.49,96.57,96.61,96.53,96.57,96.61,96.61,96.61,95.69,96.93,96.85,97.25,97.17,97.13,98.20,98.28,99.08,99.12,99.00,99.24,,97.33,97.29,97.72,97.52,97.19,97.45,97.45,97.17,97.25,97.25,97.29,97.29,97.29,97.29,97.76,97.78,97.88,97.84,97.45,97.41,97.45,97.45,97.45,97.60,97.45,96.87,97.13,97.09,97.25,97.17,97.29,96.65,96.69,96.77,97.21,97.25,97.29
A-KC443347,88.26,88.22,88.02,88.22,88.22,88.22,87.58,87.86,87.86,87.86,87.90,87.94,87.66,87.66,87.82,87.70,87.54,87.58,87.70,87.78,87.74,87.90,87.90,87.90,96.93,96.81,96.25,96.37,95.83,95.73,95.73,95.77,95.77,95.81,95.73,95.89,95.85,95.97,96.01,96.01,96.05,96.01,96.01,96.09,96.05,96.13,96.17,96.13,96.49,96.41,96.41,96.25,96.21,96.09,96.33,96.29,96.37,96.25,96.25,96.05,96.17,96.21,96.21,96.17,96.25,96.53,96.49,96.53,96.41,96.45,96.45,96.42,96.45,96.47,96.53,96.53,96.37,96.37,96.37,96.65,96.69,96.57,96.53,96.61,96.65,96.57,96.61,96.65,96.65,96.65,94.57,96.81,96.73,97.13,96.97,97.33,97.13,96.89,97.13,97.09,97.05,97.21,97.33,,97.17,97.45,97.09,96.85,97.17,97.17,96.97,96.97,96.97,97.01,97.01,97.01,97.01,97.56,97.54,97.60,97.56,97.25,97.21,97.25,97.25,97.25,97.33,97.25,96.81,96.97,97.01,97.09,97.01,97.13,96.41,96.45,96.61,97.05,96.93,96.89
A-MG181658,87.62,87.58,87.31,87.58,87.58,87.58,87.19,87.15,87.15,87.15,87.45,87.43,87.11,87.11,87.27,87.15,86.99,87.03,87.15,87.31,87.11,87.27,87.27,87.27,97.13,97.01,96.13,96.33,95.71,95.69,95.69,95.73,95.73,95.77,95.61,95.77,95.81,95.93,95.97,95.97,95.93,95.97,95.89,95.97,95.93,96.01,96.05,96.09,96.37,96.21,96.21,96.21,96.25,96.05,96.13,96.25,96.25,96.21,96.21,96.01,96.13,96.01,96.01,95.97,96.13,96.41,96.37,96.41,96.29,96.33,96.33,96.34,96.41,96.39,96.41,96.41,96.33,96.33,96.33,96.45,96.49,96.37,96.33,96.41,96.45,96.37,96.41,96.45,96.45,96.45,94.33,96.85,96.77,97.25,97.25,96.73,97.25,97.01,97.25,97.21,97.17,97.33,97.29,97.17,,97.56,97.13,96.91,97.17,97.25,97.05,97.05,97.05,97.09,97.09,97.09,97.09,97.68,97.62,97.72,97.68,97.37,97.33,97.37,97.37,97.37,97.45,97.37,96.79,97.05,97.01,97.17,97.09,97.21,96.65,96.61,96.61,97.05,97.05,97.01
A-KR705203,88.06,88.02,87.66,87.94,87.94,87.94,87.58,87.62,87.62,87.62,87.68,87.70,87.43,87.43,87.58,87.47,87.31,87.27,87.39,87.62,87.43,87.58,87.58,87.58,97.49,97.37,96.57,96.69,96.07,95.89,95.89,95.93,95.93,95.97,95.97,96.13,96.17,96.29,96.33,96.33,96.29,96.41,96.41,96.49,96.45,96.45,96.41,96.53,96.81,96.65,96.65,96.49,96.61,96.41,96.49,96.61,96.69,96.57,96.57,96.37,96.49,96.45,96.45,96.41,96.57,96.85,96.89,96.85,96.73,96.77,96.77,96.74,96.78,96.80,96.85,96.85,96.69,96.69,96.69,96.89,96.93,96.81,96.77,96.85,96.89,96.81,96.85,96.89,96.89,96.89,95.13,97.29,97.21,97.52,97.45,97.01,97.60,97.52,97.76,97.72,97.60,97.76,97.72,97.45,97.56,,98.92,97.31,97.60,97.68,97.33,97.41,97.41,97.45,97.45,97.52,97.45,97.96,98.02,98.08,98.12,97.72,97.68,97.72,97.72,97.72,97.88,97.72,97.43,97.64,97.60,97.76,97.68,97.80,96.93,96.97,97.05,97.49,97.49,97.45
A-KJ721708,87.86,87.82,87.47,87.74,87.74,87.74,87.47,87.50,87.50,87.50,87.52,87.54,87.35,87.35,87.50,87.39,87.23,87.27,87.31,87.54,87.35,87.50,87.50,87.50,97.21,97.09,96.37,96.49,95.79,95.61,95.69,95.65,95.65,95.69,95.69,95.85,95.89,96.01,96.05,96.05,96.01,96.13,96.13,96.21,96.17,96.17,96.13,96.25,96.53,96.37,96.37,96.21,96.33,96.13,96.21,96.33,96.49,96.29,96.29,96.09,96.21,96.17,96.17,96.21,96.29,96.57,96.61,96.57,96.45,96.49,96.49,96.50,96.49,96.51,96.57,96.57,96.41,96.41,96.41,96.61,96.65,96.53,96.49,96.57,96.61,96.53,96.57,96.61,96.61,96.61,94.93,97.01,96.93,97.17,97.09,96.57,97.45,97.25,97.49,97.52,97.41,97.49,97.52,97.09,97.13,98.92,,97.03,97.25,97.33,97.05,97.13,97.13,97.17,97.17,97.25,97.17,97.68,97.74,97.80,97.84,97.45,97.41,97.45,97.45,97.45,97.60,97.45,97.07,97.29,97.25,97.41,97.33,97.45,96.57,96.61,96.69,97.13,97.21,97.17
A-PX212611,87.39,87.35,87.07,87.27,87.27,87.27,87.66,87.62,87.62,87.62,87.41,87.54,87.35,87.35,87.50,87.39,87.23,87.27,87.39,87.54,87.35,87.50,87.50,87.50,98.00,97.88,97.25,97.37,96.72,96.49,96.49,96.53,96.53,96.57,96.65,96.73,96.77,96.89,96.93,96.93,96.89,96.98,96.93,97.01,96.97,97.13,97.01,97.05,97.41,97.33,97.33,97.09,97.13,97.01,97.09,97.21,97.29,97.17,97.17,96.97,97.09,97.13,97.13,97.01,97.17,97.45,97.41,97.45,97.33,97.37,97.37,97.40,97.42,97.45,97.45,97.45,97.29,97.29,97.29,97.49,97.52,97.41,97.45,97.45,97.49,97.49,97.52,97.56,97.56,97.56,94.51,96.67,96.59,96.91,96.83,96.61,96.79,96.79,97.07,97.03,97.07,97.23,97.19,96.85,96.91,97.31,97.03,,99.14,99.14,99.18,99.26,99.26,99.30,99.30,99.30,99.30,98.34,98.44,98.46,98.42,98.18,98.14,98.18,98.18,98.18,98.34,98.18,98.18,98.34,98.34,98.46,98.38,98.50,97.70,97.74,97.82,98.26,98.34,98.30
A-OP717289,87.90,87.86,87.66,87.78,87.78,87.78,87.74,87.70,87.70,87.70,87.56,87.62,87.43,87.43,87.58,87.47,87.31,87.35,87.47,87.62,87.43,87.58,87.58,87.58,98.24,98.12,97.49,97.60,97.05,96.89,96.89,96.93,96.93,96.97,97.05,97.13,97.17,97.29,97.33,97.33,97.29,97.31,97.25,97.33,97.29,97.37,97.33,97.45,97.72,97.64,97.64,97.49,97.45,97.41,97.49,97.60,97.68,97.56,97.56,97.37,97.49,97.45,97.45,97.33,97.56,97.76,97.72,97.76,97.64,97.68,97.68,97.68,97.70,97.73,97.76,97.76,97.60,97.60,97.60,97.80,97.84,97.72,97.84,97.76,97.80,97.80,97.84,97.88,97.88,97.88,94.85,96.97,96.89,97.21,97.13,96.89,97.13,97.13,97.33,97.29,97.33,97.49,97.45,97.17,97.17,97.60,97.25,99.14,,99.84,99.24,99.32,99.40,99.36,99.36,99.36,99.36,98.68,98.70,98.80,98.76,98.52,98.48,98.52,98.52,98.52,98.68,98.52,98.50,98.72,98.68,98.84,98.76,98.88,98.16,98.20,98.28,98.64,98.64,98.60
A-OP717286,87.82,87.78,87.58,87.70,87.70,87.70,87.66,87.62,87.62,87.62,87.49,87.54,87.35,87.35,87.50,87.39,87.23,87.27,87.39,87.54,87.35,87.50,87.50,87.50,98.24,98.12,97.41,97.52,96.97,96.81,96.81,96.85,96.85,96.89,96.97,97.05,97.09,97.21,97.25,97.25,97.21,97.23,97.17,97.25,97.21,97.29,97.25,97.37,97.64,97.56,97.56,97.41,97.37,97.33,97.41,97.52,97.60,97.49,97.49,97.29,97.41,97.37,97.37,97.25,97.41,97.68,97.64,97.68,97.56,97.60,97.60,97.60,97.62,97.65,97.68,97.68,97.52,97.52,97.52,97.72,97.76,97.64,97.76,97.68,97.72,97.72,97.76,97.80,97.80,97.80,94.69,96.97,96.89,97.21,97.13,96.89,97.13,97.05,97.33,97.29,97.33,97.49,97.45,97.17,97.25,97.68,97.33,99.14,99.84,,99.24,99.32,99.40,99.36,99.36,99.36,99.36,98.68,98.70,98.80,98.76,98.52,98.48,98.52,98.52,98.52,98.68,98.52,98.50,98.72,98.68,98.84,98.76,98.88,98.24,98.20,98.28,98.64,98.64,98.60
A-LC569217,87.54,87.50,87.23,87.43,87.43,87.43,87.50,87.47,87.47,87.47,87.33,87.39,87.19,87.19,87.35,87.23,87.07,87.11,87.23,87.39,87.19,87.35,87.35,87.35,98.04,97.92,97.21,97.33,96.69,96.53,96.53,96.57,96.57,96.61,96.69,96.77,96.81,96.93,96.97,96.97,96.93,96.95,96.97,97.05,97.01,97.09,97.05,97.09,97.45,97.37,97.37,97.13,97.17,97.05,97.13,97.25,97.33,97.21,97.21,97.01,97.13,97.21,97.21,97.09,97.25,97.49,97.45,97.49,97.41,97.45,97.45,97.40,97.42,97.45,97.49,97.49,97.33,97.33,97.33,97.52,97.56,97.45,97.49,97.49,97.52,97.52,97.56,97.60,97.60,97.60,94.41,96.77,96.69,96.93,96.85,96.69,96.85,96.77,97.05,97.01,97.05,97.21,97.17,96.97,97.05,97.33,97.05,99.18,99.24,99.24,,99.76,99.76,99.80,99.80,99.80,99.80,98.44,98.46,98.56,98.52,98.24,98.20,98.24,98.24,98.24,98.40,98.32,98.22,98.44,98.40,98.56,98.48,98.60,97.80,97.84,97.92,98.36,98.36,98.32
A-LC228372,87.62,87.58,87.31,87.50,87.50,87.50,87.58,87.54,87.54,87.54,87.41,87.47,87.27,87.27,87.43,87.31,87.15,87.19,87.31,87.47,87.27,87.43,87.43,87.43,98.12,98.00,97.29,97.41,96.77,96.61,96.61,96.65,96.65,96.69,96.77,96.85,96.89,97.01,97.05,97.05,97.01,97.03,97.13,97.21,97.17,97.17,97.13,97.17,97.52,97.45,97.45,97.21,97.25,97.13,97.21,97.33,97.41,97.29,97.29,97.09,97.21,97.25,97.25,97.13,97.29,97.56,97.52,97.56,97.45,97.49,97.49,97.48,97.50,97.53,97.56,97.56,97.41,97.41,97.41,97.60,97.64,97.52,97.56,97.56,97.60,97.60,97.64,97.68,97.68,97.68,94.49,96.85,96.77,97.01,96.93,96.69,96.93,96.85,97.13,97.09,97.13,97.29,97.25,96.97,97.05,97.41,97.13,99.26,99.32,99.32,99.76,,99.84,99.88,99.88,99.88,99.88,98.48,98.50,98.60,98.56,98.32,98.28,98.32,98.32,98.32,98.48,98.32,98.30,98.52,98.48,98.64,98.56,98.68,97.88,97.92,98.00,98.44,98.44,98.40
A-LC228339,87.54,87.50,87.31,87.43,87.43,87.43,87.54,87.50,87.50,87.50,87.37,87.43,87.23,87.23,87.39,87.27,87.11,87.15,87.27,87.43,87.23,87.39,87.39,87.39,98.12,98.00,97.29,97.41,96.77,96.61,96.61,96.65,96.65,96.69,96.77,96.85,96.89,97.01,97.05,97.05,97.01,97.03,97.05,97.13,97.09,97.17,97.13,97.17,97.52,97.45,97.45,97.21,97.25,97.13,97.21,97.33,97.41,97.29,97.29,97.09,97.21,97.25,97.25,97.13,97.29,97.56,97.52,97.56,97.45,97.49,97.49,97.48,97.50,97.53,97.56,97.56,97.41,97.41,97.41,97.60,97.64,97.52,97.64,97.56,97.60,97.60,97.64,97.68,97.68,97.68,94.49,96.85,96.77,97.01,96.93,96.69,96.93,96.85,97.13,97.09,97.13,97.29,97.25,96.97,97.05,97.41,97.13,99.26,99.40,99.40,99.76,99.84,,99.88,99.88,99.88,99.88,98.48,98.50,98.60,98.56,98.32,98.28,98.32,98.32,98.32,98.48,98.32,98.30,98.52,98.48,98.64,98.56,98.68,97.96,98.00,98.08,98.44,98.44,98.40
A-LC569172,87.66,87.62,87.35,87.54,87.54,87.54,87.54,87.50,87.50,87.50,87.37,87.43,87.23,87.23,87.39,87.27,87.11,87.15,87.27,87.43,87.23,87.39,87.39,87.39,98.16,98.04,97.33,97.45,96.81,96.65,96.65,96.69,96.69,96.73,96.81,96.89,96.93,97.05,97.09,97.09,97.05,97.07,97.09,97.17,97.13,97.21,97.17,97.21,97.56,97.49,97.49,97.25,97.29,97.17,97.25,97.37,97.45,97.33,97.33,97.13,97.25,97.29,97.29,97.17,97.33,97.60,97.56,97.60,97.49,97.52,97.52,97.52,97.54,97.57,97.60,97.60,97.45,97.45,97.45,97.64,97.68,97.56,97.60,97.60,97.64,97.64,97.68,97.72,97.72,97.72,94.53,96.89,96.81,97.05,96.97,96.73,96.97,96.89,97.17,97.13,97.17,97.33,97.29,97.01,97.09,97.45,97.17,99.30,99.36,99.36,99.80,99.88,99.88,,99.92,99.92,99.92,98.52,98.54,98.64,98.60,98.36,98.32,98.36,98.36,98.36,98.52,98.36,98.34,98.56,98.52,98.68,98.60,98.72,97.92,97.96,98.04,98.48,98.48,98.44
A-LC569200,87.58,87.54,87.27,87.47,87.47,87.47,87.54,87.50,87.50,87.50,87.37,87.43,87.23,87.23,87.39,87.27,87.11,87.15,87.27,87.43,87.31,87.47,87.47,87.47,98.16,98.04,97.33,97.45,96.81,96.65,96.65,96.69,96.69,96.73,96.81,96.89,96.93,97.05,97.09,97.09,97.05,97.07,97.09,97.17,97.13,97.21,97.17,97.21,97.56,97.49,97.49,97.25,97.29,97.17,97.25,97.37,97.45,97.33,97.33,97.13,97.25,97.29,97.29,97.17,97.33,97.60,97.56,97.60,97.49,97.52,97.52,97.52,97.54,97.57,97.60,97.60,97.45,97.45,97.45,97.64,97.68,97.56,97.60,97.60,97.64,97.64,97.68,97.72,97.72,97.72,94.53,96.89,96.81,97.05,96.97,96.73,96.97,96.89,97.17,97.13,97.17,97.33,97.29,97.01,97.09,97.45,97.17,99.30,99.36,99.36,99.80,99.88,99.88,99.92,,99.92,99.92,98.52,98.54,98.64,98.60,98.36,98.32,98.36,98.36,98.36,98.52,98.36,98.34,98.56,98.52,98.68,98.60,98.72,97.92,97.96,98.04,98.48,98.48,98.44
A-LC477510,87.66,87.62,87.35,87.54,87.54,87.54,87.62,87.58,87.58,87.58,87.45,87.50,87.31,87.31,87.47,87.35,87.19,87.23,87.35,87.50,87.31,87.47,87.47,87.47,98.16,98.04,97.33,97.45,96.81,96.65,96.65,96.69,96.69,96.73,96.81,96.89,96.93,97.05,97.09,97.09,97.05,97.07,97.09,97.17,97.13,97.21,97.17,97.21,97.56,97.49,97.49,97.25,97.29,97.17,97.25,97.37,97.45,97.33,97.33,97.13,97.25,97.29,97.29,97.17,97.33,97.60,97.56,97.60,97.49,97.52,97.52,97.52,97.54,97.57,97.60,97.60,97.45,97.45,97.45,97.64,97.68,97.56,97.60,97.60,97.64,97.64,97.68,97.72,97.72,97.72,94.53,96.89,96.81,97.05,96.97,96.73,96.97,96.89,97.25,97.21,97.17,97.33,97.29,97.01,97.09,97.52,97.25,99.30,99.36,99.36,99.80,99.88,99.88,99.92,99.92,,99.92,98.52,98.54,98.64,98.60,98.36,98.32,98.36,98.36,98.36,98.52,98.36,98.34,98.56,98.52,98.68,98.60,98.72,97.92,97.96,98.04,98.48,98.48,98.44
A-LC228350,87.66,87.62,87.35,87.54,87.54,87.54,87.62,87.58,87.58,87.58,87.45,87.50,87.31,87.31,87.47,87.35,87.19,87.23,87.35,87.50,87.31,87.47,87.47,87.47,98.16,98.04,97.33,97.45,96.81,96.65,96.65,96.69,96.69,96.73,96.81,96.89,96.93,97.05,97.09,97.09,97.05,97.07,97.09,97.17,97.13,97.21,97.17,97.21,97.56,97.49,97.49,97.25,97.29,97.17,97.25,97.37,97.45,97.33,97.33,97.13,97.25,97.29,97.29,97.17,97.33,97.60,97.56,97.60,97.49,97.52,97.52,97.52,97.54,97.57,97.60,97.60,97.45,97.45,97.45,97.64,97.68,97.56,97.60,97.60,97.64,97.64,97.68,97.72,97.72,97.72,94.53,96.89,96.81,97.05,96.97,96.73,96.97,96.89,97.17,97.13,97.17,97.33,97.29,97.01,97.09,97.45,97.17,99.30,99.36,99.36,99.80,99.88,99.88,99.92,99.92,99.92,,98.52,98.54,98.64,98.60,98.36,98.32,98.36,98.36,98.36,98.52,98.36,98.34,98.56,98.52,98.68,98.60,98.72,97.92,97.96,98.04,98.48,98.48,98.44
A-KC834705,88.02,87.98,87.70,87.90,87.90,87.90,87.74,87.70,87.70,87.70,87.76,87.86,87.62,87.62,87.78,87.66,87.50,87.54,87.66,87.82,87.62,87.70,87.70,87.70,98.64,98.52,97.88,98.00,97.39,97.21,97.21,97.25,97.25,97.29,97.29,97.45,97.49,97.64,97.64,97.64,97.60,97.64,97.64,97.72,97.68,97.76,97.72,97.76,98.12,97.96,97.96,97.80,97.84,97.72,97.80,97.92,98.00,97.88,97.88,97.68,97.80,97.76,97.76,97.72,97.88,98.16,98.12,98.16,98.04,98.08,98.08,98.13,98.11,98.13,98.16,98.16,98.00,98.00,98.00,98.20,98.24,98.12,98.08,98.08,98.12,98.12,98.16,98.20,98.20,98.20,95.05,97.41,97.33,97.64,97.56,97.21,97.64,97.41,97.64,97.60,97.64,97.72,97.76,97.56,97.68,97.96,97.68,98.34,98.68,98.68,98.44,98.48,98.48,98.52,98.52,98.52,98.52,,99.62,99.72,99.68,98.88,98.84,98.88,98.88,98.88,98.96,98.80,98.22,98.48,98.44,98.60,98.52,98.64,97.96,98.00,98.08,98.48,98.48,98.44
A-PX212648,87.90,87.86,87.58,87.78,87.78,87.78,87.60,87.56,87.56,87.56,87.62,87.68,87.49,87.49,87.64,87.52,87.37,87.41,87.52,87.68,87.49,87.56,87.56,87.56,98.62,98.50,97.86,97.98,97.45,97.19,97.19,97.23,97.23,97.27,97.27,97.43,97.47,97.58,97.62,97.62,97.58,97.68,97.62,97.70,97.66,97.74,97.70,97.74,98.10,97.94,97.94,97.78,97.82,97.70,97.78,97.90,97.98,97.86,97.86,97.66,97.78,97.74,97.74,97.70,97.94,98.14,98.10,98.14,98.02,98.06,98.06,98.11,98.09,98.11,98.14,98.14,97.98,97.98,97.98,98.26,98.22,98.10,98.06,98.06,98.10,98.10,98.14,98.18,98.18,98.18,95.15,97.47,97.39,97.70,97.62,97.15,97.54,97.50,97.66,97.62,97.66,97.74,97.78,97.54,97.62,98.02,97.74,98.44,98.70,98.70,98.46,98.50,98.50,98.54,98.54,98.54,98.54,99.62,,99.90,99.86,98.82,98.78,98.82,98.82,98.82,98.98,98.82,98.30,98.50,98.50,98.62,98.54,98.66,97.94,97.98,98.06,98.50,98.50,98.46
A-KJ919519,87.90,87.86,87.58,87.78,87.78,87.78,87.62,87.58,87.58,87.58,87.64,87.70,87.50,87.50,87.66,87.54,87.39,87.43,87.54,87.70,87.50,87.58,87.58,87.58,98.68,98.56,97.92,98.04,97.43,97.25,97.25,97.29,97.29,97.33,97.33,97.49,97.52,97.64,97.68,97.68,97.64,97.68,97.68,97.76,97.72,97.80,97.76,97.80,98.16,98.00,98.00,97.84,97.88,97.76,97.84,97.96,98.04,97.92,97.92,97.72,97.84,97.80,97.80,97.76,98.00,98.20,98.16,98.20,98.08,98.12,98.12,98.17,98.15,98.18,98.20,98.20,98.04,98.04,98.04,98.32,98.28,98.16,98.12,98.12,98.16,98.16,98.20,98.24,98.24,98.24,95.25,97.52,97.45,97.76,97.68,97.25,97.64,97.60,97.76,97.72,97.76,97.84,97.88,97.60,97.72,98.08,97.80,98.46,98.80,98.80,98.56,98.60,98.60,98.64,98.64,98.64,98.64,99.72,99.90,,99.96,98.92,98.88,98.92,98.92,98.92,99.08,98.92,98.34,98.60,98.56,98.72,98.64,98.76,98.04,98.08,98.16,98.60,98.60,98.56
A-KC443358,87.94,87.90,87.62,87.82,87.82,87.82,87.66,87.62,87.62,87.62,87.68,87.74,87.54,87.54,87.70,87.58,87.43,87.47,87.58,87.74,87.54,87.62,87.62,87.62,98.64,98.52,97.88,98.00,97.39,97.21,97.21,97.25,97.25,97.29,97.29,97.45,97.49,97.60,97.64,97.64,97.60,97.64,97.64,97.72,97.68,97.76,97.72,97.76,98.12,97.96,97.96,97.80,97.84,97.72,97.80,97.92,98.00,97.88,97.88,97.68,97.80,97.76,97.76,97.72,97.96,98.16,98.20,98.16,98.04,98.08,98.08,98.13,98.11,98.13,98.16,98.16,98.00,98.00,98.00,98.28,98.24,98.12,98.08,98.08,98.12,98.12,98.16,98.20,98.20,98.20,95.21,97.49,97.41,97.72,97.64,97.21,97.60,97.56,97.72,97.68,97.72,97.80,97.84,97.56,97.68,98.12,97.84,98.42,98.76,98.76,98.52,98.56,98.56,98.60,98.60,98.60,98.60,99.68,99.86,99.96,,98.88,98.84,98.88,98.88,98.88,99.04,98.88,98.30,98.56,98.52,98.68,98.60,98.72,98.00,98.04,98.12,98.56,98.56,98.52
A-MN479346,87.58,87.54,87.35,87.54,87.54,87.54,87.39,87.27,87.27,87.27,87.31,87.35,87.07,87.07,87.23,87.11,86.95,86.99,87.11,87.27,87.07,87.23,87.23,87.23,98.40,98.28,97.56,97.72,97.07,96.89,96.89,96.93,96.93,96.97,97.05,97.13,97.25,97.29,97.33,97.33,97.29,97.33,97.41,97.49,97.45,97.45,97.41,97.60,97.80,97.64,97.64,97.49,97.52,97.41,97.56,97.60,97.68,97.56,97.56,97.37,97.49,97.45,97.45,97.41,97.56,97.84,97.80,97.84,97.72,97.76,97.76,97.76,97.78,97.81,97.84,97.84,97.68,97.68,97.68,97.88,97.92,97.72,97.76,97.76,97.80,97.80,97.84,97.88,97.88,97.88,94.73,97.01,96.93,97.25,97.17,96.89,97.41,97.17,97.33,97.29,97.33,97.45,97.45,97.25,97.37,97.72,97.45,98.18,98.52,98.52,98.24,98.32,98.32,98.36,98.36,98.36,98.36,98.88,98.82,98.92,98.88,,99.92,99.96,99.96,99.96,99.48,99.32,98.06,98.32,98.28,98.52,98.36,98.48,97.84,97.88,97.96,98.40,98.40,98.36
A-MN479342,87.54,87.50,87.31,87.50,87.50,87.50,87.43,87.31,87.31,87.31,87.35,87.39,87.11,87.11,87.27,87.15,86.99,87.03,87.15,87.31,87.11,87.27,87.27,87.27,98.36,98.24,97.52,97.68,97.03,96.85,96.85,96.89,96.89,96.93,97.01,97.09,97.21,97.25,97.29,97.29,97.25,97.29,97.37,97.45,97.41,97.41,97.37,97.56,97.76,97.60,97.60,97.45,97.49,97.37,97.52,97.56,97.64,97.52,97.52,97.33,97.45,97.41,97.41,97.37,97.52,97.80,97.76,97.80,97.68,97.72,97.72,97.72,97.74,97.77,97.80,97.80,97.64,97.64,97.64,97.84,97.88,97.68,97.72,97.72,97.76,97.76,97.80,97.84,97.84,97.84,94.69,96.97,96.89,97.21,97.13,96.85,97.37,97.13,97.29,97.25,97.29,97.41,97.41,97.21,97.33,97.68,97.41,98.14,98.48,98.48,98.20,98.28,98.28,98.32,98.32,98.32,98.32,98.84,98.78,98.88,98.84,99.92,,99.96,99.96,99.96,99.48,99.32,98.02,98.28,98.24,98.48,98.32,98.44,97.80,97.84,97.92,98.36,98.36,98.32
A-MN479334,87.58,87.54,87.35,87.54,87.54,87.54,87.39,87.27,87.27,87.27,87.31,87.35,87.07,87.07,87.23,87.11,86.95,86.99,87.11,87.27,87.07,87.23,87.23,87.23,98.40,98.28,97.56,97.72,97.07,96.89,96.89,96.93,96.93,96.97,97.05,97.13,97.25,97.29,97.33,97.33,97.29,97.33,97.41,97.49,97.45,97.45,97.41,97.60,97.80,97.64,97.64,97.49,97.52,97.41,97.56,97.60,97.68,97.56,97.56,97.37,97.49,97.45,97.45,97.41,97.56,97.84,97.80,97.84,97.72,97.76,97.76,97.76,97.78,97.81,97.84,97.84,97.68,97.68,97.68,97.88,97.92,97.72,97.76,97.76,97.80,97.80,97.84,97.88,97.88,97.88,94.73,97.01,96.93,97.25,97.17,96.89,97.41,97.17,97.33,97.29,97.33,97.45,97.45,97.25,97.37,97.72,97.45,98.18,98.52,98.52,98.24,98.32,98.32,98.36,98.36,98.36,98.36,98.88,98.82,98.92,98.88,99.96,99.96,,100.00,100.00,99.52,99.36,98.06,98.32,98.28,98.52,98.36,98.48,97.84,97.88,97.96,98.40,98.40,98.36
A-MN479333,87.58,87.54,87.35,87.54,87.54,87.54,87.39,87.27,87.27,87.27,87.31,87.35,87.07,87.07,87.23,87.11,86.95,86.99,87.11,87.27,87.07,87.23,87.23,87.23,98.40,98.28,97.56,97.72,97.07,96.89,96.89,96.93,96.93,96.97,97.05,97.13,97.25,97.29,97.33,97.33,97.29,97.33,97.41,97.49,97.45,97.45,97.41,97.60,97.80,97.64,97.64,97.49,97.52,97.41,97.56,97.60,97.68,97.56,97.56,97.37,97.49,97.45,97.45,97.41,97.56,97.84,97.80,97.84,97.72,97.76,97.76,97.76,97.78,97.81,97.84,97.84,97.68,97.68,97.68,97.88,97.92,97.72,97.76,97.76,97.80,97.80,97.84,97.88,97.88,97.88,94.73,97.01,96.93,97.25,97.17,96.89,97.41,97.17,97.33,97.29,97.33,97.45,97.45,97.25,97.37,97.72,97.45,98.18,98.52,98.52,98.24,98.32,98.32,98.36,98.36,98.36,98.36,98.88,98.82,98.92,98.88,99.96,99.96,100.00,,100.00,99.52,99.36,98.06,98.32,98.28,98.52,98.36,98.48,97.84,97.88,97.96,98.40,98.40,98.36
A-MN479287,87.58,87.54,87.35,87.54,87.54,87.54,87.39,87.27,87.27,87.27,87.31,87.35,87.07,87.07,87.23,87.11,86.95,86.99,87.11,87.27,87.07,87.23,87.23,87.23,98.40,98.28,97.56,97.72,97.07,96.89,96.89,96.93,96.93,96.97,97.05,97.13,97.25,97.29,97.33,97.33,97.29,97.33,97.41,97.49,97.45,97.45,97.41,97.60,97.80,97.64,97.64,97.49,97.52,97.41,97.56,97.60,97.68,97.56,97.56,97.37,97.49,97.45,97.45,97.41,97.56,97.84,97.80,97.84,97.72,97.76,97.76,97.76,97.78,97.81,97.84,97.84,97.68,97.68,97.68,97.88,97.92,97.72,97.76,97.76,97.80,97.80,97.84,97.88,97.88,97.88,94.73,97.01,96.93,97.25,97.17,96.89,97.41,97.17,97.33,97.29,97.33,97.45,97.45,97.25,97.37,97.72,97.45,98.18,98.52,98.52,98.24,98.32,98.32,98.36,98.36,98.36,98.36,98.88,98.82,98.92,98.88,99.96,99.96,100.00,100.00,,99.52,99.36,98.06,98.32,98.28,98.52,98.36,98.48,97.84,97.88,97.96,98.40,98.40,98.36
A-KJ721717,87.54,87.50,87.23,87.43,87.43,87.43,87.35,87.31,87.31,87.31,87.25,87.39,87.11,87.11,87.27,87.15,86.99,87.03,87.15,87.31,87.11,87.27,87.27,87.27,98.56,98.44,97.80,97.92,97.31,97.13,97.13,97.17,97.17,97.21,97.29,97.37,97.41,97.52,97.56,97.56,97.52,97.56,97.56,97.64,97.60,97.68,97.64,97.76,98.04,97.88,97.88,97.72,97.76,97.64,97.72,97.84,97.92,97.80,97.80,97.60,97.72,97.68,97.68,97.64,97.80,98.08,98.04,98.08,97.96,98.00,98.00,98.01,98.02,98.05,98.08,98.08,97.92,97.92,97.92,98.12,98.16,97.96,98.00,98.00,98.04,98.04,98.08,98.12,98.12,98.12,94.89,97.17,97.09,97.41,97.33,97.05,97.49,97.33,97.49,97.45,97.49,97.60,97.60,97.33,97.45,97.88,97.60,98.34,98.68,98.68,98.40,98.48,98.48,98.52,98.52,98.52,98.52,98.96,98.98,99.08,99.04,99.48,99.48,99.52,99.52,99.52,,99.76,98.22,98.48,98.44,98.68,98.52,98.64,97.92,97.96,98.04,98.48,98.48,98.44
A-KJ721713,87.47,87.43,87.15,87.35,87.35,87.35,87.27,87.23,87.23,87.23,87.17,87.31,87.03,87.03,87.19,87.07,86.91,86.95,87.07,87.23,87.03,87.19,87.19,87.19,98.40,98.28,97.64,97.76,97.15,96.97,96.97,97.01,97.05,97.05,97.13,97.21,97.33,97.37,97.41,97.41,97.37,97.41,97.41,97.49,97.45,97.52,97.49,97.60,97.88,97.72,97.72,97.56,97.60,97.49,97.56,97.68,97.76,97.64,97.64,97.45,97.56,97.52,97.52,97.49,97.64,97.92,97.88,97.92,97.80,97.84,97.84,97.84,97.86,97.89,97.92,97.92,97.76,97.76,97.76,97.96,98.00,97.80,97.84,97.84,97.88,97.88,97.92,97.96,97.96,97.96,94.73,97.01,96.93,97.25,97.17,96.97,97.33,97.17,97.33,97.29,97.33,97.45,97.45,97.25,97.37,97.72,97.45,98.18,98.52,98.52,98.32,98.32,98.32,98.36,98.36,98.36,98.36,98.80,98.82,98.92,98.88,99.32,99.32,99.36,99.36,99.36,99.76,,98.06,98.32,98.28,98.52,98.36,98.48,97.76,97.80,97.88,98.32,98.32,98.28
A-PX212628,88.00,87.96,87.60,87.88,87.88,87.88,87.70,87.58,87.58,87.58,87.68,87.74,87.54,87.54,87.70,87.58,87.50,87.47,87.58,87.74,87.54,87.70,87.70,87.70,97.80,97.68,96.97,97.09,96.50,96.29,96.29,96.33,96.33,96.37,96.45,96.53,96.57,96.69,96.73,96.73,96.69,96.74,96.73,96.81,96.77,96.85,96.81,96.85,97.21,97.13,97.13,96.89,96.93,96.81,96.89,97.01,97.09,96.97,96.97,96.77,96.89,97.01,97.01,96.89,96.97,97.25,97.21,97.25,97.13,97.17,97.17,97.15,97.18,97.20,97.25,97.25,97.09,97.09,97.09,97.29,97.33,97.21,97.33,97.25,97.29,97.29,97.33,97.37,97.37,97.37,94.55,96.63,96.55,96.79,96.71,96.41,96.67,96.51,96.75,96.71,96.75,96.83,96.87,96.81,96.79,97.43,97.07,98.18,98.50,98.50,98.22,98.30,98.30,98.34,98.34,98.34,98.34,98.22,98.30,98.34,98.30,98.06,98.02,98.06,98.06,98.06,98.22,98.06,,99.38,99.50,99.42,99.54,99.54,97.78,97.82,97.90,98.34,98.34,98.30
A-LC086804,87.98,87.94,87.58,87.86,87.86,87.86,87.54,87.50,87.50,87.50,87.60,87.58,87.39,87.39,87.54,87.43,87.35,87.31,87.43,87.58,87.39,87.54,87.54,87.54,98.04,97.92,97.21,97.33,96.77,96.61,96.61,96.65,96.65,96.69,96.77,96.85,96.89,97.01,97.05,97.05,97.01,97.03,97.05,97.13,97.09,97.17,97.13,97.17,97.52,97.37,97.37,97.21,97.25,97.13,97.21,97.33,97.41,97.29,97.29,97.17,97.21,97.25,97.25,97.13,97.29,97.56,97.52,97.56,97.45,97.49,97.49,97.48,97.50,97.53,97.56,97.56,97.41,97.41,97.41,97.60,97.64,97.52,97.56,97.56,97.60,97.60,97.64,97.68,97.68,97.68,94.73,96.85,96.77,97.01,96.93,96.61,96.93,96.77,97.01,96.97,97.01,97.09,97.13,96.97,97.05,97.64,97.29,98.34,98.72,98.72,98.44,98.52,98.52,98.56,98.56,98.56,98.56,98.48,98.50,98.60,98.56,98.32,98.28,98.32,98.32,98.32,98.48,98.32,99.38,,99.64,99.80,99.72,99.84,98.08,98.12,98.20,98.64,98.64,98.60
A-LC086738,88.10,88.06,87.70,87.98,87.98,87.98,87.66,87.62,87.62,87.62,87.72,87.70,87.50,87.50,87.66,87.54,87.47,87.43,87.54,87.70,87.50,87.66,87.66,87.66,98.00,97.88,97.17,97.29,96.69,96.49,96.49,96.53,96.53,96.57,96.65,96.81,96.77,96.89,96.93,96.93,96.89,96.95,96.93,97.01,96.97,97.05,97.01,97.05,97.41,97.25,97.25,97.09,97.13,97.01,97.09,97.21,97.29,97.17,97.17,96.97,97.09,97.13,97.13,97.01,97.17,97.45,97.41,97.45,97.33,97.37,97.37,97.44,97.46,97.49,97.52,97.52,97.37,97.37,97.37,97.49,97.52,97.41,97.45,97.45,97.49,97.49,97.52,97.56,97.56,97.56,94.77,96.89,96.81,97.05,96.97,96.57,96.97,96.81,96.97,96.93,96.97,97.05,97.09,97.01,97.01,97.60,97.25,98.34,98.68,98.68,98.40,98.48,98.48,98.52,98.52,98.52,98.52,98.44,98.50,98.56,98.52,98.28,98.24,98.28,98.28,98.28,98.44,98.28,99.50,99.64,,99.68,99.84,99.80,98.04,98.08,98.16,98.60,98.60,98.56
A-LC086793,88.10,88.06,87.70,87.98,87.98,87.98,87.74,87.70,87.70,87.70,87.72,87.78,87.58,87.58,87.74,87.62,87.54,87.50,87.62,87.78,87.58,87.74,87.74,87.74,98.16,98.04,97.41,97.52,96.89,96.73,96.73,96.77,96.77,96.81,96.89,96.97,97.01,97.13,97.17,97.17,97.13,97.15,97.17,97.25,97.21,97.29,97.25,97.29,97.64,97.49,97.49,97.33,97.37,97.25,97.33,97.45,97.52,97.41,97.41,97.21,97.33,97.37,97.37,97.25,97.41,97.68,97.64,97.68,97.56,97.60,97.60,97.60,97.62,97.65,97.68,97.68,97.52,97.52,97.52,97.72,97.76,97.64,97.68,97.68,97.72,97.72,97.76,97.80,97.80,97.80,94.93,96.97,96.89,97.13,97.05,96.73,97.05,96.97,97.13,97.09,97.13,97.21,97.25,97.09,97.17,97.76,97.41,98.46,98.84,98.84,98.56,98.64,98.64,98.68,98.68,98.68,98.68,98.60,98.62,98.72,98.68,98.52,98.48,98.52,98.52,98.52,98.68,98.52,99.42,99.80,99.68,,99.76,99.88,98.20,98.24,98.32,98.76,98.76,98.72
A-LC086782,88.02,87.98,87.62,87.90,87.90,87.90,87.58,87.54,87.54,87.54,87.64,87.62,87.43,87.43,87.58,87.47,87.39,87.35,87.47,87.62,87.43,87.58,87.58,87.58,98.08,97.96,97.25,97.37,96.73,96.57,96.57,96.61,96.61,96.65,96.73,96.81,96.85,96.97,97.01,97.01,96.97,96.99,97.01,97.09,97.05,97.13,97.09,97.13,97.49,97.33,97.33,97.17,97.21,97.09,97.17,97.29,97.37,97.25,97.25,97.05,97.17,97.21,97.21,97.09,97.25,97.52,97.49,97.52,97.41,97.45,97.45,97.44,97.46,97.49,97.52,97.52,97.37,97.37,97.37,97.56,97.60,97.49,97.52,97.52,97.56,97.56,97.60,97.64,97.64,97.64,94.77,96.89,96.81,97.05,96.97,96.65,96.97,96.81,97.05,97.01,97.05,97.13,97.17,97.01,97.09,97.68,97.33,98.38,98.76,98.76,98.48,98.56,98.56,98.60,98.60,98.60,98.60,98.52,98.54,98.64,98.60,98.36,98.32,98.36,98.36,98.36,98.52,98.36,99.54,99.72,99.84,99.76,,99.88,98.12,98.16,98.24,98.68,98.68,98.64
A-KJ919584,88.14,88.10,87.74,88.02,88.02,88.02,87.70,87.66,87.66,87.66,87.76,87.74,87.54,87.54,87.70,87.58,87.50,87.47,87.58,87.74,87.54,87.70,87.70,87.70,98.20,98.08,97.37,97.49,96.85,96.69,96.69,96.73,96.73,96.77,96.85,96.93,96.97,97.09,97.13,97.13,97.09,97.11,97.13,97.21,97.17,97.25,97.21,97.25,97.60,97.45,97.45,97.29,97.33,97.21,97.29,97.41,97.49,97.37,97.37,97.17,97.29,97.33,97.33,97.21,97.37,97.64,97.60,97.64,97.52,97.56,97.56,97.56,97.58,97.61,97.64,97.64,97.49,97.49,97.49,97.68,97.72,97.60,97.64,97.64,97.68,97.68,97.72,97.76,97.76,97.76,94.89,97.01,96.93,97.17,97.09,96.77,97.09,96.93,97.17,97.13,97.17,97.25,97.29,97.13,97.21,97.80,97.45,98.50,98.88,98.88,98.60,98.68,98.68,98.72,98.72,98.72,98.72,98.64,98.66,98.76,98.72,98.48,98.44,98.48,98.48,98.48,98.64,98.48,99.54,99.84,99.80,99.88,99.88,,98.24,98.28,98.36,98.80,98.80,98.76
A-PP861743,87.39,87.35,87.07,87.19,87.19,87.19,87.50,87.54,87.54,87.54,87.29,87.47,87.27,87.27,87.39,87.31,87.23,87.19,87.31,87.47,87.27,87.43,87.43,87.43,97.52,97.45,96.73,96.85,96.25,96.09,96.09,96.13,96.13,96.17,96.17,96.25,96.29,96.41,96.45,96.45,96.41,96.51,96.57,96.65,96.61,96.53,96.61,96.53,96.89,96.73,96.73,96.57,96.61,96.49,96.57,96.69,96.77,96.65,96.65,96.45,96.57,96.57,96.57,96.49,96.65,96.93,96.89,96.93,96.81,96.85,96.85,96.91,97.02,96.96,97.01,97.01,96.85,96.85,96.85,96.97,97.01,96.81,96.93,96.85,96.89,96.89,96.93,96.97,96.97,96.97,94.21,96.33,96.25,96.57,96.49,96.21,96.37,96.25,96.53,96.49,96.53,96.53,96.65,96.41,96.65,96.93,96.57,97.70,98.16,98.24,97.80,97.88,97.96,97.92,97.92,97.92,97.92,97.96,97.94,98.04,98.00,97.84,97.80,97.84,97.84,97.84,97.92,97.76,97.78,98.08,98.04,98.20,98.12,98.24,,99.64,99.72,98.72,98.64,98.60
A-PP861797,87.43,87.39,87.11,87.23,87.23,87.23,87.54,87.58,87.58,87.58,87.33,87.50,87.31,87.31,87.43,87.35,87.27,87.23,87.35,87.50,87.31,87.47,87.47,87.47,97.56,97.49,96.77,96.89,96.25,96.09,96.09,96.13,96.13,96.17,96.17,96.25,96.29,96.41,96.45,96.45,96.41,96.51,96.61,96.69,96.65,96.57,96.61,96.57,96.93,96.77,96.77,96.61,96.65,96.53,96.61,96.73,96.81,96.69,96.69,96.49,96.61,96.57,96.57,96.53,96.69,96.97,96.93,96.97,96.85,96.89,96.89,96.95,97.06,97.00,97.05,97.05,96.89,96.89,96.89,97.01,97.05,96.85,96.97,96.89,96.93,96.93,96.97,97.01,97.01,97.01,94.29,96.33,96.25,96.57,96.49,96.25,96.41,96.33,96.57,96.53,96.49,96.57,96.69,96.45,96.61,96.97,96.61,97.74,98.20,98.20,97.84,97.92,98.00,97.96,97.96,97.96,97.96,98.00,97.98,98.08,98.04,97.88,97.84,97.88,97.88,97.88,97.96,97.80,97.82,98.12,98.08,98.24,98.16,98.28,99.64,,99.76,98.68,98.60,98.56
A-OP850469,87.58,87.54,87.27,87.39,87.39,87.39,87.70,87.74,87.74,87.74,87.49,87.66,87.47,87.47,87.58,87.50,87.43,87.39,87.50,87.66,87.47,87.62,87.62,87.62,97.64,97.56,96.85,96.97,96.33,96.17,96.17,96.21,96.21,96.25,96.25,96.33,96.37,96.49,96.53,96.53,96.49,96.63,96.69,96.77,96.73,96.65,96.69,96.65,97.01,96.85,96.85,96.69,96.73,96.61,96.69,96.81,96.89,96.77,96.77,96.57,96.69,96.65,96.65,96.61,96.77,97.05,97.01,97.05,96.93,96.97,96.97,97.03,97.06,97.08,97.13,97.13,96.97,96.97,96.97,97.09,97.13,96.93,97.05,96.97,97.01,97.01,97.05,97.09,97.09,97.09,94.45,96.49,96.41,96.73,96.65,96.41,96.49,96.41,96.65,96.61,96.57,96.65,96.77,96.61,96.61,97.05,96.69,97.82,98.28,98.28,97.92,98.00,98.08,98.04,98.04,98.04,98.04,98.08,98.06,98.16,98.12,97.96,97.92,97.96,97.96,97.96,98.04,97.88,97.90,98.20,98.16,98.32,98.24,98.36,99.72,99.76,,98.76,98.68,98.64
A-KF716374,87.66,87.70,87.35,87.54,87.54,87.54,87.47,87.43,87.43,87.43,87.29,87.43,87.23,87.23,87.35,87.27,87.19,87.15,87.27,87.43,87.23,87.39,87.39,87.39,98.04,97.92,97.21,97.33,96.69,96.53,96.53,96.57,96.57,96.61,96.69,96.77,96.81,96.93,96.97,96.97,96.93,97.07,97.05,97.13,97.09,97.17,97.05,97.09,97.45,97.29,97.29,97.13,97.17,97.13,97.13,97.25,97.33,97.21,97.21,97.01,97.13,97.09,97.09,97.05,97.21,97.49,97.45,97.49,97.37,97.41,97.41,97.48,97.58,97.53,97.56,97.56,97.41,97.41,97.41,97.52,97.56,97.37,97.41,97.41,97.45,97.45,97.49,97.52,97.52,97.52,94.73,96.85,96.77,97.01,96.93,96.69,96.85,96.77,97.01,96.97,97.09,97.09,97.21,97.05,97.05,97.49,97.13,98.26,98.64,98.64,98.36,98.44,98.44,98.48,98.48,98.48,98.48,98.48,98.50,98.60,98.56,98.40,98.36,98.40,98.40,98.40,98.48,98.32,98.34,98.64,98.60,98.76,98.68,98.80,98.72,98.68,98.76,,99.12,99.08
A-LC169986,87.62,87.58,87.31,87.43,87.43,87.43,87.90,87.86,87.86,87.86,87.56,87.70,87.66,87.66,87.78,87.70,87.62,87.58,87.70,87.86,87.66,87.82,87.82,87.82,98.04,97.92,97.21,97.33,96.69,96.53,96.69,96.57,96.57,96.61,96.69,96.77,96.81,96.93,96.97,96.97,96.93,96.99,97.13,97.21,97.17,97.09,97.05,97.09,97.45,97.29,97.29,97.13,97.17,97.05,97.13,97.25,97.41,97.21,97.21,97.01,97.13,97.17,97.17,97.17,97.29,97.49,97.45,97.49,97.45,97.49,97.49,97.40,97.50,97.45,97.49,97.49,97.33,97.33,97.33,97.52,97.56,97.37,97.41,97.41,97.45,97.45,97.49,97.52,97.52,97.52,94.73,96.93,96.85,97.01,96.93,96.77,96.89,96.81,97.05,97.01,97.05,97.13,97.25,96.93,97.05,97.49,97.21,98.34,98.64,98.64,98.36,98.44,98.44,98.48,98.48,98.48,98.48,98.48,98.50,98.60,98.56,98.40,98.36,98.40,98.40,98.40,98.48,98.32,98.34,98.64,98.60,98.76,98.68,98.80,98.64,98.60,98.68,99.12,,99.96
A-LC169975,87.66,87.62,87.35,87.47,87.47,87.47,87.94,87.90,87.90,87.90,87.60,87.74,87.70,87.70,87.82,87.74,87.66,87.62,87.74,87.90,87.70,87.86,87.86,87.86,98.00,97.88,97.17,97.29,96.65,96.49,96.65,96.53,96.53,96.57,96.65,96.73,96.77,96.89,96.93,96.93,96.89,96.95,97.09,97.17,97.13,97.05,97.09,97.05,97.41,97.25,97.25,97.09,97.13,97.01,97.09,97.21,97.37,97.17,97.17,96.97,97.09,97.13,97.13,97.13,97.25,97.45,97.41,97.45,97.41,97.45,97.45,97.35,97.46,97.40,97.45,97.45,97.29,97.29,97.29,97.49,97.52,97.33,97.37,97.37,97.41,97.41,97.45,97.49,97.49,97.49,94.77,96.89,96.81,96.97,96.89,96.73,96.93,96.85,97.09,97.05,97.09,97.17,97.29,96.89,97.01,97.45,97.17,98.30,98.60,98.60,98.32,98.40,98.40,98.44,98.44,98.44,98.44,98.44,98.46,98.56,98.52,98.36,98.32,98.36,98.36,98.36,98.44,98.28,98.30,98.60,98.56,98.72,98.64,98.76,98.60,98.56,98.64,99.08,99.96,
