,A-KJ721696,A-MW715611,A-MG181891,A-MG181770,A-PX211585,A-LC514474,A-LC514485,A-MZ546114,A-LC514496,A-KU550290,A-KX880416,A-KU550289,A-KU550287,A-PX211521,A-OP850499,A-OP850501,A-OP850500,A-OP850498,A-OP850496,A-LC105568,A-KJ752165,A-KC834699,A-PX211620,A-KJ919729,A-KC443360,A-KC443371,A-KC443226,A-HQ657142,A-LC169988,A-LC169977,A-KF716338,A-LC514507,A-LC514518,A-PP861551,A-PP861497,A-OP850495,A-KC443349,A-PX211583,A-LC228374,A-LC568992,A-LC477420,A-LC228341,A-LC569020,A-LC228352,A-LC569037,A-OP717489,A-OP717486,A-KJ721702,A-MN478872,A-MN478868,A-MN478860,A-MN478859,A-MN478813,A-KJ721706,B-KJ639027,B-KJ639016,B-PX211523,B-LC260235,B-LC260239,B-LC228330,B-LC228319,B-KU550288,B-MH569771,B-LC541984,B-MF997039,B-KU550286,B-KU870412,B-KU870390,B-LC469484,B-MH569767,B-MH704728,B-LC228308,B-MG670610,B-MG670618,B-MG670617,B-MG670614,B-MG670601,B-LC086729,B-LC086718,B-LC260233,B-KX880427,B-MH704729,B-LC751154,B-LC751124,B-KY616890,B-AB848006,B-MG599533,B-LC325462,B-KU059792,B-KU059781,B-KU059770,B-LC066643,B-MG599534,B-LC066665,B-LC066654,B-AB975603,B-AB975604,B-AB975573,B-AB975575,B-MH170024,B-MT732502,B-MT723921,B-LC169944,B-MT410499,B-LC386069,B-LC169966,B-LC169955,B-KC443459,B-KC443204,B-PX211600,B-KJ919794,B-LC086806,B-LC086784,B-LC086795,B-LC086740,B-PP861485,B-OP850494,B-PP861495,B-MN478949,B-KF716345,B-KF716344,B-MG670615,B-MG670612,B-LC105579,B-MG181660,B-KU356578,B-HQ641358,B-KC178807,B-KC442978,A-KR705205,B-KJ721700,B-KC443767,B-KC443635,B-KC443327,B-KC443011,B-KC178803,B-KC442967,B-KU248409,B-KU199274,B-KU248398
A-KJ721696,,97.40,97.32,97.32,97.32,97.15,97.07,97.07,97.24,97.15,97.24,97.24,97.24,96.82,96.82,96.98,96.98,96.98,96.90,97.49,97.57,96.73,96.82,96.82,96.90,96.48,96.48,97.74,96.90,96.90,96.98,96.73,96.73,96.73,96.82,96.82,97.65,96.86,97.15,97.15,97.15,97.32,97.24,97.24,97.24,97.32,97.15,97.24,97.65,97.65,97.65,97.65,97.65,97.40,96.82,97.24,96.90,96.90,96.98,97.15,97.15,97.15,97.07,97.07,97.15,97.15,97.15,97.15,97.07,97.07,96.98,97.07,96.90,96.82,96.82,96.73,96.98,96.90,96.98,97.15,97.15,97.15,97.07,97.07,97.15,97.15,97.40,97.32,97.32,97.32,97.32,97.32,97.32,97.32,97.32,96.97,97.14,97.06,97.06,96.98,97.32,97.32,97.49,97.40,97.40,97.49,97.57,97.74,97.65,97.53,97.82,97.57,97.74,97.65,97.65,97.40,97.49,97.49,97.65,97.82,97.91,97.57,97.65,97.74,98.07,98.07,97.99,97.99,97.99,98.66,97.99,98.07,98.16,98.16,98.32,98.49,98.41,98.32,98.49,98.41
A-MW715611,97.40,,99.41,99.58,97.57,97.40,97.49,97.32,97.65,97.40,97.49,97.49,97.49,97.07,97.24,97.24,97.24,97.24,97.15,97.74,97.65,97.32,97.40,97.40,97.49,97.24,97.24,98.16,97.65,97.65,97.57,97.32,97.32,97.49,97.40,97.40,98.07,97.70,97.49,97.49,97.49,97.65,97.57,97.57,97.57,97.91,97.74,97.65,98.07,98.07,98.07,98.07,98.07,97.82,96.06,96.48,96.15,96.15,96.23,96.40,96.40,96.40,96.31,96.31,96.40,96.40,96.40,96.40,96.31,96.31,96.23,96.31,96.15,96.23,96.23,96.15,96.23,96.15,96.23,96.40,96.40,96.40,96.31,96.31,96.40,96.40,96.65,96.57,96.57,96.57,96.57,96.57,96.57,96.57,96.57,96.19,96.19,96.28,96.28,96.40,96.90,96.90,97.07,96.98,96.98,97.07,97.15,96.98,96.90,96.78,97.07,96.82,96.98,96.90,96.90,96.82,96.90,96.98,96.90,97.07,97.15,97.15,97.24,97.15,97.49,97.32,97.24,97.24,97.24,97.90,97.24,97.32,97.40,97.40,97.65,97.74,97.65,97.57,97.74,97.65
A-MG181891,97.32,99.41,,99.50,97.74,97.57,97.65,97.49,97.82,97.57,97.65,97.65,97.65,97.24,97.24,97.40,97.40,97.40,97.32,97.74,97.65,97.49,97.57,97.57,97.65,97.49,97.49,98.16,97.82,97.82,97.74,97.49,97.49,97.65,97.57,97.57,98.07,97.86,97.57,97.57,97.57,97.74,97.65,97.65,97.65,98.07,97.91,97.82,98.24,98.24,98.24,98.24,98.24,97.99,96.06,96.48,96.15,96.15,96.31,96.40,96.40,96.40,96.31,96.31,96.40,96.40,96.40,96.40,96.31,96.31,96.23,96.31,96.15,96.23,96.23,96.15,96.23,96.15,96.23,96.40,96.40,96.40,96.31,96.31,96.40,96.40,96.65,96.57,96.57,96.57,96.57,96.57,96.57,96.57,96.57,96.36,96.19,96.28,96.28,96.40,96.73,96.73,96.90,96.82,96.82,96.90,96.98,97.15,97.07,96.78,97.07,96.82,96.98,96.90,96.90,96.82,96.90,96.98,97.07,97.07,97.15,97.15,97.24,97.15,97.49,97.32,97.24,97.40,97.24,97.90,97.24,97.32,97.40,97.40,97.49,97.74,97.65,97.57,97.74,97.65
A-MG181770,97.32,99.58,99.50,,97.57,97.40,97.49,97.32,97.65,97.40,97.49,97.49,97.49,97.07,97.24,97.24,97.24,97.24,97.15,97.74,97.65,97.32,97.40,97.40,97.49,97.32,97.32,98.16,97.65,97.65,97.57,97.32,97.32,97.49,97.40,97.40,98.07,97.53,97.40,97.40,97.40,97.57,97.49,97.49,97.49,97.91,97.74,97.65,98.07,98.07,98.07,98.07,98.07,97.82,96.06,96.48,96.15,96.15,96.23,96.40,96.40,96.40,96.31,96.31,96.40,96.40,96.40,96.40,96.31,96.31,96.23,96.31,96.15,96.23,96.23,96.15,96.23,96.15,96.23,96.40,96.40,96.40,96.31,96.31,96.40,96.40,96.65,96.57,96.57,96.57,96.57,96.57,96.57,96.57,96.57,96.19,96.19,96.28,96.28,96.40,96.73,96.73,96.90,96.82,96.82,96.90,96.98,96.98,96.90,96.78,97.07,96.82,96.98,96.90,96.90,96.82,96.90,96.98,96.90,97.07,97.15,97.32,97.40,97.15,97.49,97.32,97.24,97.24,97.24,97.90,97.24,97.32,97.40,97.40,97.49,97.74,97.65,97.57,97.74,97.65
A-PX211585,97.32,97.57,97.74,97.57,,99.33,99.41,99.58,99.58,99.66,99.75,99.75,99.75,98.99,98.99,99.16,99.16,99.16,99.08,97.99,97.91,98.41,98.49,98.66,98.58,98.16,98.16,98.41,98.41,98.41,98.49,97.91,98.07,98.07,98.16,98.16,98.49,98.12,98.32,98.32,98.32,98.32,98.41,98.41,98.41,98.83,98.66,99.08,99.50,99.50,99.50,99.50,99.50,99.25,95.98,96.40,96.06,96.06,96.15,96.31,96.31,96.31,96.23,96.23,96.31,96.31,96.31,96.31,96.23,96.23,96.15,96.23,96.06,95.98,95.98,95.90,96.15,96.06,96.15,96.31,96.31,96.31,96.40,96.40,96.48,96.48,96.57,96.48,96.48,96.48,96.48,96.48,96.48,96.48,96.48,96.58,96.41,96.67,96.67,96.23,96.48,96.48,96.65,96.57,96.57,96.65,96.73,96.90,96.82,96.69,96.98,96.73,96.90,96.82,96.82,96.57,96.65,96.65,96.82,96.98,97.07,96.90,96.98,96.98,97.24,97.24,97.15,97.32,97.15,97.82,97.32,97.24,97.32,97.32,97.40,97.65,97.57,97.49,97.65,97.57
A-LC514474,97.15,97.40,97.57,97.40,99.33,,99.58,99.41,99.75,99.50,99.58,99.58,99.58,99.33,99.33,99.50,99.50,99.50,99.41,97.82,97.74,98.24,98.32,98.32,98.41,97.99,97.99,98.07,98.24,98.24,98.32,97.74,97.91,97.91,97.99,97.99,98.32,97.95,98.16,98.16,98.16,98.16,98.24,98.24,98.24,98.66,98.49,98.74,99.16,99.16,99.16,99.16,99.16,98.91,95.98,96.40,96.06,96.06,96.15,96.31,96.31,96.31,96.23,96.23,96.31,96.31,96.31,96.31,96.23,96.23,96.15,96.23,96.06,95.98,95.98,95.90,96.15,96.06,96.15,96.31,96.31,96.31,96.40,96.40,96.48,96.48,96.57,96.48,96.48,96.48,96.48,96.48,96.48,96.48,96.48,96.54,96.36,96.62,96.62,96.31,96.65,96.65,96.82,96.73,96.73,96.82,96.90,96.90,96.82,96.86,97.15,96.90,97.07,96.98,96.98,96.57,96.65,96.65,96.82,96.98,97.07,96.90,96.98,96.90,97.24,97.24,97.15,97.32,97.15,97.82,97.32,97.24,97.32,97.32,97.40,97.65,97.57,97.49,97.65,97.57
A-LC514485,97.07,97.49,97.65,97.49,99.41,99.58,,99.50,99.83,99.58,99.66,99.66,99.66,99.25,99.25,99.41,99.41,99.41,99.33,97.91,97.82,98.32,98.41,98.41,98.49,98.07,98.07,98.16,98.49,98.49,98.58,97.99,98.16,98.16,98.24,98.24,98.41,98.03,98.24,98.24,98.24,98.24,98.32,98.32,98.32,98.74,98.58,98.83,99.25,99.25,99.25,99.25,99.25,98.99,95.90,96.31,95.98,95.98,96.06,96.23,96.23,96.23,96.15,96.15,96.23,96.23,96.23,96.23,96.15,96.15,96.06,96.15,95.98,95.90,95.90,95.81,96.06,95.98,96.06,96.23,96.23,96.23,96.48,96.31,96.40,96.40,96.48,96.40,96.40,96.40,96.40,96.40,96.40,96.40,96.40,96.45,96.28,96.54,96.54,96.23,96.57,96.57,96.73,96.65,96.65,96.73,96.82,96.82,96.73,96.78,97.07,96.82,96.98,96.90,96.90,96.48,96.57,96.57,96.73,96.90,96.98,96.82,96.90,96.98,97.15,97.15,97.07,97.24,97.07,97.73,97.24,97.15,97.24,97.24,97.32,97.57,97.49,97.40,97.57,97.49
A-MZ546114,97.07,97.32,97.49,97.32,99.58,99.41,99.50,,99.66,99.75,99.83,99.83,99.83,99.08,99.08,99.25,99.25,99.25,99.16,97.74,97.65,98.16,98.24,98.41,98.32,97.91,97.91,98.16,98.16,98.16,98.24,97.65,97.82,97.82,97.91,97.91,98.24,97.86,98.07,98.07,98.07,98.07,98.16,98.16,98.16,98.58,98.41,98.83,99.25,99.25,99.25,99.25,99.25,98.99,95.90,96.31,95.98,95.98,96.06,96.23,96.23,96.23,96.15,96.15,96.23,96.23,96.23,96.23,96.15,96.15,96.06,96.15,95.98,95.90,95.90,95.81,96.06,95.98,96.06,96.23,96.23,96.23,96.31,96.31,96.40,96.40,96.40,96.40,96.40,96.40,96.40,96.40,96.40,96.40,96.40,96.45,96.28,96.54,96.54,96.06,96.40,96.40,96.57,96.48,96.48,96.57,96.65,96.65,96.57,96.61,96.90,96.65,96.82,96.73,96.73,96.31,96.40,96.40,96.57,96.73,96.82,96.65,96.73,96.65,96.98,96.98,96.90,97.07,96.90,97.57,97.07,96.98,97.07,97.07,97.15,97.40,97.32,97.24,97.40,97.32
A-LC514496,97.24,97.65,97.82,97.65,99.58,99.75,99.83,99.66,,99.75,99.83,99.83,99.83,99.41,99.41,99.58,99.58,99.58,99.50,98.07,97.99,98.49,98.58,98.58,98.66,98.24,98.24,98.32,98.49,98.49,98.58,97.99,98.16,98.16,98.24,98.24,98.58,98.20,98.41,98.41,98.41,98.41,98.49,98.49,98.49,98.91,98.74,98.99,99.41,99.41,99.41,99.41,99.41,99.16,96.06,96.48,96.15,96.15,96.23,96.40,96.40,96.40,96.31,96.31,96.40,96.40,96.40,96.40,96.31,96.31,96.23,96.31,96.15,96.06,96.06,95.98,96.23,96.15,96.23,96.40,96.40,96.40,96.48,96.48,96.57,96.57,96.65,96.57,96.57,96.57,96.57,96.57,96.57,96.57,96.57,96.62,96.45,96.71,96.71,96.40,96.73,96.73,96.90,96.82,96.82,96.90,96.98,96.98,96.90,96.94,97.24,96.98,97.15,97.07,97.07,96.65,96.73,96.73,96.90,97.07,97.15,96.98,97.07,96.98,97.32,97.32,97.24,97.40,97.24,97.90,97.40,97.32,97.40,97.40,97.49,97.74,97.65,97.57,97.74,97.65
A-KU550290,97.15,97.40,97.57,97.40,99.66,99.50,99.58,99.75,99.75,,99.92,99.92,99.92,99.16,99.16,99.33,99.33,99.33,99.25,97.99,97.91,98.24,98.32,98.49,98.41,97.99,97.99,98.24,98.24,98.24,98.32,97.74,97.91,97.91,97.99,97.99,98.32,97.95,98.32,98.32,98.32,98.32,98.41,98.41,98.41,98.66,98.49,98.91,99.33,99.33,99.33,99.33,99.33,99.08,95.81,96.23,95.90,95.90,95.98,96.15,96.15,96.15,96.06,96.06,96.15,96.15,96.15,96.15,96.06,96.06,95.98,96.06,95.90,95.81,95.81,95.73,95.98,95.90,95.98,96.15,96.15,96.15,96.23,96.23,96.31,96.31,96.40,96.31,96.31,96.31,96.31,96.31,96.31,96.31,96.31,96.36,96.19,96.45,96.45,96.15,96.48,96.48,96.65,96.57,96.57,96.65,96.73,96.73,96.65,96.69,96.98,96.73,96.90,96.82,96.82,96.40,96.48,96.48,96.65,96.82,96.90,96.73,96.82,96.73,97.07,97.07,96.98,97.15,96.98,97.65,97.15,97.07,97.15,97.15,97.24,97.49,97.40,97.32,97.49,97.40
A-KX880416,97.24,97.49,97.65,97.49,99.75,99.58,99.66,99.83,99.83,99.92,,100.00,100.00,99.25,99.25,99.41,99.41,99.41,99.33,97.91,97.82,98.32,98.41,98.58,98.49,98.07,98.07,98.32,98.32,98.32,98.41,97.82,97.99,97.99,98.07,98.07,98.41,98.03,98.24,98.24,98.24,98.24,98.32,98.32,98.32,98.74,98.58,98.99,99.41,99.41,99.41,99.41,99.41,99.16,95.90,96.31,95.98,95.98,96.06,96.23,96.23,96.23,96.15,96.15,96.23,96.23,96.23,96.23,96.15,96.15,96.06,96.15,95.98,95.90,95.90,95.81,96.06,95.98,96.06,96.23,96.23,96.23,96.31,96.31,96.40,96.40,96.48,96.40,96.40,96.40,96.40,96.40,96.40,96.40,96.40,96.45,96.28,96.54,96.54,96.23,96.57,96.57,96.73,96.65,96.65,96.73,96.82,96.82,96.73,96.78,97.07,96.82,96.98,96.90,96.90,96.48,96.57,96.57,96.73,96.90,96.98,96.82,96.90,96.82,97.15,97.15,97.07,97.24,97.07,97.73,97.24,97.15,97.24,97.24,97.32,97.57,97.49,97.40,97.57,97.49
A-KU550289,97.24,97.49,97.65,97.49,99.75,99.58,99.66,99.83,99.83,99.92,100.00,,100.00,99.25,99.25,99.41,99.41,99.41,99.33,97.91,97.82,98.32,98.41,98.58,98.49,98.07,98.07,98.32,98.32,98.32,98.41,97.82,97.99,97.99,98.07,98.07,98.41,98.03,98.24,98.24,98.24,98.24,98.32,98.32,98.32,98.74,98.58,98.99,99.41,99.41,99.41,99.41,99.41,99.16,95.90,96.31,95.98,95.98,96.06,96.23,96.23,96.23,96.15,96.15,96.23,96.23,96.23,96.23,96.15,96.15,96.06,96.15,95.98,95.90,95.90,95.81,96.06,95.98,96.06,96.23,96.23,96.23,96.31,96.31,96.40,96.40,96.48,96.40,96.40,96.40,96.40,96.40,96.40,96.40,96.40,96.45,96.28,96.54,96.54,96.23,96.57,96.57,96.73,96.65,96.65,96.73,96.82,96.82,96.73,96.78,97.07,96.82,96.98,96.90,96.90,96.48,96.57,96.57,96.73,96.90,96.98,96.82,96.90,96.82,97.15,97.15,97.07,97.24,97.07,97.73,97.24,97.15,97.24,97.24,97.32,97.57,97.49,97.40,97.57,97.49
A-KU550287,97.24,97.49,97.65,97.49,99.75,99.58,99.66,99.83,99.83,99.92,100.00,100.00,,99.25,99.25,99.41,99.41,99.41,99.33,97.91,97.82,98.32,98.41,98.58,98.49,98.07,98.07,98.32,98.32,98.32,98.41,97.82,97.99,97.99,98.07,98.07,98.41,98.03,98.24,98.24,98.24,98.24,98.32,98.32,98.32,98.74,98.58,98.99,99.41,99.41,99.41,99.41,99.41,99.16,95.90,96.31,95.98,95.98,96.06,96.23,96.23,96.23,96.15,96.15,96.23,96.23,96.23,96.23,96.15,96.15,96.06,96.15,95.98,95.90,95.90,95.81,96.06,95.98,96.06,96.23,96.23,96.23,96.31,96.31,96.40,96.40,96.48,96.40,96.40,96.40,96.40,96.40,96.40,96.40,96.40,96.45,96.28,96.54,96.54,96.23,96.57,96.57,96.73,96.65,96.65,96.73,96.82,96.82,96.73,96.78,97.07,96.82,96.98,96.90,96.90,96.48,96.57,96.57,96.73,96.90,96.98,96.82,96.90,96.82,97.15,97.15,97.07,97.24,97.07,97.73,97.24,97.15,97.24,97.24,97.32,97.57,97.49,97.40,97.57,97.49
A-PX211521,96.82,97.07,97.24,97.07,98.99,99.33,99.25,99.08,99.41,99.16,99.25,99.25,99.25,,99.33,99.50,99.50,99.50,99.41,97.49,97.40,97.91,98.16,98.16,98.24,97.65,97.65,97.74,97.91,97.91,97.99,97.57,97.74,97.57,97.65,97.65,97.99,97.61,97.82,97.82,97.82,97.82,97.91,97.91,97.91,98.32,98.16,98.41,98.83,98.83,98.83,98.83,98.83,98.58,95.64,96.06,95.73,95.73,95.81,95.98,95.98,96.15,95.90,95.90,95.98,95.98,95.98,95.98,95.90,95.90,95.81,95.90,95.73,95.64,95.64,95.56,95.81,95.73,95.81,96.15,96.15,96.15,96.23,96.23,96.31,96.31,96.40,96.31,96.31,96.31,96.31,96.31,96.31,96.31,96.31,96.36,96.19,96.45,96.45,95.98,96.31,96.31,96.48,96.40,96.40,96.48,96.57,96.57,96.48,96.57,96.82,96.57,96.73,96.65,96.65,96.40,96.48,96.48,96.65,96.65,96.73,96.65,96.73,96.57,96.90,96.90,96.82,96.98,96.82,97.48,96.98,96.90,96.98,96.98,97.07,97.32,97.24,97.15,97.32,97.24
A-OP850499,96.82,97.24,97.24,97.24,98.99,99.33,99.25,99.08,99.41,99.16,99.25,99.25,99.25,99.33,,99.83,99.83,99.83,99.92,97.65,97.57,97.91,97.99,97.99,98.07,97.65,97.65,97.74,97.91,97.91,97.99,97.57,97.74,97.57,97.65,97.65,97.99,97.78,97.82,97.82,97.82,97.82,97.91,97.91,97.91,98.32,98.16,98.41,98.83,98.83,98.83,98.83,98.83,98.58,95.81,96.23,95.90,95.90,95.98,96.15,96.15,96.31,96.06,96.06,96.15,96.15,96.15,96.15,96.06,96.06,95.98,96.06,95.90,95.81,95.81,95.73,95.98,95.90,95.98,95.98,95.98,96.15,96.23,96.23,96.31,96.31,96.40,96.31,96.31,96.31,96.31,96.31,96.31,96.31,96.31,96.36,96.19,96.45,96.45,95.98,96.31,96.31,96.48,96.40,96.40,96.48,96.57,96.57,96.48,96.52,96.82,96.57,96.73,96.65,96.65,96.23,96.31,96.31,96.48,96.82,96.90,96.65,96.73,96.57,96.90,96.90,96.82,97.15,96.82,97.48,96.98,96.90,96.98,96.98,97.07,97.32,97.24,97.15,97.32,97.24
A-OP850501,96.98,97.24,97.40,97.24,99.16,99.50,99.41,99.25,99.58,99.33,99.41,99.41,99.41,99.50,99.83,,100.00,100.00,99.92,97.82,97.74,98.07,98.16,98.16,98.24,97.82,97.82,97.91,98.07,98.07,98.16,97.74,97.91,97.74,97.82,97.82,98.16,97.95,97.99,97.99,97.99,97.99,98.07,98.07,98.07,98.49,98.32,98.58,98.99,98.99,98.99,98.99,98.99,98.74,95.81,96.23,95.90,95.90,95.98,96.15,96.15,96.31,96.06,96.06,96.15,96.15,96.15,96.15,96.06,96.06,95.98,96.06,95.90,95.81,95.81,95.73,95.98,95.90,95.98,96.15,96.15,96.15,96.23,96.23,96.31,96.31,96.40,96.31,96.31,96.31,96.31,96.31,96.31,96.31,96.31,96.36,96.19,96.45,96.45,96.15,96.48,96.48,96.65,96.57,96.57,96.65,96.73,96.73,96.65,96.69,96.98,96.73,96.90,96.82,96.82,96.40,96.48,96.48,96.65,96.98,97.07,96.82,96.90,96.73,97.07,97.07,96.98,97.15,96.98,97.65,97.15,97.07,97.15,97.15,97.24,97.49,97.40,97.32,97.49,97.40
A-OP850500,96.98,97.24,97.40,97.24,99.16,99.50,99.41,99.25,99.58,99.33,99.41,99.41,99.41,99.50,99.83,100.00,,100.00,99.92,97.82,97.74,98.07,98.16,98.16,98.24,97.82,97.82,97.91,98.07,98.07,98.16,97.74,97.91,97.74,97.82,97.82,98.16,97.95,97.99,97.99,97.99,97.99,98.07,98.07,98.07,98.49,98.32,98.58,98.99,98.99,98.99,98.99,98.99,98.74,95.81,96.23,95.90,95.90,95.98,96.15,96.15,96.31,96.06,96.06,96.15,96.15,96.15,96.15,96.06,96.06,95.98,96.06,95.90,95.81,95.81,95.73,95.98,95.90,95.98,96.15,96.15,96.15,96.23,96.23,96.31,96.31,96.40,96.31,96.31,96.31,96.31,96.31,96.31,96.31,96.31,96.36,96.19,96.45,96.45,96.15,96.48,96.48,96.65,96.57,96.57,96.65,96.73,96.73,96.65,96.69,96.98,96.73,96.90,96.82,96.82,96.40,96.48,96.48,96.65,96.98,97.07,96.82,96.90,96.73,97.07,97.07,96.98,97.15,96.98,97.65,97.15,97.07,97.15,97.15,97.24,97.49,97.40,97.32,97.49,97.40
A-OP850498,96.98,97.24,97.40,97.24,99.16,99.50,99.41,99.25,99.58,99.33,99.41,99.41,99.41,99.50,99.83,100.00,100.00,,99.92,97.82,97.74,98.07,98.16,98.16,98.24,97.82,97.82,97.91,98.07,98.07,98.16,97.74,97.91,97.74,97.82,97.82,98.16,97.95,97.99,97.99,97.99,97.99,98.07,98.07,98.07,98.49,98.32,98.58,98.99,98.99,98.99,98.99,98.99,98.74,95.81,96.23,95.90,95.90,95.98,96.15,96.15,96.31,96.06,96.06,96.15,96.15,96.15,96.15,96.06,96.06,95.98,96.06,95.90,95.81,95.81,95.73,95.98,95.90,95.98,96.15,96.15,96.15,96.23,96.23,96.31,96.31,96.40,96.31,96.31,96.31,96.31,96.31,96.31,96.31,96.31,96.36,96.19,96.45,96.45,96.15,96.48,96.48,96.65,96.57,96.57,96.65,96.73,96.73,96.65,96.69,96.98,96.73,96.90,96.82,96.82,96.40,96.48,96.48,96.65,96.98,97.07,96.82,96.90,96.73,97.07,97.07,96.98,97.15,96.98,97.65,97.15,97.07,97.15,97.15,97.24,97.49,97.40,97.32,97.49,97.40
A-OP850496,96.90,97.15,97.32,97.15,99.08,99.41,99.33,99.16,99.50,99.25,99.33,99.33,99.33,99.41,99.92,99.92,99.92,99.92,,97.74,97.65,97.99,98.07,98.07,98.16,97.74,97.74,97.82,97.99,97.99,98.07,97.65,97.82,97.65,97.74,97.74,98.07,97.86,97.91,97.91,97.91,97.91,97.99,97.99,97.99,98.41,98.24,98.49,98.91,98.91,98.91,98.91,98.91,98.66,95.90,96.31,95.98,95.98,96.06,96.23,96.23,96.40,96.15,96.15,96.23,96.23,96.23,96.23,96.15,96.15,96.06,96.15,95.98,95.90,95.90,95.81,96.06,95.98,96.06,96.06,96.06,96.23,96.31,96.31,96.40,96.40,96.48,96.40,96.40,96.40,96.40,96.40,96.40,96.40,96.40,96.45,96.28,96.54,96.54,96.06,96.40,96.40,96.57,96.48,96.48,96.57,96.65,96.65,96.57,96.61,96.90,96.65,96.82,96.73,96.73,96.31,96.40,96.40,96.57,96.90,96.98,96.73,96.82,96.65,96.98,96.98,96.90,97.24,96.90,97.57,97.07,96.98,97.07,97.07,97.15,97.40,97.32,97.24,97.40,97.32
A-LC105568,97.49,97.74,97.74,97.74,97.99,97.82,97.91,97.74,98.07,97.99,97.91,97.91,97.91,97.49,97.65,97.82,97.82,97.82,97.74,,99.75,97.74,97.65,97.65,97.74,97.65,97.65,98.41,97.74,97.74,97.82,97.40,97.40,97.40,97.49,97.49,98.66,97.61,97.99,97.82,97.82,97.82,97.91,97.91,97.91,98.16,97.99,98.07,98.49,98.49,98.49,98.49,98.49,98.24,96.40,96.82,96.57,96.57,96.65,96.82,96.82,96.82,96.73,96.73,96.82,96.82,96.82,96.82,96.73,96.73,96.65,96.73,96.57,96.48,96.48,96.40,96.65,96.57,96.65,96.82,96.82,96.82,96.73,96.73,96.82,96.82,97.07,96.98,96.98,96.98,96.98,96.98,96.98,96.98,96.98,96.62,96.62,96.71,96.71,96.57,96.98,96.98,97.15,97.07,97.07,97.15,97.24,97.40,97.32,97.19,97.49,97.24,97.40,97.32,97.32,97.07,97.15,97.15,97.32,97.65,97.74,97.07,97.15,97.24,97.57,97.57,97.49,97.57,97.65,98.15,97.49,97.65,97.74,97.74,97.91,97.99,97.91,97.82,97.99,97.91
A-KJ752165,97.57,97.65,97.65,97.65,97.91,97.74,97.82,97.65,97.99,97.91,97.82,97.82,97.82,97.40,97.57,97.74,97.74,97.74,97.65,99.75,,97.65,97.57,97.57,97.65,97.57,97.57,98.32,97.65,97.65,97.74,97.49,97.49,97.49,97.57,97.57,98.58,97.53,97.91,97.74,97.74,97.74,97.82,97.82,97.82,98.07,97.91,97.99,98.41,98.41,98.41,98.41,98.41,98.16,96.31,96.73,96.48,96.48,96.57,96.73,96.73,96.73,96.65,96.65,96.73,96.73,96.73,96.73,96.65,96.65,96.57,96.65,96.48,96.40,96.40,96.31,96.57,96.48,96.57,96.73,96.73,96.73,96.65,96.65,96.73,96.73,96.98,96.90,96.90,96.90,96.90,96.90,96.90,96.90,96.90,96.54,96.71,96.62,96.62,96.48,96.90,96.90,97.07,96.98,96.98,97.07,97.15,97.32,97.24,97.11,97.40,97.15,97.32,97.24,97.24,96.82,96.90,96.90,97.07,97.40,97.49,96.98,97.07,97.15,97.49,97.49,97.40,97.49,97.40,98.07,97.40,97.57,97.65,97.65,97.82,97.91,97.99,97.74,97.91,97.82
A-KC834699,96.73,97.32,97.49,97.32,98.41,98.24,98.32,98.16,98.49,98.24,98.32,98.32,98.32,97.91,97.91,98.07,98.07,98.07,97.99,97.74,97.65,,99.08,99.08,99.16,98.07,98.07,97.99,98.32,98.32,98.24,97.65,97.82,97.82,97.91,97.91,98.24,98.03,98.24,98.24,98.24,98.24,98.32,98.32,98.32,98.58,98.41,98.49,98.91,98.91,98.91,98.91,98.91,98.66,95.56,96.06,95.64,95.64,95.73,95.90,95.90,95.90,95.81,95.81,95.90,95.90,95.90,95.90,95.81,95.81,95.73,95.81,95.64,95.56,95.56,95.48,95.73,95.64,95.73,95.90,95.90,95.90,95.81,95.81,95.90,95.90,96.15,96.06,96.06,96.06,96.06,96.06,96.06,96.06,96.06,95.84,95.67,95.93,95.93,95.90,96.06,96.06,96.23,96.15,96.15,96.23,96.31,96.48,96.40,96.27,96.57,96.31,96.48,96.40,96.40,96.48,96.57,96.65,96.73,96.73,96.82,96.31,96.40,96.65,96.82,96.98,96.90,96.90,96.73,97.40,97.07,96.82,96.90,96.90,96.98,97.24,97.15,97.07,97.24,97.15
A-PX211620,96.82,97.40,97.57,97.40,98.49,98.32,98.41,98.24,98.58,98.32,98.41,98.41,98.41,98.16,97.99,98.16,98.16,98.16,98.07,97.65,97.57,99.08,,99.83,99.92,98.07,98.07,97.91,98.24,98.24,98.16,97.57,97.74,97.74,97.82,97.82,98.16,97.99,98.16,98.16,98.16,98.16,98.24,98.24,98.24,98.49,98.32,98.58,98.99,98.99,98.99,98.99,98.99,98.74,95.64,96.15,95.77,95.73,95.81,95.98,95.98,95.98,95.90,95.90,95.98,95.98,95.98,95.98,95.90,95.90,95.81,95.90,95.73,95.64,95.64,95.56,95.81,95.73,95.81,95.98,95.98,95.98,95.90,95.90,95.98,95.98,96.23,96.15,96.15,96.15,96.15,96.15,96.15,96.15,96.15,95.97,95.80,96.06,96.06,95.98,96.15,96.15,96.31,96.23,96.23,96.31,96.40,96.57,96.48,96.40,96.65,96.40,96.57,96.48,96.48,96.57,96.65,96.65,96.82,96.82,96.90,96.57,96.65,96.57,96.90,96.90,96.82,96.98,96.82,97.48,96.98,96.90,96.98,96.98,97.07,97.32,97.24,97.15,97.32,97.24
A-KJ919729,96.82,97.40,97.57,97.40,98.66,98.32,98.41,98.41,98.58,98.49,98.58,98.58,98.58,98.16,97.99,98.16,98.16,98.16,98.07,97.65,97.57,99.08,99.83,,99.92,98.07,98.07,97.91,98.24,98.24,98.16,97.57,97.74,97.74,97.82,97.82,98.16,97.95,98.16,98.16,98.16,98.16,98.24,98.24,98.24,98.49,98.32,98.74,99.16,99.16,99.16,99.16,99.16,98.91,95.64,96.15,95.73,95.73,95.81,95.98,95.98,95.98,95.90,95.90,95.98,95.98,95.98,95.98,95.90,95.90,95.81,95.90,95.73,95.64,95.64,95.56,95.81,95.73,95.81,95.98,95.98,95.98,95.90,95.90,95.98,95.98,96.23,96.15,96.15,96.15,96.15,96.15,96.15,96.15,96.15,95.93,95.76,96.02,96.02,95.98,96.15,96.15,96.31,96.23,96.23,96.31,96.40,96.57,96.48,96.36,96.65,96.40,96.57,96.48,96.48,96.57,96.65,96.65,96.82,96.82,96.90,96.57,96.65,96.57,96.90,96.90,96.82,96.98,96.82,97.48,96.98,96.90,96.98,96.98,97.07,97.32,97.24,97.15,97.32,97.24
A-KC443360,96.90,97.49,97.65,97.49,98.58,98.41,98.49,98.32,98.66,98.41,98.49,98.49,98.49,98.24,98.07,98.24,98.24,98.24,98.16,97.74,97.65,99.16,99.92,99.92,,98.16,98.16,97.99,98.32,98.32,98.24,97.65,97.82,97.82,97.91,97.91,98.24,98.03,98.24,98.24,98.24,98.24,98.32,98.32,98.32,98.58,98.41,98.66,99.08,99.08,99.08,99.08,99.08,98.83,95.73,96.23,95.81,95.81,95.90,96.06,96.06,96.06,95.98,95.98,96.06,96.06,96.06,96.06,95.98,95.98,95.90,95.98,95.81,95.73,95.73,95.64,95.90,95.81,95.90,96.06,96.06,96.06,95.98,95.98,96.06,96.06,96.31,96.23,96.23,96.23,96.23,96.23,96.23,96.23,96.23,96.02,95.84,96.10,96.10,96.06,96.23,96.23,96.40,96.31,96.31,96.40,96.48,96.65,96.57,96.44,96.73,96.48,96.65,96.57,96.57,96.65,96.73,96.73,96.90,96.90,96.98,96.65,96.73,96.65,96.98,96.98,96.90,97.07,96.90,97.57,97.07,96.98,97.07,97.07,97.15,97.40,97.32,97.24,97.40,97.32
A-KC443371,96.48,97.24,97.49,97.32,98.16,97.99,98.07,97.91,98.24,97.99,98.07,98.07,98.07,97.65,97.65,97.82,97.82,97.82,97.74,97.65,97.57,98.07,98.07,98.07,98.16,,100.00,97.74,98.24,98.24,98.16,97.74,97.74,97.74,97.82,97.82,97.99,97.95,98.16,98.16,98.16,98.16,98.24,98.24,98.24,98.49,98.32,98.24,98.66,98.66,98.66,98.66,98.66,98.41,95.39,95.81,95.56,95.56,95.64,95.81,95.81,95.81,95.73,95.73,95.81,95.81,95.81,95.81,95.73,95.73,95.64,95.73,95.56,95.48,95.48,95.39,95.64,95.64,95.73,95.81,95.81,95.81,95.73,95.73,95.81,95.81,96.02,95.98,95.98,95.98,95.98,95.98,95.98,95.98,95.98,95.84,95.67,95.93,95.93,95.90,95.90,95.90,96.06,95.98,95.98,96.06,96.15,96.31,96.23,96.11,96.40,96.31,96.31,96.23,96.23,96.06,96.15,96.15,96.31,96.31,96.40,96.06,96.15,96.23,96.57,96.57,96.48,96.73,96.65,97.15,96.65,96.65,96.73,96.73,96.73,96.98,96.90,96.82,96.98,96.90
A-KC443226,96.48,97.24,97.49,97.32,98.16,97.99,98.07,97.91,98.24,97.99,98.07,98.07,98.07,97.65,97.65,97.82,97.82,97.82,97.74,97.65,97.57,98.07,98.07,98.07,98.16,100.00,,97.74,98.24,98.24,98.16,97.74,97.74,97.74,97.82,97.82,97.99,97.95,98.16,98.16,98.16,98.16,98.24,98.24,98.24,98.49,98.32,98.24,98.66,98.66,98.66,98.66,98.66,98.41,95.39,95.81,95.56,95.56,95.64,95.81,95.81,95.81,95.73,95.73,95.81,95.81,95.81,95.81,95.73,95.73,95.64,95.73,95.56,95.48,95.48,95.39,95.64,95.64,95.73,95.81,95.81,95.81,95.73,95.73,95.81,95.81,96.02,95.98,95.98,95.98,95.98,95.98,95.98,95.98,95.98,95.84,95.67,95.93,95.93,95.90,95.90,95.90,96.06,95.98,95.98,96.06,96.15,96.31,96.23,96.11,96.40,96.31,96.31,96.23,96.23,96.06,96.15,96.15,96.31,96.31,96.40,96.06,96.15,96.23,96.57,96.57,96.48,96.73,96.65,97.15,96.65,96.65,96.73,96.73,96.73,96.98,96.90,96.82,96.98,96.90
A-HQ657142,97.74,98.16,98.16,98.16,98.41,98.07,98.16,98.16,98.32,98.24,98.32,98.32,98.32,97.74,97.74,97.91,97.91,97.91,97.82,98.41,98.32,97.99,97.91,97.91,97.99,97.74,97.74,,98.16,98.16,98.24,97.82,97.82,97.82,97.91,97.91,98.74,97.86,97.91,97.91,97.91,97.91,97.99,97.99,97.99,98.41,98.24,98.32,98.74,98.74,98.74,98.74,98.74,98.49,96.57,96.98,96.82,96.65,97.07,97.07,97.07,97.07,96.98,96.98,97.07,97.07,97.07,97.07,96.82,96.82,96.73,96.82,96.65,96.57,96.57,96.48,96.73,96.65,96.73,96.90,96.90,96.90,96.82,96.82,96.90,96.90,97.15,97.07,97.07,97.07,97.07,97.07,97.07,97.07,97.07,96.80,96.80,96.88,96.88,96.73,97.07,97.07,97.24,97.15,97.15,97.24,97.32,97.49,97.40,97.28,97.57,97.32,97.49,97.40,97.40,97.32,97.40,97.40,97.57,97.57,97.65,97.32,97.40,97.65,97.82,97.82,97.74,97.74,97.74,98.24,98.07,97.82,97.91,97.91,97.99,98.24,98.16,98.07,98.24,98.16
A-LC169988,96.90,97.65,97.82,97.65,98.41,98.24,98.49,98.16,98.49,98.24,98.32,98.32,98.32,97.91,97.91,98.07,98.07,98.07,97.99,97.74,97.65,98.32,98.24,98.24,98.32,98.24,98.24,98.16,,100.00,99.58,98.99,99.16,99.33,99.25,99.25,98.24,98.53,98.74,98.74,98.74,98.74,98.83,98.83,98.83,99.08,98.91,98.49,98.91,98.91,98.91,98.91,98.91,98.66,95.73,96.15,95.81,95.81,95.90,96.06,96.06,96.06,95.98,95.98,96.06,96.06,96.06,96.06,95.98,95.98,95.90,95.98,95.98,95.73,95.73,95.64,95.90,95.81,95.90,96.06,96.06,96.06,95.98,95.98,96.06,96.06,96.31,96.23,96.23,96.23,96.23,96.23,96.23,96.23,96.23,96.02,95.84,96.10,96.10,95.90,96.23,96.23,96.40,96.31,96.48,96.40,96.48,96.65,96.57,96.44,96.73,96.48,96.65,96.57,96.57,96.48,96.57,96.57,96.73,96.73,96.82,96.48,96.57,96.73,96.98,96.98,96.90,97.07,96.90,97.57,97.24,96.98,97.07,97.07,97.24,97.40,97.32,97.24,97.40,97.32
A-LC169977,96.90,97.65,97.82,97.65,98.41,98.24,98.49,98.16,98.49,98.24,98.32,98.32,98.32,97.91,97.91,98.07,98.07,98.07,97.99,97.74,97.65,98.32,98.24,98.24,98.32,98.24,98.24,98.16,100.00,,99.58,98.99,99.16,99.33,99.25,99.25,98.24,98.53,98.74,98.74,98.74,98.74,98.83,98.83,98.83,99.08,98.91,98.49,98.91,98.91,98.91,98.91,98.91,98.66,95.73,96.15,95.81,95.81,95.90,96.06,96.06,96.06,95.98,95.98,96.06,96.06,96.06,96.06,95.98,95.98,95.90,95.98,95.98,95.73,95.73,95.64,95.90,95.81,95.90,96.06,96.06,96.06,95.98,95.98,96.06,96.06,96.31,96.23,96.23,96.23,96.23,96.23,96.23,96.23,96.23,96.02,95.84,96.10,96.10,95.90,96.23,96.23,96.40,96.31,96.48,96.40,96.48,96.65,96.57,96.44,96.73,96.48,96.65,96.57,96.57,96.48,96.57,96.57,96.73,96.73,96.82,96.48,96.57,96.73,96.98,96.98,96.90,97.07,96.90,97.57,97.24,96.98,97.07,97.07,97.24,97.40,97.32,97.24,97.40,97.32
A-KF716338,96.98,97.57,97.74,97.57,98.49,98.32,98.58,98.24,98.58,98.32,98.41,98.41,98.41,97.99,97.99,98.16,98.16,98.16,98.07,97.82,97.74,98.24,98.16,98.16,98.24,98.16,98.16,98.24,99.58,99.58,,99.08,99.41,99.41,99.50,99.50,98.49,98.45,98.83,98.83,98.83,98.83,98.91,98.91,98.91,99.16,98.99,98.58,98.99,98.99,98.99,98.99,98.99,98.74,95.81,96.23,95.90,95.90,95.98,96.15,96.15,96.15,96.06,96.06,96.15,96.15,96.15,96.15,96.06,96.06,95.98,96.06,96.06,95.81,95.81,95.73,95.98,95.90,95.98,96.15,96.15,96.15,96.06,96.06,96.15,96.15,96.40,96.31,96.31,96.31,96.31,96.31,96.31,96.31,96.31,96.10,95.93,96.19,96.19,95.98,96.31,96.31,96.48,96.40,96.57,96.48,96.57,96.73,96.65,96.52,96.82,96.57,96.73,96.65,96.65,96.40,96.48,96.48,96.65,96.98,96.90,96.57,96.65,96.82,97.07,97.07,96.98,97.15,96.98,97.65,97.32,97.07,97.15,97.15,97.24,97.49,97.40,97.32,97.49,97.40
A-LC514507,96.73,97.32,97.49,97.32,97.91,97.74,97.99,97.65,97.99,97.74,97.82,97.82,97.82,97.57,97.57,97.74,97.74,97.74,97.65,97.40,97.49,97.65,97.57,97.57,97.65,97.74,97.74,97.82,98.99,98.99,99.08,,99.50,99.16,99.25,99.25,97.91,98.03,98.07,98.07,98.07,98.07,98.16,98.16,98.16,98.58,98.41,97.99,98.41,98.41,98.41,98.41,98.41,98.16,95.39,95.81,95.48,95.48,95.56,95.73,95.73,95.90,95.64,95.64,95.73,95.73,95.73,95.73,95.64,95.64,95.56,95.64,95.64,95.56,95.56,95.48,95.56,95.48,95.56,95.73,95.73,95.73,95.64,95.64,95.73,95.73,95.98,95.90,95.90,95.90,95.90,95.90,95.90,95.90,95.90,95.84,95.84,95.93,95.93,95.56,96.06,96.06,96.23,96.15,96.31,96.23,96.31,96.31,96.23,96.11,96.40,96.15,96.31,96.23,96.23,96.15,96.23,96.23,96.23,96.40,96.48,96.31,96.40,96.40,96.65,96.65,96.57,96.73,96.57,97.23,96.90,96.65,96.73,96.73,96.98,97.07,96.98,96.90,97.07,96.98
A-LC514518,96.73,97.32,97.49,97.32,98.07,97.91,98.16,97.82,98.16,97.91,97.99,97.99,97.99,97.74,97.74,97.91,97.91,97.91,97.82,97.40,97.49,97.82,97.74,97.74,97.82,97.74,97.74,97.82,99.16,99.16,99.41,99.50,,99.66,99.75,99.75,97.91,98.20,98.24,98.24,98.24,98.24,98.32,98.32,98.32,98.74,98.58,98.16,98.58,98.58,98.58,98.58,98.58,98.32,95.39,95.81,95.48,95.48,95.56,95.73,95.73,95.90,95.64,95.64,95.73,95.73,95.73,95.73,95.64,95.64,95.56,95.64,95.64,95.56,95.56,95.48,95.56,95.48,95.56,95.73,95.73,95.73,95.64,95.64,95.73,95.73,95.98,95.90,95.90,95.90,95.90,95.90,95.90,95.90,95.90,95.67,95.67,95.76,95.76,95.56,96.06,96.06,96.23,96.15,96.31,96.23,96.31,96.31,96.23,96.11,96.40,96.15,96.31,96.23,96.23,96.31,96.40,96.40,96.40,96.57,96.65,96.48,96.57,96.40,96.82,96.65,96.57,96.73,96.57,97.31,96.90,96.65,96.73,96.73,96.82,97.07,96.98,96.90,97.07,96.98
A-PP861551,96.73,97.49,97.65,97.49,98.07,97.91,98.16,97.82,98.16,97.91,97.99,97.99,97.99,97.57,97.57,97.74,97.74,97.74,97.65,97.40,97.49,97.82,97.74,97.74,97.82,97.74,97.74,97.82,99.33,99.33,99.41,99.16,99.66,,99.92,99.92,97.91,98.20,98.24,98.24,98.24,98.24,98.32,98.32,98.32,98.74,98.58,98.16,98.58,98.58,98.58,98.58,98.58,98.32,95.39,95.81,95.48,95.48,95.56,95.73,95.73,95.73,95.64,95.64,95.73,95.73,95.73,95.73,95.64,95.64,95.56,95.64,95.64,95.56,95.56,95.48,95.56,95.48,95.56,95.73,95.73,95.73,95.64,95.64,95.73,95.73,95.98,95.90,95.90,95.90,95.90,95.90,95.90,95.90,95.90,95.67,95.67,95.76,95.76,95.56,96.06,96.06,96.23,96.15,96.31,96.23,96.31,96.31,96.23,96.11,96.40,96.15,96.31,96.23,96.23,96.31,96.40,96.40,96.40,96.57,96.65,96.48,96.57,96.40,96.82,96.65,96.57,96.73,96.57,97.31,96.90,96.65,96.73,96.73,96.82,97.07,96.98,96.90,97.07,96.98
A-PP861497,96.82,97.40,97.57,97.40,98.16,97.99,98.24,97.91,98.24,97.99,98.07,98.07,98.07,97.65,97.65,97.82,97.82,97.82,97.74,97.49,97.57,97.91,97.82,97.82,97.91,97.82,97.82,97.91,99.25,99.25,99.50,99.25,99.75,99.92,,100.00,97.99,98.28,98.32,98.32,98.32,98.32,98.41,98.41,98.41,98.83,98.66,98.24,98.66,98.66,98.66,98.66,98.66,98.41,95.48,95.90,95.56,95.56,95.64,95.81,95.81,95.81,95.73,95.73,95.81,95.81,95.81,95.81,95.73,95.73,95.64,95.73,95.73,95.64,95.64,95.56,95.64,95.56,95.64,95.81,95.81,95.81,95.73,95.73,95.81,95.81,96.06,95.98,95.98,95.98,95.98,95.98,95.98,95.98,95.98,95.76,95.76,95.84,95.84,95.64,96.15,96.15,96.31,96.23,96.40,96.31,96.40,96.40,96.31,96.19,96.48,96.23,96.40,96.31,96.31,96.40,96.48,96.48,96.48,96.65,96.73,96.57,96.65,96.48,96.90,96.73,96.65,96.82,96.65,97.40,96.98,96.73,96.82,96.82,96.90,97.15,97.07,96.98,97.15,97.07
A-OP850495,96.82,97.40,97.57,97.40,98.16,97.99,98.24,97.91,98.24,97.99,98.07,98.07,98.07,97.65,97.65,97.82,97.82,97.82,97.74,97.49,97.57,97.91,97.82,97.82,97.91,97.82,97.82,97.91,99.25,99.25,99.50,99.25,99.75,99.92,100.00,,97.99,98.28,98.32,98.32,98.32,98.32,98.41,98.41,98.41,98.83,98.66,98.24,98.66,98.66,98.66,98.66,98.66,98.41,95.48,95.90,95.56,95.56,95.64,95.81,95.81,95.81,95.73,95.73,95.81,95.81,95.81,95.81,95.73,95.73,95.64,95.73,95.73,95.64,95.64,95.56,95.64,95.56,95.64,95.81,95.81,95.81,95.73,95.73,95.81,95.81,96.06,95.98,95.98,95.98,95.98,95.98,95.98,95.98,95.98,95.76,95.76,95.84,95.84,95.64,96.15,96.15,96.31,96.23,96.40,96.31,96.40,96.40,96.31,96.19,96.48,96.23,96.40,96.31,96.31,96.40,96.48,96.48,96.48,96.65,96.73,96.57,96.65,96.48,96.90,96.73,96.65,96.82,96.65,97.40,96.98,96.73,96.82,96.82,96.90,97.15,97.07,96.98,97.15,97.07
A-KC443349,97.65,98.07,98.07,98.07,98.49,98.32,98.41,98.24,98.58,98.32,98.41,98.41,98.41,97.99,97.99,98.16,98.16,98.16,98.07,98.66,98.58,98.24,98.16,98.16,98.24,97.99,97.99,98.74,98.24,98.24,98.49,97.91,97.91,97.91,97.99,97.99,,98.12,98.32,98.32,98.32,98.32,98.41,98.41,98.41,98.66,98.49,98.58,98.99,98.99,98.99,98.99,98.99,98.74,96.48,96.90,96.57,96.57,96.65,96.82,96.82,96.82,96.73,96.73,96.82,96.82,96.82,96.82,96.73,96.73,96.65,96.73,96.57,96.48,96.48,96.40,96.65,96.57,96.65,96.82,96.82,96.82,96.73,96.73,96.82,96.82,97.07,96.98,96.98,96.98,96.98,96.98,96.98,96.98,96.98,96.62,96.62,96.71,96.88,96.65,96.98,96.98,97.15,97.07,97.07,97.15,97.24,97.40,97.32,97.19,97.49,97.24,97.40,97.32,97.32,97.07,97.15,97.15,97.32,97.65,97.57,97.24,97.32,97.40,97.74,97.74,97.65,97.82,97.65,98.32,97.82,97.74,97.82,97.82,97.91,98.16,98.07,97.99,98.16,98.07
A-PX211583,96.86,97.70,97.86,97.53,98.12,97.95,98.03,97.86,98.20,97.95,98.03,98.03,98.03,97.61,97.78,97.95,97.95,97.95,97.86,97.61,97.53,98.03,97.99,97.95,98.03,97.95,97.95,97.86,98.53,98.53,98.45,98.03,98.20,98.20,98.28,98.28,98.12,,98.79,98.79,98.79,98.79,98.87,98.87,98.87,99.12,98.95,98.20,98.62,98.62,98.62,98.62,98.62,98.37,95.69,96.11,95.77,95.77,95.94,96.02,96.02,96.02,95.94,95.94,96.02,96.02,96.02,96.02,95.94,96.11,95.85,95.94,95.94,95.85,95.85,95.77,95.85,95.77,95.85,96.02,96.02,96.02,95.94,95.94,96.02,96.02,96.27,96.19,96.19,96.19,96.19,96.19,96.19,96.19,96.19,96.02,95.84,95.93,96.10,95.85,96.69,96.69,96.86,96.78,96.78,96.86,96.94,96.78,96.69,96.44,96.69,96.44,96.61,96.52,96.52,96.61,96.69,96.69,96.86,96.86,96.94,96.61,96.69,96.61,96.94,96.94,96.86,97.03,96.86,97.52,97.03,96.94,97.03,97.03,97.11,97.36,97.28,97.19,97.36,97.28
A-LC228374,97.15,97.49,97.57,97.40,98.32,98.16,98.24,98.07,98.41,98.32,98.24,98.24,98.24,97.82,97.82,97.99,97.99,97.99,97.91,97.99,97.91,98.24,98.16,98.16,98.24,98.16,98.16,97.91,98.74,98.74,98.83,98.07,98.24,98.24,98.32,98.32,98.32,98.79,,99.83,99.83,99.83,99.92,99.92,99.92,99.16,99.08,98.41,98.83,98.83,98.83,98.83,98.83,98.58,95.64,96.06,95.73,95.73,95.81,95.98,95.98,95.98,95.90,95.90,95.98,95.98,95.98,95.98,95.90,95.90,95.81,95.90,95.90,95.64,95.64,95.56,95.81,95.73,95.81,95.98,95.98,95.98,95.90,95.90,95.98,95.98,96.23,96.15,96.15,96.15,96.15,96.15,96.15,96.15,96.15,95.93,95.76,96.02,96.02,95.81,96.31,96.31,96.48,96.40,96.40,96.48,96.57,96.57,96.48,96.36,96.65,96.40,96.57,96.48,96.48,96.40,96.48,96.48,96.65,96.98,96.90,96.40,96.48,96.57,96.90,96.90,96.82,96.98,96.82,97.48,96.98,96.90,96.98,96.98,97.15,97.32,97.24,97.15,97.32,97.24
A-LC568992,97.15,97.49,97.57,97.40,98.32,98.16,98.24,98.07,98.41,98.32,98.24,98.24,98.24,97.82,97.82,97.99,97.99,97.99,97.91,97.82,97.74,98.24,98.16,98.16,98.24,98.16,98.16,97.91,98.74,98.74,98.83,98.07,98.24,98.24,98.32,98.32,98.32,98.79,99.83,,99.83,99.83,99.92,99.92,99.92,99.16,99.08,98.41,98.83,98.83,98.83,98.83,98.83,98.58,95.64,96.06,95.73,95.73,95.81,95.98,95.98,95.98,95.90,95.90,95.98,95.98,95.98,95.98,95.90,95.90,95.81,95.90,95.90,95.64,95.64,95.56,95.81,95.73,95.81,95.98,95.98,95.98,95.90,95.90,95.98,95.98,96.23,96.15,96.15,96.15,96.15,96.15,96.15,96.15,96.15,95.93,95.76,96.02,96.02,95.81,96.31,96.31,96.48,96.40,96.40,96.48,96.57,96.57,96.48,96.36,96.65,96.40,96.57,96.48,96.48,96.40,96.48,96.48,96.65,96.98,96.90,96.40,96.48,96.57,96.90,96.90,96.82,96.98,96.82,97.48,96.98,96.90,96.98,96.98,97.15,97.32,97.24,97.15,97.32,97.24
A-LC477420,97.15,97.49,97.57,97.40,98.32,98.16,98.24,98.07,98.41,98.32,98.24,98.24,98.24,97.82,97.82,97.99,97.99,97.99,97.91,97.82,97.74,98.24,98.16,98.16,98.24,98.16,98.16,97.91,98.74,98.74,98.83,98.07,98.24,98.24,98.32,98.32,98.32,98.79,99.83,99.83,,99.83,99.92,99.92,99.92,99.16,99.08,98.41,98.83,98.83,98.83,98.83,98.83,98.58,95.64,96.06,95.73,95.73,95.81,95.98,95.98,95.98,95.90,95.90,95.98,95.98,95.98,95.98,95.90,95.90,95.81,95.90,95.90,95.64,95.64,95.56,95.81,95.73,95.81,95.98,95.98,95.98,95.90,95.90,95.98,95.98,96.23,96.15,96.15,96.15,96.15,96.15,96.15,96.15,96.15,95.93,95.76,96.02,96.02,95.81,96.31,96.31,96.48,96.40,96.40,96.48,96.57,96.57,96.48,96.36,96.65,96.40,96.57,96.48,96.48,96.40,96.48,96.48,96.65,96.98,96.90,96.40,96.48,96.57,96.90,96.90,96.82,96.98,96.82,97.48,96.98,96.90,96.98,96.98,97.15,97.32,97.24,97.15,97.32,97.24
A-LC228341,97.32,97.65,97.74,97.57,98.32,98.16,98.24,98.07,98.41,98.32,98.24,98.24,98.24,97.82,97.82,97.99,97.99,97.99,97.91,97.82,97.74,98.24,98.16,98.16,98.24,98.16,98.16,97.91,98.74,98.74,98.83,98.07,98.24,98.24,98.32,98.32,98.32,98.79,99.83,99.83,99.83,,99.92,99.92,99.92,99.16,99.08,98.41,98.83,98.83,98.83,98.83,98.83,98.58,95.81,96.23,95.90,95.90,95.98,96.15,96.15,96.15,96.06,96.06,96.15,96.15,96.15,96.15,96.06,96.06,95.98,96.06,96.06,95.81,95.81,95.73,95.98,95.90,95.98,96.15,96.15,96.15,96.06,96.06,96.15,96.15,96.40,96.31,96.31,96.31,96.31,96.31,96.31,96.31,96.31,96.10,95.93,96.19,96.19,95.98,96.48,96.48,96.65,96.57,96.57,96.65,96.73,96.73,96.65,96.52,96.82,96.57,96.73,96.65,96.65,96.57,96.65,96.65,96.82,97.15,97.07,96.57,96.65,96.73,97.07,97.07,96.98,97.15,96.98,97.65,97.15,97.07,97.15,97.15,97.32,97.49,97.40,97.32,97.49,97.40
A-LC569020,97.24,97.57,97.65,97.49,98.41,98.24,98.32,98.16,98.49,98.41,98.32,98.32,98.32,97.91,97.91,98.07,98.07,98.07,97.99,97.91,97.82,98.32,98.24,98.24,98.32,98.24,98.24,97.99,98.83,98.83,98.91,98.16,98.32,98.32,98.41,98.41,98.41,98.87,99.92,99.92,99.92,99.92,,100.00,100.00,99.25,99.16,98.49,98.91,98.91,98.91,98.91,98.91,98.66,95.73,96.15,95.81,95.81,95.90,96.06,96.06,96.06,95.98,95.98,96.06,96.06,96.06,96.06,95.98,95.98,95.90,95.98,95.98,95.73,95.73,95.64,95.90,95.81,95.90,96.06,96.06,96.06,95.98,95.98,96.06,96.06,96.31,96.23,96.23,96.23,96.23,96.23,96.23,96.23,96.23,96.02,95.84,96.10,96.10,95.90,96.40,96.40,96.57,96.48,96.48,96.57,96.65,96.65,96.57,96.44,96.73,96.48,96.65,96.57,96.57,96.48,96.57,96.57,96.73,97.07,96.98,96.48,96.57,96.65,96.98,96.98,96.90,97.07,96.90,97.57,97.07,96.98,97.07,97.07,97.24,97.40,97.32,97.24,97.40,97.32
A-LC228352,97.24,97.57,97.65,97.49,98.41,98.24,98.32,98.16,98.49,98.41,98.32,98.32,98.32,97.91,97.91,98.07,98.07,98.07,97.99,97.91,97.82,98.32,98.24,98.24,98.32,98.24,98.24,97.99,98.83,98.83,98.91,98.16,98.32,98.32,98.41,98.41,98.41,98.87,99.92,99.92,99.92,99.92,100.00,,100.00,99.25,99.16,98.49,98.91,98.91,98.91,98.91,98.91,98.66,95.73,96.15,95.81,95.81,95.90,96.06,96.06,96.06,95.98,95.98,96.06,96.06,96.06,96.06,95.98,95.98,95.90,95.98,95.98,95.73,95.73,95.64,95.90,95.81,95.90,96.06,96.06,96.06,95.98,95.98,96.06,96.06,96.31,96.23,96.23,96.23,96.23,96.23,96.23,96.23,96.23,96.02,95.84,96.10,96.10,95.90,96.40,96.40,96.57,96.48,96.48,96.57,96.65,96.65,96.57,96.44,96.73,96.48,96.65,96.57,96.57,96.48,96.57,96.57,96.73,97.07,96.98,96.48,96.57,96.65,96.98,96.98,96.90,97.07,96.90,97.57,97.07,96.98,97.07,97.07,97.24,97.40,97.32,97.24,97.40,97.32
A-LC569037,97.24,97.57,97.65,97.49,98.41,98.24,98.32,98.16,98.49,98.41,98.32,98.32,98.32,97.91,97.91,98.07,98.07,98.07,97.99,97.91,97.82,98.32,98.24,98.24,98.32,98.24,98.24,97.99,98.83,98.83,98.91,98.16,98.32,98.32,98.41,98.41,98.41,98.87,99.92,99.92,99.92,99.92,100.00,100.00,,99.25,99.16,98.49,98.91,98.91,98.91,98.91,98.91,98.66,95.73,96.15,95.81,95.81,95.90,96.06,96.06,96.06,95.98,95.98,96.06,96.06,96.06,96.06,95.98,95.98,95.90,95.98,95.98,95.73,95.73,95.64,95.90,95.81,95.90,96.06,96.06,96.06,95.98,95.98,96.06,96.06,96.31,96.23,96.23,96.23,96.23,96.23,96.23,96.23,96.23,96.02,95.84,96.10,96.10,95.90,96.40,96.40,96.57,96.48,96.48,96.57,96.65,96.65,96.57,96.44,96.73,96.48,96.65,96.57,96.57,96.48,96.57,96.57,96.73,97.07,96.98,96.48,96.57,96.65,96.98,96.98,96.90,97.07,96.90,97.57,97.07,96.98,97.07,97.07,97.24,97.40,97.32,97.24,97.40,97.32
A-OP717489,97.32,97.91,98.07,97.91,98.83,98.66,98.74,98.58,98.91,98.66,98.74,98.74,98.74,98.32,98.32,98.49,98.49,98.49,98.41,98.16,98.07,98.58,98.49,98.49,98.58,98.49,98.49,98.41,99.08,99.08,99.16,98.58,98.74,98.74,98.83,98.83,98.66,99.12,99.16,99.16,99.16,99.16,99.25,99.25,99.25,,99.83,98.91,99.33,99.33,99.33,99.33,99.33,99.08,96.31,96.73,96.40,96.40,96.48,96.65,96.65,96.65,96.57,96.57,96.65,96.65,96.65,96.65,96.57,96.73,96.48,96.57,96.57,96.31,96.31,96.23,96.48,96.40,96.48,96.65,96.65,96.65,96.57,96.57,96.65,96.65,96.90,96.82,96.82,96.82,96.82,96.82,96.82,96.82,96.82,96.62,96.45,96.71,96.71,96.31,96.65,96.65,96.82,96.73,96.73,96.82,96.90,97.07,96.98,96.86,97.15,96.90,97.07,96.98,96.98,96.73,96.82,96.82,96.98,97.32,97.40,96.90,96.98,97.07,97.40,97.40,97.32,97.49,97.32,97.98,97.49,97.40,97.49,97.49,97.57,97.82,97.74,97.65,97.82,97.74
A-OP717486,97.15,97.74,97.91,97.74,98.66,98.49,98.58,98.41,98.74,98.49,98.58,98.58,98.58,98.16,98.16,98.32,98.32,98.32,98.24,97.99,97.91,98.41,98.32,98.32,98.41,98.32,98.32,98.24,98.91,98.91,98.99,98.41,98.58,98.58,98.66,98.66,98.49,98.95,99.08,99.08,99.08,99.08,99.16,99.16,99.16,99.83,,98.91,99.16,99.16,99.16,99.16,99.16,98.91,96.15,96.57,96.23,96.40,96.31,96.48,96.48,96.48,96.40,96.40,96.48,96.48,96.48,96.48,96.40,96.57,96.31,96.40,96.40,96.15,96.15,96.06,96.31,96.23,96.31,96.48,96.48,96.48,96.40,96.57,96.48,96.48,96.73,96.65,96.65,96.65,96.65,96.65,96.65,96.65,96.65,96.45,96.28,96.54,96.54,96.15,96.48,96.48,96.65,96.57,96.57,96.65,96.73,96.90,96.82,96.86,96.98,96.90,97.07,96.98,96.98,96.57,96.65,96.65,96.82,97.15,97.24,96.73,96.82,96.90,97.24,97.24,97.15,97.32,97.15,97.82,97.32,97.24,97.32,97.32,97.40,97.65,97.57,97.49,97.65,97.57
A-KJ721702,97.24,97.65,97.82,97.65,99.08,98.74,98.83,98.83,98.99,98.91,98.99,98.99,98.99,98.41,98.41,98.58,98.58,98.58,98.49,98.07,97.99,98.49,98.58,98.74,98.66,98.24,98.24,98.32,98.49,98.49,98.58,97.99,98.16,98.16,98.24,98.24,98.58,98.20,98.41,98.41,98.41,98.41,98.49,98.49,98.49,98.91,98.91,,99.58,99.58,99.58,99.58,99.58,99.66,96.06,96.48,96.15,96.31,96.23,96.40,96.40,96.40,96.31,96.31,96.40,96.40,96.40,96.40,96.31,96.31,96.23,96.31,96.15,96.06,96.06,95.98,96.23,96.15,96.23,96.40,96.40,96.40,96.31,96.48,96.40,96.40,96.65,96.57,96.57,96.57,96.57,96.57,96.57,96.57,96.57,96.36,96.19,96.45,96.45,96.23,96.57,96.57,96.73,96.65,96.65,96.73,96.82,96.98,96.90,96.94,97.07,96.98,97.15,97.07,97.07,96.65,96.73,96.73,96.90,97.07,97.15,96.82,96.90,96.98,97.32,97.49,97.40,97.40,97.24,97.90,97.40,97.32,97.40,97.40,97.49,97.74,97.65,97.57,97.74,97.65
A-MN478872,97.65,98.07,98.24,98.07,99.50,99.16,99.25,99.25,99.41,99.33,99.41,99.41,99.41,98.83,98.83,98.99,98.99,98.99,98.91,98.49,98.41,98.91,98.99,99.16,99.08,98.66,98.66,98.74,98.91,98.91,98.99,98.41,98.58,98.58,98.66,98.66,98.99,98.62,98.83,98.83,98.83,98.83,98.91,98.91,98.91,99.33,99.16,99.58,,100.00,100.00,100.00,100.00,99.75,96.48,96.90,96.57,96.57,96.65,96.82,96.82,96.82,96.73,96.73,96.82,96.82,96.82,96.82,96.73,96.73,96.65,96.73,96.57,96.48,96.48,96.40,96.65,96.57,96.65,96.82,96.82,96.82,96.73,96.73,96.82,96.82,97.07,96.98,96.98,96.98,96.98,96.98,96.98,96.98,96.98,96.80,96.62,96.88,96.88,96.65,96.98,96.98,97.15,97.07,97.07,97.15,97.24,97.40,97.32,97.19,97.49,97.24,97.40,97.32,97.32,97.07,97.15,97.15,97.32,97.49,97.57,97.24,97.32,97.40,97.74,97.74,97.65,97.82,97.65,98.32,97.82,97.74,97.82,97.82,97.91,98.16,98.07,97.99,98.16,98.07
A-MN478868,97.65,98.07,98.24,98.07,99.50,99.16,99.25,99.25,99.41,99.33,99.41,99.41,99.41,98.83,98.83,98.99,98.99,98.99,98.91,98.49,98.41,98.91,98.99,99.16,99.08,98.66,98.66,98.74,98.91,98.91,98.99,98.41,98.58,98.58,98.66,98.66,98.99,98.62,98.83,98.83,98.83,98.83,98.91,98.91,98.91,99.33,99.16,99.58,100.00,,100.00,100.00,100.00,99.75,96.48,96.90,96.57,96.57,96.65,96.82,96.82,96.82,96.73,96.73,96.82,96.82,96.82,96.82,96.73,96.73,96.65,96.73,96.57,96.48,96.48,96.40,96.65,96.57,96.65,96.82,96.82,96.82,96.73,96.73,96.82,96.82,97.07,96.98,96.98,96.98,96.98,96.98,96.98,96.98,96.98,96.80,96.62,96.88,96.88,96.65,96.98,96.98,97.15,97.07,97.07,97.15,97.24,97.40,97.32,97.19,97.49,97.24,97.40,97.32,97.32,97.07,97.15,97.15,97.32,97.49,97.57,97.24,97.32,97.40,97.74,97.74,97.65,97.82,97.65,98.32,97.82,97.74,97.82,97.82,97.91,98.16,98.07,97.99,98.16,98.07
A-MN478860,97.65,98.07,98.24,98.07,99.50,99.16,99.25,99.25,99.41,99.33,99.41,99.41,99.41,98.83,98.83,98.99,98.99,98.99,98.91,98.49,98.41,98.91,98.99,99.16,99.08,98.66,98.66,98.74,98.91,98.91,98.99,98.41,98.58,98.58,98.66,98.66,98.99,98.62,98.83,98.83,98.83,98.83,98.91,98.91,98.91,99.33,99.16,99.58,100.00,100.00,,100.00,100.00,99.75,96.48,96.90,96.57,96.57,96.65,96.82,96.82,96.82,96.73,96.73,96.82,96.82,96.82,96.82,96.73,96.73,96.65,96.73,96.57,96.48,96.48,96.40,96.65,96.57,96.65,96.82,96.82,96.82,96.73,96.73,96.82,96.82,97.07,96.98,96.98,96.98,96.98,96.98,96.98,96.98,96.98,96.80,96.62,96.88,96.88,96.65,96.98,96.98,97.15,97.07,97.07,97.15,97.24,97.40,97.32,97.19,97.49,97.24,97.40,97.32,97.32,97.07,97.15,97.15,97.32,97.49,97.57,97.24,97.32,97.40,97.74,97.74,97.65,97.82,97.65,98.32,97.82,97.74,97.82,97.82,97.91,98.16,98.07,97.99,98.16,98.07
A-MN478859,97.65,98.07,98.24,98.07,99.50,99.16,99.25,99.25,99.41,99.33,99.41,99.41,99.41,98.83,98.83,98.99,98.99,98.99,98.91,98.49,98.41,98.91,98.99,99.16,99.08,98.66,98.66,98.74,98.91,98.91,98.99,98.41,98.58,98.58,98.66,98.66,98.99,98.62,98.83,98.83,98.83,98.83,98.91,98.91,98.91,99.33,99.16,99.58,100.00,100.00,100.00,,100.00,99.75,96.48,96.90,96.57,96.57,96.65,96.82,96.82,96.82,96.73,96.73,96.82,96.82,96.82,96.82,96.73,96.73,96.65,96.73,96.57,96.48,96.48,96.40,96.65,96.57,96.65,96.82,96.82,96.82,96.73,96.73,96.82,96.82,97.07,96.98,96.98,96.98,96.98,96.98,96.98,96.98,96.98,96.80,96.62,96.88,96.88,96.65,96.98,96.98,97.15,97.07,97.07,97.15,97.24,97.40,97.32,97.19,97.49,97.24,97.40,97.32,97.32,97.07,97.15,97.15,97.32,97.49,97.57,97.24,97.32,97.40,97.74,97.74,97.65,97.82,97.65,98.32,97.82,97.74,97.82,97.82,97.91,98.16,98.07,97.99,98.16,98.07
A-MN478813,97.65,98.07,98.24,98.07,99.50,99.16,99.25,99.25,99.41,99.33,99.41,99.41,99.41,98.83,98.83,98.99,98.99,98.99,98.91,98.49,98.41,98.91,98.99,99.16,99.08,98.66,98.66,98.74,98.91,98.91,98.99,98.41,98.58,98.58,98.66,98.66,98.99,98.62,98.83,98.83,98.83,98.83,98.91,98.91,98.91,99.33,99.16,99.58,100.00,100.00,100.00,100.00,,99.75,96.48,96.90,96.57,96.57,96.65,96.82,96.82,96.82,96.73,96.73,96.82,96.82,96.82,96.82,96.73,96.73,96.65,96.73,96.57,96.48,96.48,96.40,96.65,96.57,96.65,96.82,96.82,96.82,96.73,96.73,96.82,96.82,97.07,96.98,96.98,96.98,96.98,96.98,96.98,96.98,96.98,96.80,96.62,96.88,96.88,96.65,96.98,96.98,97.15,97.07,97.07,97.15,97.24,97.40,97.32,97.19,97.49,97.24,97.40,97.32,97.32,97.07,97.15,97.15,97.32,97.49,97.57,97.24,97.32,97.40,97.74,97.74,97.65,97.82,97.65,98.32,97.82,97.74,97.82,97.82,97.91,98.16,98.07,97.99,98.16,98.07
A-KJ721706,97.40,97.82,97.99,97.82,99.25,98.91,98.99,98.99,99.16,99.08,99.16,99.16,99.16,98.58,98.58,98.74,98.74,98.74,98.66,98.24,98.16,98.66,98.74,98.91,98.83,98.41,98.41,98.49,98.66,98.66,98.74,98.16,98.32,98.32,98.41,98.41,98.74,98.37,98.58,98.58,98.58,98.58,98.66,98.66,98.66,99.08,98.91,99.66,99.75,99.75,99.75,99.75,99.75,,96.40,96.82,96.48,96.48,96.57,96.73,96.73,96.73,96.65,96.65,96.73,96.73,96.73,96.73,96.65,96.65,96.57,96.65,96.48,96.40,96.40,96.31,96.57,96.48,96.57,96.73,96.73,96.73,96.65,96.65,96.73,96.73,96.98,96.90,96.90,96.90,96.90,96.90,96.90,96.90,96.90,96.71,96.54,96.80,96.80,96.40,96.73,96.73,96.90,96.82,96.82,96.90,96.98,97.15,97.07,96.94,97.24,96.98,97.15,97.07,97.07,96.82,96.90,96.90,97.07,97.24,97.32,96.98,97.07,97.15,97.49,97.65,97.57,97.57,97.40,98.07,97.57,97.49,97.57,97.57,97.65,97.91,97.82,97.74,97.91,97.82
B-KJ639027,96.82,96.06,96.06,96.06,95.98,95.98,95.90,95.90,96.06,95.81,95.90,95.90,95.90,95.64,95.81,95.81,95.81,95.81,95.90,96.40,96.31,95.56,95.64,95.64,95.73,95.39,95.39,96.57,95.73,95.73,95.81,95.39,95.39,95.39,95.48,95.48,96.48,95.69,95.64,95.64,95.64,95.81,95.73,95.73,95.73,96.31,96.15,96.06,96.48,96.48,96.48,96.48,96.48,96.40,,99.41,99.16,99.25,99.16,99.16,99.16,99.16,99.41,99.25,99.33,99.33,99.33,99.33,99.41,99.41,99.33,99.41,99.25,99.16,99.16,99.08,99.33,99.25,99.33,98.66,98.66,98.83,98.74,98.74,98.83,98.83,98.91,98.99,98.99,98.99,98.99,98.99,98.99,98.99,98.99,98.87,98.70,98.79,98.79,97.07,97.82,97.99,97.99,97.91,97.91,97.99,98.07,98.24,98.16,97.95,98.32,98.07,98.24,98.16,98.16,97.40,97.49,97.32,97.49,97.32,97.40,97.57,97.49,97.57,97.74,98.07,97.99,97.99,97.82,97.82,97.82,98.07,98.16,98.16,97.91,98.24,98.24,98.16,98.32,98.24
B-KJ639016,97.24,96.48,96.48,96.48,96.40,96.40,96.31,96.31,96.48,96.23,96.31,96.31,96.31,96.06,96.23,96.23,96.23,96.23,96.31,96.82,96.73,96.06,96.15,96.15,96.23,95.81,95.81,96.98,96.15,96.15,96.23,95.81,95.81,95.81,95.90,95.90,96.90,96.11,96.06,96.06,96.06,96.23,96.15,96.15,96.15,96.73,96.57,96.48,96.90,96.90,96.90,96.90,96.90,96.82,99.41,,99.41,99.50,99.41,99.41,99.41,99.41,99.66,99.50,99.58,99.58,99.58,99.58,99.66,99.66,99.58,99.66,99.50,99.41,99.41,99.33,99.58,99.50,99.58,98.91,98.91,99.08,98.99,98.99,99.08,99.08,99.16,99.25,99.25,99.25,99.25,99.25,99.25,99.25,99.25,99.13,98.96,99.05,99.05,97.49,98.24,98.41,98.41,98.32,98.32,98.41,98.49,98.66,98.58,98.37,98.74,98.49,98.66,98.58,98.58,97.82,97.91,97.74,97.91,97.74,97.82,97.99,97.91,97.99,98.16,98.49,98.41,98.41,98.24,98.24,98.24,98.49,98.58,98.58,98.32,98.66,98.66,98.58,98.74,98.66
B-PX211523,96.90,96.15,96.15,96.15,96.06,96.06,95.98,95.98,96.15,95.90,95.98,95.98,95.98,95.73,95.90,95.90,95.90,95.90,95.98,96.57,96.48,95.64,95.77,95.73,95.81,95.56,95.56,96.82,95.81,95.81,95.90,95.48,95.48,95.48,95.56,95.56,96.57,95.77,95.73,95.73,95.73,95.90,95.81,95.81,95.81,96.40,96.23,96.15,96.57,96.57,96.57,96.57,96.57,96.48,99.16,99.41,,99.41,99.50,99.50,99.50,99.50,99.75,99.58,99.66,99.66,99.66,99.66,99.58,99.58,99.50,99.58,99.41,99.33,99.33,99.25,99.50,99.41,99.50,98.83,98.83,98.99,98.91,98.91,98.99,98.99,99.08,99.16,99.16,99.16,99.16,99.16,99.16,99.16,99.16,98.96,98.79,98.87,98.87,97.24,97.99,98.16,98.16,98.07,98.07,98.16,98.24,98.41,98.32,98.16,98.49,98.24,98.41,98.32,98.32,97.40,97.49,97.32,97.49,97.32,97.40,97.57,97.49,97.57,97.74,98.07,97.99,98.16,97.82,97.82,97.82,98.24,98.32,98.32,97.91,98.24,98.24,98.16,98.32,98.24
B-LC260235,96.90,96.15,96.15,96.15,96.06,96.06,95.98,95.98,96.15,95.90,95.98,95.98,95.98,95.73,95.90,95.90,95.90,95.90,95.98,96.57,96.48,95.64,95.73,95.73,95.81,95.56,95.56,96.65,95.81,95.81,95.90,95.48,95.48,95.48,95.56,95.56,96.57,95.77,95.73,95.73,95.73,95.90,95.81,95.81,95.81,96.40,96.40,96.31,96.57,96.57,96.57,96.57,96.57,96.48,99.25,99.50,99.41,,99.41,99.41,99.41,99.41,99.66,99.50,99.58,99.58,99.58,99.58,99.83,99.66,99.58,99.66,99.50,99.41,99.41,99.33,99.58,99.50,99.58,98.91,98.91,99.08,98.99,99.16,99.08,99.08,99.16,99.25,99.25,99.25,99.25,99.25,99.25,99.25,99.25,99.05,98.87,98.96,98.96,97.32,98.07,98.24,98.24,98.16,98.16,98.24,98.32,98.49,98.41,98.37,98.58,98.49,98.66,98.58,98.58,97.49,97.57,97.40,97.57,97.40,97.49,97.65,97.57,97.65,97.82,98.16,98.07,98.24,97.91,97.90,97.91,98.32,98.41,98.41,97.99,98.32,98.32,98.24,98.41,98.32
B-LC260239,96.98,96.23,96.31,96.23,96.15,96.15,96.06,96.06,96.23,95.98,96.06,96.06,96.06,95.81,95.98,95.98,95.98,95.98,96.06,96.65,96.57,95.73,95.81,95.81,95.90,95.64,95.64,97.07,95.90,95.90,95.98,95.56,95.56,95.56,95.64,95.64,96.65,95.94,95.81,95.81,95.81,95.98,95.90,95.90,95.90,96.48,96.31,96.23,96.65,96.65,96.65,96.65,96.65,96.57,99.16,99.41,99.50,99.41,,99.66,99.66,99.66,99.75,99.75,99.83,99.83,99.83,99.83,99.58,99.58,99.50,99.58,99.41,99.33,99.33,99.25,99.50,99.41,99.50,98.83,98.83,98.99,98.91,98.91,98.99,98.99,99.08,99.16,99.16,99.16,99.16,99.16,99.16,99.16,99.16,98.96,98.79,98.87,98.87,97.24,97.99,98.16,98.16,98.07,98.07,98.16,98.24,98.49,98.41,98.12,98.49,98.24,98.41,98.32,98.32,97.40,97.49,97.32,97.57,97.32,97.40,97.57,97.49,97.57,97.91,98.07,97.99,98.16,97.82,97.98,97.99,98.24,98.32,98.32,97.91,98.24,98.24,98.16,98.32,98.24
B-LC228330,97.15,96.40,96.40,96.40,96.31,96.31,96.23,96.23,96.40,96.15,96.23,96.23,96.23,95.98,96.15,96.15,96.15,96.15,96.23,96.82,96.73,95.90,95.98,95.98,96.06,95.81,95.81,97.07,96.06,96.06,96.15,95.73,95.73,95.73,95.81,95.81,96.82,96.02,95.98,95.98,95.98,96.15,96.06,96.06,96.06,96.65,96.48,96.40,96.82,96.82,96.82,96.82,96.82,96.73,99.16,99.41,99.50,99.41,99.66,,100.00,99.66,99.75,99.92,99.83,99.83,99.83,99.83,99.58,99.58,99.50,99.58,99.41,99.33,99.33,99.25,99.50,99.41,99.50,98.99,98.99,99.16,99.08,99.08,99.16,99.16,99.25,99.33,99.33,99.33,99.33,99.33,99.33,99.33,99.33,99.13,98.96,99.05,99.05,97.24,98.16,98.32,98.32,98.24,98.24,98.32,98.41,98.58,98.49,98.28,98.66,98.41,98.58,98.49,98.49,97.57,97.65,97.49,97.65,97.49,97.57,97.74,97.65,97.74,98.07,98.24,98.16,98.32,97.99,98.15,97.99,98.41,98.49,98.49,98.07,98.41,98.41,98.32,98.49,98.41
B-LC228319,97.15,96.40,96.40,96.40,96.31,96.31,96.23,96.23,96.40,96.15,96.23,96.23,96.23,95.98,96.15,96.15,96.15,96.15,96.23,96.82,96.73,95.90,95.98,95.98,96.06,95.81,95.81,97.07,96.06,96.06,96.15,95.73,95.73,95.73,95.81,95.81,96.82,96.02,95.98,95.98,95.98,96.15,96.06,96.06,96.06,96.65,96.48,96.40,96.82,96.82,96.82,96.82,96.82,96.73,99.16,99.41,99.50,99.41,99.66,100.00,,99.66,99.75,99.92,99.83,99.83,99.83,99.83,99.58,99.58,99.50,99.58,99.41,99.33,99.33,99.25,99.50,99.41,99.50,98.99,98.99,99.16,99.08,99.08,99.16,99.16,99.25,99.33,99.33,99.33,99.33,99.33,99.33,99.33,99.33,99.13,98.96,99.05,99.05,97.24,98.16,98.32,98.32,98.24,98.24,98.32,98.41,98.58,98.49,98.28,98.66,98.41,98.58,98.49,98.49,97.57,97.65,97.49,97.65,97.49,97.57,97.74,97.65,97.74,98.07,98.24,98.16,98.32,97.99,98.15,97.99,98.41,98.49,98.49,98.07,98.41,98.41,98.32,98.49,98.41
B-KU550288,97.15,96.40,96.40,96.40,96.31,96.31,96.23,96.23,96.40,96.15,96.23,96.23,96.23,96.15,96.31,96.31,96.31,96.31,96.40,96.82,96.73,95.90,95.98,95.98,96.06,95.81,95.81,97.07,96.06,96.06,96.15,95.90,95.90,95.73,95.81,95.81,96.82,96.02,95.98,95.98,95.98,96.15,96.06,96.06,96.06,96.65,96.48,96.40,96.82,96.82,96.82,96.82,96.82,96.73,99.16,99.41,99.50,99.41,99.66,99.66,99.66,,99.75,99.75,99.83,99.83,99.83,99.83,99.58,99.58,99.50,99.58,99.41,99.33,99.33,99.25,99.50,99.41,99.50,98.99,98.99,99.16,99.08,99.08,99.16,99.16,99.25,99.33,99.33,99.33,99.33,99.33,99.33,99.33,99.33,99.13,98.96,99.05,99.05,97.40,98.16,98.16,98.32,98.24,98.24,98.32,98.41,98.58,98.49,98.28,98.66,98.41,98.58,98.49,98.49,97.57,97.65,97.49,97.65,97.49,97.57,97.74,97.65,97.74,98.07,98.24,98.16,98.32,97.99,98.15,97.99,98.41,98.49,98.49,98.07,98.41,98.41,98.32,98.49,98.41
B-MH569771,97.07,96.31,96.31,96.31,96.23,96.23,96.15,96.15,96.31,96.06,96.15,96.15,96.15,95.90,96.06,96.06,96.06,96.06,96.15,96.73,96.65,95.81,95.90,95.90,95.98,95.73,95.73,96.98,95.98,95.98,96.06,95.64,95.64,95.64,95.73,95.73,96.73,95.94,95.90,95.90,95.90,96.06,95.98,95.98,95.98,96.57,96.40,96.31,96.73,96.73,96.73,96.73,96.73,96.65,99.41,99.66,99.75,99.66,99.75,99.75,99.75,99.75,,99.83,99.92,99.92,99.92,99.92,99.83,99.83,99.75,99.83,99.66,99.58,99.58,99.50,99.75,99.66,99.75,99.08,99.08,99.25,99.16,99.16,99.25,99.25,99.33,99.41,99.41,99.41,99.41,99.41,99.41,99.41,99.41,99.22,99.05,99.13,99.13,97.49,98.24,98.41,98.41,98.32,98.32,98.41,98.49,98.66,98.58,98.37,98.74,98.49,98.66,98.58,98.58,97.65,97.74,97.57,97.74,97.57,97.65,97.82,97.74,97.82,97.99,98.32,98.24,98.41,98.07,98.07,98.07,98.49,98.58,98.58,98.16,98.49,98.49,98.41,98.58,98.49
B-LC541984,97.07,96.31,96.31,96.31,96.23,96.23,96.15,96.15,96.31,96.06,96.15,96.15,96.15,95.90,96.06,96.06,96.06,96.06,96.15,96.73,96.65,95.81,95.90,95.90,95.98,95.73,95.73,96.98,95.98,95.98,96.06,95.64,95.64,95.64,95.73,95.73,96.73,95.94,95.90,95.90,95.90,96.06,95.98,95.98,95.98,96.57,96.40,96.31,96.73,96.73,96.73,96.73,96.73,96.65,99.25,99.50,99.58,99.50,99.75,99.92,99.92,99.75,99.83,,99.92,99.92,99.92,99.92,99.66,99.66,99.58,99.66,99.50,99.41,99.41,99.33,99.58,99.50,99.58,98.91,98.91,99.08,98.99,98.99,99.08,99.08,99.16,99.25,99.25,99.25,99.25,99.25,99.25,99.25,99.25,99.05,98.87,98.96,98.96,97.32,98.07,98.24,98.24,98.16,98.16,98.24,98.32,98.49,98.41,98.20,98.58,98.32,98.49,98.41,98.41,97.49,97.57,97.40,97.57,97.40,97.49,97.65,97.57,97.65,97.99,98.16,98.07,98.24,97.91,98.07,97.91,98.32,98.41,98.41,97.99,98.32,98.32,98.24,98.41,98.32
B-MF997039,97.15,96.40,96.40,96.40,96.31,96.31,96.23,96.23,96.40,96.15,96.23,96.23,96.23,95.98,96.15,96.15,96.15,96.15,96.23,96.82,96.73,95.90,95.98,95.98,96.06,95.81,95.81,97.07,96.06,96.06,96.15,95.73,95.73,95.73,95.81,95.81,96.82,96.02,95.98,95.98,95.98,96.15,96.06,96.06,96.06,96.65,96.48,96.40,96.82,96.82,96.82,96.82,96.82,96.73,99.33,99.58,99.66,99.58,99.83,99.83,99.83,99.83,99.92,99.92,,100.00,100.00,100.00,99.75,99.75,99.66,99.75,99.58,99.50,99.50,99.41,99.66,99.58,99.66,98.99,98.99,99.16,99.08,99.08,99.16,99.16,99.25,99.33,99.33,99.33,99.33,99.33,99.33,99.33,99.33,99.13,98.96,99.05,99.05,97.40,98.16,98.32,98.32,98.24,98.24,98.32,98.41,98.58,98.49,98.28,98.66,98.41,98.58,98.49,98.49,97.57,97.65,97.49,97.65,97.49,97.57,97.74,97.65,97.74,98.07,98.24,98.16,98.32,97.99,98.15,97.99,98.41,98.49,98.49,98.07,98.41,98.41,98.32,98.49,98.41
B-KU550286,97.15,96.40,96.40,96.40,96.31,96.31,96.23,96.23,96.40,96.15,96.23,96.23,96.23,95.98,96.15,96.15,96.15,96.15,96.23,96.82,96.73,95.90,95.98,95.98,96.06,95.81,95.81,97.07,96.06,96.06,96.15,95.73,95.73,95.73,95.81,95.81,96.82,96.02,95.98,95.98,95.98,96.15,96.06,96.06,96.06,96.65,96.48,96.40,96.82,96.82,96.82,96.82,96.82,96.73,99.33,99.58,99.66,99.58,99.83,99.83,99.83,99.83,99.92,99.92,100.00,,100.00,100.00,99.75,99.75,99.66,99.75,99.58,99.50,99.50,99.41,99.66,99.58,99.66,98.99,98.99,99.16,99.08,99.08,99.16,99.16,99.25,99.33,99.33,99.33,99.33,99.33,99.33,99.33,99.33,99.13,98.96,99.05,99.05,97.40,98.16,98.32,98.32,98.24,98.24,98.32,98.41,98.58,98.49,98.28,98.66,98.41,98.58,98.49,98.49,97.57,97.65,97.49,97.65,97.49,97.57,97.74,97.65,97.74,98.07,98.24,98.16,98.32,97.99,98.15,97.99,98.41,98.49,98.49,98.07,98.41,98.41,98.32,98.49,98.41
B-KU870412,97.15,96.40,96.40,96.40,96.31,96.31,96.23,96.23,96.40,96.15,96.23,96.23,96.23,95.98,96.15,96.15,96.15,96.15,96.23,96.82,96.73,95.90,95.98,95.98,96.06,95.81,95.81,97.07,96.06,96.06,96.15,95.73,95.73,95.73,95.81,95.81,96.82,96.02,95.98,95.98,95.98,96.15,96.06,96.06,96.06,96.65,96.48,96.40,96.82,96.82,96.82,96.82,96.82,96.73,99.33,99.58,99.66,99.58,99.83,99.83,99.83,99.83,99.92,99.92,100.00,100.00,,100.00,99.75,99.75,99.66,99.75,99.58,99.50,99.50,99.41,99.66,99.58,99.66,98.99,98.99,99.16,99.08,99.08,99.16,99.16,99.25,99.33,99.33,99.33,99.33,99.33,99.33,99.33,99.33,99.13,98.96,99.05,99.05,97.40,98.16,98.32,98.32,98.24,98.24,98.32,98.41,98.58,98.49,98.28,98.66,98.41,98.58,98.49,98.49,97.57,97.65,97.49,97.65,97.49,97.57,97.74,97.65,97.74,98.07,98.24,98.16,98.32,97.99,98.15,97.99,98.41,98.49,98.49,98.07,98.41,98.41,98.32,98.49,98.41
B-KU870390,97.15,96.40,96.40,96.40,96.31,96.31,96.23,96.23,96.40,96.15,96.23,96.23,96.23,95.98,96.15,96.15,96.15,96.15,96.23,96.82,96.73,95.90,95.98,95.98,96.06,95.81,95.81,97.07,96.06,96.06,96.15,95.73,95.73,95.73,95.81,95.81,96.82,96.02,95.98,95.98,95.98,96.15,96.06,96.06,96.06,96.65,96.48,96.40,96.82,96.82,96.82,96.82,96.82,96.73,99.33,99.58,99.66,99.58,99.83,99.83,99.83,99.83,99.92,99.92,100.00,100.00,100.00,,99.75,99.75,99.66,99.75,99.58,99.50,99.50,99.41,99.66,99.58,99.66,98.99,98.99,99.16,99.08,99.08,99.16,99.16,99.25,99.33,99.33,99.33,99.33,99.33,99.33,99.33,99.33,99.13,98.96,99.05,99.05,97.40,98.16,98.32,98.32,98.24,98.24,98.32,98.41,98.58,98.49,98.28,98.66,98.41,98.58,98.49,98.49,97.57,97.65,97.49,97.65,97.49,97.57,97.74,97.65,97.74,98.07,98.24,98.16,98.32,97.99,98.15,97.99,98.41,98.49,98.49,98.07,98.41,98.41,98.32,98.49,98.41
B-LC469484,97.07,96.31,96.31,96.31,96.23,96.23,96.15,96.15,96.31,96.06,96.15,96.15,96.15,95.90,96.06,96.06,96.06,96.06,96.15,96.73,96.65,95.81,95.90,95.90,95.98,95.73,95.73,96.82,95.98,95.98,96.06,95.64,95.64,95.64,95.73,95.73,96.73,95.94,95.90,95.90,95.90,96.06,95.98,95.98,95.98,96.57,96.40,96.31,96.73,96.73,96.73,96.73,96.73,96.65,99.41,99.66,99.58,99.83,99.58,99.58,99.58,99.58,99.83,99.66,99.75,99.75,99.75,99.75,,99.83,99.75,99.83,99.66,99.58,99.58,99.50,99.75,99.66,99.75,99.08,99.08,99.25,99.16,99.16,99.25,99.25,99.33,99.41,99.41,99.41,99.41,99.41,99.41,99.41,99.41,99.22,99.05,99.13,99.13,97.49,98.24,98.41,98.41,98.32,98.32,98.41,98.49,98.66,98.58,98.37,98.74,98.49,98.66,98.58,98.58,97.65,97.74,97.57,97.74,97.57,97.65,97.82,97.74,97.82,97.99,98.32,98.24,98.41,98.07,98.07,98.07,98.49,98.58,98.58,98.16,98.49,98.49,98.41,98.58,98.49
B-MH569767,97.07,96.31,96.31,96.31,96.23,96.23,96.15,96.15,96.31,96.06,96.15,96.15,96.15,95.90,96.06,96.06,96.06,96.06,96.15,96.73,96.65,95.81,95.90,95.90,95.98,95.73,95.73,96.82,95.98,95.98,96.06,95.64,95.64,95.64,95.73,95.73,96.73,96.11,95.90,95.90,95.90,96.06,95.98,95.98,95.98,96.73,96.57,96.31,96.73,96.73,96.73,96.73,96.73,96.65,99.41,99.66,99.58,99.66,99.58,99.58,99.58,99.58,99.83,99.66,99.75,99.75,99.75,99.75,99.83,,99.75,99.83,99.66,99.58,99.58,99.50,99.75,99.66,99.75,99.08,99.08,99.25,99.16,99.16,99.25,99.25,99.33,99.41,99.41,99.41,99.41,99.41,99.41,99.41,99.41,99.22,99.05,99.13,99.13,97.49,98.24,98.41,98.41,98.32,98.32,98.41,98.49,98.66,98.58,98.37,98.74,98.49,98.66,98.58,98.58,97.65,97.74,97.57,97.74,97.57,97.65,97.82,97.74,97.82,97.99,98.32,98.24,98.41,98.07,98.07,98.07,98.49,98.58,98.58,98.16,98.49,98.49,98.41,98.58,98.49
B-MH704728,96.98,96.23,96.23,96.23,96.15,96.15,96.06,96.06,96.23,95.98,96.06,96.06,96.06,95.81,95.98,95.98,95.98,95.98,96.06,96.65,96.57,95.73,95.81,95.81,95.90,95.64,95.64,96.73,95.90,95.90,95.98,95.56,95.56,95.56,95.64,95.64,96.65,95.85,95.81,95.81,95.81,95.98,95.90,95.90,95.90,96.48,96.31,96.23,96.65,96.65,96.65,96.65,96.65,96.57,99.33,99.58,99.50,99.58,99.50,99.50,99.50,99.50,99.75,99.58,99.66,99.66,99.66,99.66,99.75,99.75,,99.92,99.58,99.50,99.50,99.41,99.66,99.58,99.66,98.99,98.99,99.16,99.08,99.08,99.16,99.16,99.25,99.33,99.33,99.33,99.33,99.33,99.33,99.33,99.33,99.13,98.96,99.05,99.05,97.40,98.16,98.32,98.32,98.24,98.24,98.32,98.41,98.58,98.49,98.28,98.66,98.41,98.58,98.49,98.49,97.57,97.65,97.49,97.65,97.49,97.57,97.74,97.65,97.74,97.91,98.24,98.16,98.32,97.99,97.98,97.99,98.41,98.49,98.49,98.07,98.41,98.41,98.32,98.49,98.41
B-LC228308,97.07,96.31,96.31,96.31,96.23,96.23,96.15,96.15,96.31,96.06,96.15,96.15,96.15,95.90,96.06,96.06,96.06,96.06,96.15,96.73,96.65,95.81,95.90,95.90,95.98,95.73,95.73,96.82,95.98,95.98,96.06,95.64,95.64,95.64,95.73,95.73,96.73,95.94,95.90,95.90,95.90,96.06,95.98,95.98,95.98,96.57,96.40,96.31,96.73,96.73,96.73,96.73,96.73,96.65,99.41,99.66,99.58,99.66,99.58,99.58,99.58,99.58,99.83,99.66,99.75,99.75,99.75,99.75,99.83,99.83,99.92,,99.66,99.58,99.58,99.50,99.75,99.66,99.75,99.08,99.08,99.25,99.16,99.16,99.25,99.25,99.33,99.41,99.41,99.41,99.41,99.41,99.41,99.41,99.41,99.22,99.05,99.13,99.13,97.49,98.24,98.41,98.41,98.32,98.32,98.41,98.49,98.66,98.58,98.37,98.74,98.49,98.66,98.58,98.58,97.65,97.74,97.57,97.74,97.57,97.65,97.82,97.74,97.82,97.99,98.32,98.24,98.41,98.07,98.07,98.07,98.49,98.58,98.58,98.16,98.49,98.49,98.41,98.58,98.49
B-MG670610,96.90,96.15,96.15,96.15,96.06,96.06,95.98,95.98,96.15,95.90,95.98,95.98,95.98,95.73,95.90,95.90,95.90,95.90,95.98,96.57,96.48,95.64,95.73,95.73,95.81,95.56,95.56,96.65,95.98,95.98,96.06,95.64,95.64,95.64,95.73,95.73,96.57,95.94,95.90,95.90,95.90,96.06,95.98,95.98,95.98,96.57,96.40,96.15,96.57,96.57,96.57,96.57,96.57,96.48,99.25,99.50,99.41,99.50,99.41,99.41,99.41,99.41,99.66,99.50,99.58,99.58,99.58,99.58,99.66,99.66,99.58,99.66,,99.58,99.58,99.50,99.75,99.66,99.75,98.91,98.91,99.08,98.99,98.99,99.08,99.08,99.16,99.25,99.25,99.25,99.25,99.25,99.25,99.25,99.25,99.05,98.87,98.96,98.96,97.32,98.07,98.24,98.24,98.16,98.16,98.24,98.32,98.49,98.41,98.20,98.58,98.32,98.49,98.41,98.41,97.49,97.57,97.40,97.57,97.40,97.49,97.65,97.57,97.82,97.82,98.16,98.07,98.24,97.91,97.90,97.91,98.32,98.41,98.41,97.99,98.32,98.32,98.24,98.41,98.32
B-MG670618,96.82,96.23,96.23,96.23,95.98,95.98,95.90,95.90,96.06,95.81,95.90,95.90,95.90,95.64,95.81,95.81,95.81,95.81,95.90,96.48,96.40,95.56,95.64,95.64,95.73,95.48,95.48,96.57,95.73,95.73,95.81,95.56,95.56,95.56,95.64,95.64,96.48,95.85,95.64,95.64,95.64,95.81,95.73,95.73,95.73,96.31,96.15,96.06,96.48,96.48,96.48,96.48,96.48,96.40,99.16,99.41,99.33,99.41,99.33,99.33,99.33,99.33,99.58,99.41,99.50,99.50,99.50,99.50,99.58,99.58,99.50,99.58,99.58,,100.00,99.92,99.83,99.58,99.66,98.83,98.83,98.99,98.91,98.91,98.99,98.99,99.08,99.16,99.16,99.16,99.16,99.16,99.16,99.16,99.16,98.96,98.79,98.87,98.87,97.24,98.16,98.32,98.32,98.24,98.24,98.32,98.41,98.41,98.32,98.28,98.49,98.41,98.58,98.49,98.49,97.57,97.65,97.49,97.49,97.32,97.40,97.74,97.65,97.57,97.74,98.07,97.99,98.16,97.82,97.82,97.82,98.24,98.32,98.32,97.91,98.24,98.24,98.16,98.32,98.24
B-MG670617,96.82,96.23,96.23,96.23,95.98,95.98,95.90,95.90,96.06,95.81,95.90,95.90,95.90,95.64,95.81,95.81,95.81,95.81,95.90,96.48,96.40,95.56,95.64,95.64,95.73,95.48,95.48,96.57,95.73,95.73,95.81,95.56,95.56,95.56,95.64,95.64,96.48,95.85,95.64,95.64,95.64,95.81,95.73,95.73,95.73,96.31,96.15,96.06,96.48,96.48,96.48,96.48,96.48,96.40,99.16,99.41,99.33,99.41,99.33,99.33,99.33,99.33,99.58,99.41,99.50,99.50,99.50,99.50,99.58,99.58,99.50,99.58,99.58,100.00,,99.92,99.83,99.58,99.66,98.83,98.83,98.99,98.91,98.91,98.99,98.99,99.08,99.16,99.16,99.16,99.16,99.16,99.16,99.16,99.16,98.96,98.79,98.87,98.87,97.24,98.16,98.32,98.32,98.24,98.24,98.32,98.41,98.41,98.32,98.28,98.49,98.41,98.58,98.49,98.49,97.57,97.65,97.49,97.49,97.32,97.40,97.74,97.65,97.57,97.74,98.07,97.99,98.16,97.82,97.82,97.82,98.24,98.32,98.32,97.91,98.24,98.24,98.16,98.32,98.24
B-MG670614,96.73,96.15,96.15,96.15,95.90,95.90,95.81,95.81,95.98,95.73,95.81,95.81,95.81,95.56,95.73,95.73,95.73,95.73,95.81,96.40,96.31,95.48,95.56,95.56,95.64,95.39,95.39,96.48,95.64,95.64,95.73,95.48,95.48,95.48,95.56,95.56,96.40,95.77,95.56,95.56,95.56,95.73,95.64,95.64,95.64,96.23,96.06,95.98,96.40,96.40,96.40,96.40,96.40,96.31,99.08,99.33,99.25,99.33,99.25,99.25,99.25,99.25,99.50,99.33,99.41,99.41,99.41,99.41,99.50,99.50,99.41,99.50,99.50,99.92,99.92,,99.75,99.50,99.58,98.74,98.74,98.91,98.83,98.83,98.91,98.91,98.99,99.08,99.08,99.08,99.08,99.08,99.08,99.08,99.08,98.87,98.70,98.79,98.79,97.15,98.07,98.24,98.24,98.16,98.16,98.24,98.32,98.32,98.24,98.20,98.41,98.32,98.49,98.41,98.41,97.65,97.74,97.57,97.57,97.24,97.32,97.65,97.57,97.49,97.65,97.99,97.91,98.07,97.74,97.73,97.74,98.16,98.24,98.24,97.82,98.16,98.16,98.07,98.24,98.16
B-MG670601,96.98,96.23,96.23,96.23,96.15,96.15,96.06,96.06,96.23,95.98,96.06,96.06,96.06,95.81,95.98,95.98,95.98,95.98,96.06,96.65,96.57,95.73,95.81,95.81,95.90,95.64,95.64,96.73,95.90,95.90,95.98,95.56,95.56,95.56,95.64,95.64,96.65,95.85,95.81,95.81,95.81,95.98,95.90,95.90,95.90,96.48,96.31,96.23,96.65,96.65,96.65,96.65,96.65,96.57,99.33,99.58,99.50,99.58,99.50,99.50,99.50,99.50,99.75,99.58,99.66,99.66,99.66,99.66,99.75,99.75,99.66,99.75,99.75,99.83,99.83,99.75,,99.75,99.83,98.99,98.99,99.16,99.08,99.08,99.16,99.16,99.25,99.33,99.33,99.33,99.33,99.33,99.33,99.33,99.33,99.13,98.96,99.05,99.05,97.40,98.16,98.32,98.32,98.24,98.24,98.32,98.41,98.58,98.49,98.28,98.66,98.41,98.58,98.49,98.49,97.57,97.65,97.49,97.65,97.49,97.57,97.74,97.65,97.74,97.91,98.24,98.16,98.32,97.99,97.98,97.99,98.41,98.49,98.49,98.07,98.41,98.41,98.32,98.49,98.41
B-LC086729,96.90,96.15,96.15,96.15,96.06,96.06,95.98,95.98,96.15,95.90,95.98,95.98,95.98,95.73,95.90,95.90,95.90,95.90,95.98,96.57,96.48,95.64,95.73,95.73,95.81,95.64,95.64,96.65,95.81,95.81,95.90,95.48,95.48,95.48,95.56,95.56,96.57,95.77,95.73,95.73,95.73,95.90,95.81,95.81,95.81,96.40,96.23,96.15,96.57,96.57,96.57,96.57,96.57,96.48,99.25,99.50,99.41,99.50,99.41,99.41,99.41,99.41,99.66,99.50,99.58,99.58,99.58,99.58,99.66,99.66,99.58,99.66,99.66,99.58,99.58,99.50,99.75,,99.92,98.91,98.91,99.08,98.99,98.99,99.08,99.08,99.16,99.25,99.25,99.25,99.25,99.25,99.25,99.25,99.25,99.05,98.87,98.96,98.96,97.40,98.07,98.24,98.24,98.16,98.16,98.24,98.32,98.49,98.41,98.20,98.58,98.32,98.49,98.41,98.41,97.49,97.57,97.40,97.57,97.40,97.49,97.65,97.57,97.65,97.82,98.16,98.07,98.24,97.91,97.90,97.91,98.32,98.41,98.41,97.99,98.32,98.32,98.24,98.41,98.32
B-LC086718,96.98,96.23,96.23,96.23,96.15,96.15,96.06,96.06,96.23,95.98,96.06,96.06,96.06,95.81,95.98,95.98,95.98,95.98,96.06,96.65,96.57,95.73,95.81,95.81,95.90,95.73,95.73,96.73,95.90,95.90,95.98,95.56,95.56,95.56,95.64,95.64,96.65,95.85,95.81,95.81,95.81,95.98,95.90,95.90,95.90,96.48,96.31,96.23,96.65,96.65,96.65,96.65,96.65,96.57,99.33,99.58,99.50,99.58,99.50,99.50,99.50,99.50,99.75,99.58,99.66,99.66,99.66,99.66,99.75,99.75,99.66,99.75,99.75,99.66,99.66,99.58,99.83,99.92,,98.99,98.99,99.16,99.08,99.08,99.16,99.16,99.25,99.33,99.33,99.33,99.33,99.33,99.33,99.33,99.33,99.13,98.96,99.05,99.05,97.49,98.16,98.32,98.32,98.24,98.24,98.32,98.41,98.58,98.49,98.28,98.66,98.41,98.58,98.49,98.49,97.57,97.65,97.49,97.65,97.49,97.57,97.74,97.65,97.74,97.91,98.24,98.16,98.32,97.99,97.98,97.99,98.41,98.49,98.49,98.07,98.41,98.41,98.32,98.49,98.41
B-LC260233,97.15,96.40,96.40,96.40,96.31,96.31,96.23,96.23,96.40,96.15,96.23,96.23,96.23,96.15,95.98,96.15,96.15,96.15,96.06,96.82,96.73,95.90,95.98,95.98,96.06,95.81,95.81,96.90,96.06,96.06,96.15,95.73,95.73,95.73,95.81,95.81,96.82,96.02,95.98,95.98,95.98,96.15,96.06,96.06,96.06,96.65,96.48,96.40,96.82,96.82,96.82,96.82,96.82,96.73,98.66,98.91,98.83,98.91,98.83,98.99,98.99,98.99,99.08,98.91,98.99,98.99,98.99,98.99,99.08,99.08,98.99,99.08,98.91,98.83,98.83,98.74,98.99,98.91,98.99,,100.00,99.50,99.41,99.41,99.50,99.50,99.58,99.66,99.66,99.66,99.66,99.66,99.66,99.66,99.66,99.31,99.31,99.39,99.39,97.40,98.32,98.32,98.49,98.41,98.41,98.49,98.58,98.74,98.66,98.45,98.83,98.58,98.74,98.66,98.66,97.91,97.99,97.65,97.82,97.65,97.74,97.74,97.82,97.91,98.07,98.41,98.32,98.32,98.16,98.15,98.16,98.58,98.66,98.66,98.24,98.58,98.58,98.49,98.66,98.58
B-KX880427,97.15,96.40,96.40,96.40,96.31,96.31,96.23,96.23,96.40,96.15,96.23,96.23,96.23,96.15,95.98,96.15,96.15,96.15,96.06,96.82,96.73,95.90,95.98,95.98,96.06,95.81,95.81,96.90,96.06,96.06,96.15,95.73,95.73,95.73,95.81,95.81,96.82,96.02,95.98,95.98,95.98,96.15,96.06,96.06,96.06,96.65,96.48,96.40,96.82,96.82,96.82,96.82,96.82,96.73,98.66,98.91,98.83,98.91,98.83,98.99,98.99,98.99,99.08,98.91,98.99,98.99,98.99,98.99,99.08,99.08,98.99,99.08,98.91,98.83,98.83,98.74,98.99,98.91,98.99,100.00,,99.50,99.41,99.41,99.50,99.50,99.58,99.66,99.66,99.66,99.66,99.66,99.66,99.66,99.66,99.31,99.31,99.39,99.39,97.40,98.32,98.32,98.49,98.41,98.41,98.49,98.58,98.74,98.66,98.45,98.83,98.58,98.74,98.66,98.66,97.91,97.99,97.65,97.82,97.65,97.74,97.74,97.82,97.91,98.07,98.41,98.32,98.32,98.16,98.15,98.16,98.58,98.66,98.66,98.24,98.58,98.58,98.49,98.66,98.58
B-MH704729,97.15,96.40,96.40,96.40,96.31,96.31,96.23,96.23,96.40,96.15,96.23,96.23,96.23,96.15,96.15,96.15,96.15,96.15,96.23,96.82,96.73,95.90,95.98,95.98,96.06,95.81,95.81,96.90,96.06,96.06,96.15,95.73,95.73,95.73,95.81,95.81,96.82,96.02,95.98,95.98,95.98,96.15,96.06,96.06,96.06,96.65,96.48,96.40,96.82,96.82,96.82,96.82,96.82,96.73,98.83,99.08,98.99,99.08,98.99,99.16,99.16,99.16,99.25,99.08,99.16,99.16,99.16,99.16,99.25,99.25,99.16,99.25,99.08,98.99,98.99,98.91,99.16,99.08,99.16,99.50,99.50,,99.58,99.58,99.66,99.66,99.75,99.83,99.83,99.83,99.83,99.83,99.83,99.83,99.83,99.57,99.57,99.65,99.65,97.40,98.32,98.32,98.49,98.41,98.41,98.49,98.58,98.74,98.66,98.45,98.83,98.58,98.74,98.66,98.66,97.74,97.82,97.65,97.82,97.65,97.74,97.74,97.82,97.91,98.07,98.41,98.32,98.49,98.16,98.15,98.16,98.58,98.66,98.66,98.24,98.58,98.58,98.49,98.66,98.58
B-LC751154,97.07,96.31,96.31,96.31,96.40,96.40,96.48,96.31,96.48,96.23,96.31,96.31,96.31,96.23,96.23,96.23,96.23,96.23,96.31,96.73,96.65,95.81,95.90,95.90,95.98,95.73,95.73,96.82,95.98,95.98,96.06,95.64,95.64,95.64,95.73,95.73,96.73,95.94,95.90,95.90,95.90,96.06,95.98,95.98,95.98,96.57,96.40,96.31,96.73,96.73,96.73,96.73,96.73,96.65,98.74,98.99,98.91,98.99,98.91,99.08,99.08,99.08,99.16,98.99,99.08,99.08,99.08,99.08,99.16,99.16,99.08,99.16,98.99,98.91,98.91,98.83,99.08,98.99,99.08,99.41,99.41,99.58,,99.83,99.92,99.92,99.66,99.75,99.75,99.75,99.75,99.75,99.75,99.75,99.75,99.74,99.74,99.83,99.83,97.32,98.24,98.24,98.41,98.32,98.32,98.41,98.49,98.66,98.58,98.37,98.74,98.49,98.66,98.58,98.58,97.65,97.74,97.57,97.74,97.57,97.65,97.82,97.91,97.99,97.99,98.32,98.24,98.41,98.07,98.07,98.07,98.49,98.58,98.58,98.16,98.49,98.49,98.41,98.58,98.49
B-LC751124,97.07,96.31,96.31,96.31,96.40,96.40,96.31,96.31,96.48,96.23,96.31,96.31,96.31,96.23,96.23,96.23,96.23,96.23,96.31,96.73,96.65,95.81,95.90,95.90,95.98,95.73,95.73,96.82,95.98,95.98,96.06,95.64,95.64,95.64,95.73,95.73,96.73,95.94,95.90,95.90,95.90,96.06,95.98,95.98,95.98,96.57,96.57,96.48,96.73,96.73,96.73,96.73,96.73,96.65,98.74,98.99,98.91,99.16,98.91,99.08,99.08,99.08,99.16,98.99,99.08,99.08,99.08,99.08,99.16,99.16,99.08,99.16,98.99,98.91,98.91,98.83,99.08,98.99,99.08,99.41,99.41,99.58,99.83,,99.92,99.92,99.66,99.75,99.75,99.75,99.75,99.75,99.75,99.75,99.75,99.74,99.74,99.83,99.83,97.32,98.24,98.24,98.41,98.32,98.32,98.41,98.49,98.66,98.58,98.53,98.74,98.66,98.83,98.74,98.74,97.65,97.74,97.57,97.74,97.57,97.65,97.82,97.91,97.82,97.99,98.32,98.24,98.41,98.07,98.07,98.07,98.49,98.58,98.58,98.16,98.49,98.49,98.41,98.58,98.49
B-KY616890,97.15,96.40,96.40,96.40,96.48,96.48,96.40,96.40,96.57,96.31,96.40,96.40,96.40,96.31,96.31,96.31,96.31,96.31,96.40,96.82,96.73,95.90,95.98,95.98,96.06,95.81,95.81,96.90,96.06,96.06,96.15,95.73,95.73,95.73,95.81,95.81,96.82,96.02,95.98,95.98,95.98,96.15,96.06,96.06,96.06,96.65,96.48,96.40,96.82,96.82,96.82,96.82,96.82,96.73,98.83,99.08,98.99,99.08,98.99,99.16,99.16,99.16,99.25,99.08,99.16,99.16,99.16,99.16,99.25,99.25,99.16,99.25,99.08,98.99,98.99,98.91,99.16,99.08,99.16,99.50,99.50,99.66,99.92,99.92,,100.00,99.75,99.83,99.83,99.83,99.83,99.83,99.83,99.83,99.83,99.83,99.83,99.91,99.91,97.40,98.32,98.32,98.49,98.41,98.41,98.49,98.58,98.74,98.66,98.45,98.83,98.58,98.74,98.66,98.66,97.74,97.82,97.65,97.82,97.65,97.74,97.91,97.99,97.91,98.07,98.41,98.32,98.49,98.16,98.15,98.16,98.58,98.66,98.66,98.24,98.58,98.58,98.49,98.66,98.58
B-AB848006,97.15,96.40,96.40,96.40,96.48,96.48,96.40,96.40,96.57,96.31,96.40,96.40,96.40,96.31,96.31,96.31,96.31,96.31,96.40,96.82,96.73,95.90,95.98,95.98,96.06,95.81,95.81,96.90,96.06,96.06,96.15,95.73,95.73,95.73,95.81,95.81,96.82,96.02,95.98,95.98,95.98,96.15,96.06,96.06,96.06,96.65,96.48,96.40,96.82,96.82,96.82,96.82,96.82,96.73,98.83,99.08,98.99,99.08,98.99,99.16,99.16,99.16,99.25,99.08,99.16,99.16,99.16,99.16,99.25,99.25,99.16,99.25,99.08,98.99,98.99,98.91,99.16,99.08,99.16,99.50,99.50,99.66,99.92,99.92,100.00,,99.75,99.83,99.83,99.83,99.83,99.83,99.83,99.83,99.83,99.83,99.83,99.91,99.91,97.40,98.32,98.32,98.49,98.41,98.41,98.49,98.58,98.74,98.66,98.45,98.83,98.58,98.74,98.66,98.66,97.74,97.82,97.65,97.82,97.65,97.74,97.91,97.99,97.91,98.07,98.41,98.32,98.49,98.16,98.15,98.16,98.58,98.66,98.66,98.24,98.58,98.58,98.49,98.66,98.58
B-MG599533,97.40,96.65,96.65,96.65,96.57,96.57,96.48,96.40,96.65,96.40,96.48,96.48,96.48,96.40,96.40,96.40,96.40,96.40,96.48,97.07,96.98,96.15,96.23,96.23,96.31,96.02,96.02,97.15,96.31,96.31,96.40,95.98,95.98,95.98,96.06,96.06,97.07,96.27,96.23,96.23,96.23,96.40,96.31,96.31,96.31,96.90,96.73,96.65,97.07,97.07,97.07,97.07,97.07,96.98,98.91,99.16,99.08,99.16,99.08,99.25,99.25,99.25,99.33,99.16,99.25,99.25,99.25,99.25,99.33,99.33,99.25,99.33,99.16,99.08,99.08,98.99,99.25,99.16,99.25,99.58,99.58,99.75,99.66,99.66,99.75,99.75,,99.92,99.92,99.92,99.92,99.92,99.92,99.92,99.92,99.57,99.57,99.65,99.65,97.65,98.58,98.58,98.74,98.66,98.66,98.74,98.83,98.99,98.91,98.70,99.08,98.83,98.99,98.91,98.91,97.99,98.07,97.91,98.07,97.91,97.99,97.99,98.07,98.16,98.32,98.66,98.58,98.74,98.41,98.40,98.41,98.83,98.91,98.91,98.49,98.83,98.83,98.74,98.91,98.83
B-LC325462,97.32,96.57,96.57,96.57,96.48,96.48,96.40,96.40,96.57,96.31,96.40,96.40,96.40,96.31,96.31,96.31,96.31,96.31,96.40,96.98,96.90,96.06,96.15,96.15,96.23,95.98,95.98,97.07,96.23,96.23,96.31,95.90,95.90,95.90,95.98,95.98,96.98,96.19,96.15,96.15,96.15,96.31,96.23,96.23,96.23,96.82,96.65,96.57,96.98,96.98,96.98,96.98,96.98,96.90,98.99,99.25,99.16,99.25,99.16,99.33,99.33,99.33,99.41,99.25,99.33,99.33,99.33,99.33,99.41,99.41,99.33,99.41,99.25,99.16,99.16,99.08,99.33,99.25,99.33,99.66,99.66,99.83,99.75,99.75,99.83,99.83,99.92,,100.00,100.00,100.00,100.00,100.00,100.00,100.00,99.65,99.65,99.74,99.74,97.57,98.49,98.49,98.66,98.58,98.58,98.66,98.74,98.91,98.83,98.62,98.99,98.74,98.91,98.83,98.83,97.91,97.99,97.82,97.99,97.82,97.91,97.91,97.99,98.07,98.24,98.58,98.49,98.66,98.32,98.32,98.32,98.74,98.83,98.83,98.41,98.74,98.74,98.66,98.83,98.74
B-KU059792,97.32,96.57,96.57,96.57,96.48,96.48,96.40,96.40,96.57,96.31,96.40,96.40,96.40,96.31,96.31,96.31,96.31,96.31,96.40,96.98,96.90,96.06,96.15,96.15,96.23,95.98,95.98,97.07,96.23,96.23,96.31,95.90,95.90,95.90,95.98,95.98,96.98,96.19,96.15,96.15,96.15,96.31,96.23,96.23,96.23,96.82,96.65,96.57,96.98,96.98,96.98,96.98,96.98,96.90,98.99,99.25,99.16,99.25,99.16,99.33,99.33,99.33,99.41,99.25,99.33,99.33,99.33,99.33,99.41,99.41,99.33,99.41,99.25,99.16,99.16,99.08,99.33,99.25,99.33,99.66,99.66,99.83,99.75,99.75,99.83,99.83,99.92,100.00,,100.00,100.00,100.00,100.00,100.00,100.00,99.65,99.65,99.74,99.74,97.57,98.49,98.49,98.66,98.58,98.58,98.66,98.74,98.91,98.83,98.62,98.99,98.74,98.91,98.83,98.83,97.91,97.99,97.82,97.99,97.82,97.91,97.91,97.99,98.07,98.24,98.58,98.49,98.66,98.32,98.32,98.32,98.74,98.83,98.83,98.41,98.74,98.74,98.66,98.83,98.74
B-KU059781,97.32,96.57,96.57,96.57,96.48,96.48,96.40,96.40,96.57,96.31,96.40,96.40,96.40,96.31,96.31,96.31,96.31,96.31,96.40,96.98,96.90,96.06,96.15,96.15,96.23,95.98,95.98,97.07,96.23,96.23,96.31,95.90,95.90,95.90,95.98,95.98,96.98,96.19,96.15,96.15,96.15,96.31,96.23,96.23,96.23,96.82,96.65,96.57,96.98,96.98,96.98,96.98,96.98,96.90,98.99,99.25,99.16,99.25,99.16,99.33,99.33,99.33,99.41,99.25,99.33,99.33,99.33,99.33,99.41,99.41,99.33,99.41,99.25,99.16,99.16,99.08,99.33,99.25,99.33,99.66,99.66,99.83,99.75,99.75,99.83,99.83,99.92,100.00,100.00,,100.00,100.00,100.00,100.00,100.00,99.65,99.65,99.74,99.74,97.57,98.49,98.49,98.66,98.58,98.58,98.66,98.74,98.91,98.83,98.62,98.99,98.74,98.91,98.83,98.83,97.91,97.99,97.82,97.99,97.82,97.91,97.91,97.99,98.07,98.24,98.58,98.49,98.66,98.32,98.32,98.32,98.74,98.83,98.83,98.41,98.74,98.74,98.66,98.83,98.74
B-KU059770,97.32,96.57,96.57,96.57,96.48,96.48,96.40,96.40,96.57,96.31,96.40,96.40,96.40,96.31,96.31,96.31,96.31,96.31,96.40,96.98,96.90,96.06,96.15,96.15,96.23,95.98,95.98,97.07,96.23,96.23,96.31,95.90,95.90,95.90,95.98,95.98,96.98,96.19,96.15,96.15,96.15,96.31,96.23,96.23,96.23,96.82,96.65,96.57,96.98,96.98,96.98,96.98,96.98,96.90,98.99,99.25,99.16,99.25,99.16,99.33,99.33,99.33,99.41,99.25,99.33,99.33,99.33,99.33,99.41,99.41,99.33,99.41,99.25,99.16,99.16,99.08,99.33,99.25,99.33,99.66,99.66,99.83,99.75,99.75,99.83,99.83,99.92,100.00,100.00,100.00,,100.00,100.00,100.00,100.00,99.65,99.65,99.74,99.74,97.57,98.49,98.49,98.66,98.58,98.58,98.66,98.74,98.91,98.83,98.62,98.99,98.74,98.91,98.83,98.83,97.91,97.99,97.82,97.99,97.82,97.91,97.91,97.99,98.07,98.24,98.58,98.49,98.66,98.32,98.32,98.32,98.74,98.83,98.83,98.41,98.74,98.74,98.66,98.83,98.74
B-LC066643,97.32,96.57,96.57,96.57,96.48,96.48,96.40,96.40,96.57,96.31,96.40,96.40,96.40,96.31,96.31,96.31,96.31,96.31,96.40,96.98,96.90,96.06,96.15,96.15,96.23,95.98,95.98,97.07,96.23,96.23,96.31,95.90,95.90,95.90,95.98,95.98,96.98,96.19,96.15,96.15,96.15,96.31,96.23,96.23,96.23,96.82,96.65,96.57,96.98,96.98,96.98,96.98,96.98,96.90,98.99,99.25,99.16,99.25,99.16,99.33,99.33,99.33,99.41,99.25,99.33,99.33,99.33,99.33,99.41,99.41,99.33,99.41,99.25,99.16,99.16,99.08,99.33,99.25,99.33,99.66,99.66,99.83,99.75,99.75,99.83,99.83,99.92,100.00,100.00,100.00,100.00,,100.00,100.00,100.00,99.65,99.65,99.74,99.74,97.57,98.49,98.49,98.66,98.58,98.58,98.66,98.74,98.91,98.83,98.62,98.99,98.74,98.91,98.83,98.83,97.91,97.99,97.82,97.99,97.82,97.91,97.91,97.99,98.07,98.24,98.58,98.49,98.66,98.32,98.32,98.32,98.74,98.83,98.83,98.41,98.74,98.74,98.66,98.83,98.74
B-MG599534,97.32,96.57,96.57,96.57,96.48,96.48,96.40,96.40,96.57,96.31,96.40,96.40,96.40,96.31,96.31,96.31,96.31,96.31,96.40,96.98,96.90,96.06,96.15,96.15,96.23,95.98,95.98,97.07,96.23,96.23,96.31,95.90,95.90,95.90,95.98,95.98,96.98,96.19,96.15,96.15,96.15,96.31,96.23,96.23,96.23,96.82,96.65,96.57,96.98,96.98,96.98,96.98,96.98,96.90,98.99,99.25,99.16,99.25,99.16,99.33,99.33,99.33,99.41,99.25,99.33,99.33,99.33,99.33,99.41,99.41,99.33,99.41,99.25,99.16,99.16,99.08,99.33,99.25,99.33,99.66,99.66,99.83,99.75,99.75,99.83,99.83,99.92,100.00,100.00,100.00,100.00,100.00,,100.00,100.00,99.65,99.65,99.74,99.74,97.57,98.49,98.49,98.66,98.58,98.58,98.66,98.74,98.91,98.83,98.62,98.99,98.74,98.91,98.83,98.83,97.91,97.99,97.82,97.99,97.82,97.91,97.91,97.99,98.07,98.24,98.58,98.49,98.66,98.32,98.32,98.32,98.74,98.83,98.83,98.41,98.74,98.74,98.66,98.83,98.74
B-LC066665,97.32,96.57,96.57,96.57,96.48,96.48,96.40,96.40,96.57,96.31,96.40,96.40,96.40,96.31,96.31,96.31,96.31,96.31,96.40,96.98,96.90,96.06,96.15,96.15,96.23,95.98,95.98,97.07,96.23,96.23,96.31,95.90,95.90,95.90,95.98,95.98,96.98,96.19,96.15,96.15,96.15,96.31,96.23,96.23,96.23,96.82,96.65,96.57,96.98,96.98,96.98,96.98,96.98,96.90,98.99,99.25,99.16,99.25,99.16,99.33,99.33,99.33,99.41,99.25,99.33,99.33,99.33,99.33,99.41,99.41,99.33,99.41,99.25,99.16,99.16,99.08,99.33,99.25,99.33,99.66,99.66,99.83,99.75,99.75,99.83,99.83,99.92,100.00,100.00,100.00,100.00,100.00,100.00,,100.00,99.65,99.65,99.74,99.74,97.57,98.49,98.49,98.66,98.58,98.58,98.66,98.74,98.91,98.83,98.62,98.99,98.74,98.91,98.83,98.83,97.91,97.99,97.82,97.99,97.82,97.91,97.91,97.99,98.07,98.24,98.58,98.49,98.66,98.32,98.32,98.32,98.74,98.83,98.83,98.41,98.74,98.74,98.66,98.83,98.74
B-LC066654,97.32,96.57,96.57,96.57,96.48,96.48,96.40,96.40,96.57,96.31,96.40,96.40,96.40,96.31,96.31,96.31,96.31,96.31,96.40,96.98,96.90,96.06,96.15,96.15,96.23,95.98,95.98,97.07,96.23,96.23,96.31,95.90,95.90,95.90,95.98,95.98,96.98,96.19,96.15,96.15,96.15,96.31,96.23,96.23,96.23,96.82,96.65,96.57,96.98,96.98,96.98,96.98,96.98,96.90,98.99,99.25,99.16,99.25,99.16,99.33,99.33,99.33,99.41,99.25,99.33,99.33,99.33,99.33,99.41,99.41,99.33,99.41,99.25,99.16,99.16,99.08,99.33,99.25,99.33,99.66,99.66,99.83,99.75,99.75,99.83,99.83,99.92,100.00,100.00,100.00,100.00,100.00,100.00,100.00,,99.65,99.65,99.74,99.74,97.57,98.49,98.49,98.66,98.58,98.58,98.66,98.74,98.91,98.83,98.62,98.99,98.74,98.91,98.83,98.83,97.91,97.99,97.82,97.99,97.82,97.91,97.91,97.99,98.07,98.24,98.58,98.49,98.66,98.32,98.32,98.32,98.74,98.83,98.83,98.41,98.74,98.74,98.66,98.83,98.74
B-AB975603,96.97,96.19,96.36,96.19,96.58,96.54,96.45,96.45,96.62,96.36,96.45,96.45,96.45,96.36,96.36,96.36,96.36,96.36,96.45,96.62,96.54,95.84,95.97,95.93,96.02,95.84,95.84,96.80,96.02,96.02,96.10,95.84,95.67,95.67,95.76,95.76,96.62,96.02,95.93,95.93,95.93,96.10,96.02,96.02,96.02,96.62,96.45,96.36,96.80,96.80,96.80,96.80,96.80,96.71,98.87,99.13,98.96,99.05,98.96,99.13,99.13,99.13,99.22,99.05,99.13,99.13,99.13,99.13,99.22,99.22,99.13,99.22,99.05,98.96,98.96,98.87,99.13,99.05,99.13,99.31,99.31,99.57,99.74,99.74,99.83,99.83,99.57,99.65,99.65,99.65,99.65,99.65,99.65,99.65,99.65,,99.65,99.74,99.74,97.23,98.10,98.10,98.27,98.18,98.18,98.27,98.35,98.53,98.44,98.27,98.61,98.35,98.53,98.44,98.44,97.58,97.66,97.49,97.66,97.49,97.58,97.92,97.84,97.84,97.92,98.27,98.27,98.44,98.01,98.00,98.01,98.35,98.44,98.44,98.18,98.44,98.44,98.35,98.53,98.44
B-AB975604,97.14,96.19,96.19,96.19,96.41,96.36,96.28,96.28,96.45,96.19,96.28,96.28,96.28,96.19,96.19,96.19,96.19,96.19,96.28,96.62,96.71,95.67,95.80,95.76,95.84,95.67,95.67,96.80,95.84,95.84,95.93,95.84,95.67,95.67,95.76,95.76,96.62,95.84,95.76,95.76,95.76,95.93,95.84,95.84,95.84,96.45,96.28,96.19,96.62,96.62,96.62,96.62,96.62,96.54,98.70,98.96,98.79,98.87,98.79,98.96,98.96,98.96,99.05,98.87,98.96,98.96,98.96,98.96,99.05,99.05,98.96,99.05,98.87,98.79,98.79,98.70,98.96,98.87,98.96,99.31,99.31,99.57,99.74,99.74,99.83,99.83,99.57,99.65,99.65,99.65,99.65,99.65,99.65,99.65,99.65,99.65,,99.74,99.74,97.23,98.10,98.10,98.27,98.18,98.18,98.27,98.35,98.53,98.44,98.27,98.61,98.35,98.53,98.44,98.44,97.58,97.66,97.49,97.66,97.49,97.58,97.75,97.84,97.84,97.92,98.27,98.27,98.27,98.01,98.00,98.01,98.35,98.44,98.44,98.18,98.44,98.44,98.35,98.53,98.44
B-AB975573,97.06,96.28,96.28,96.28,96.67,96.62,96.54,96.54,96.71,96.45,96.54,96.54,96.54,96.45,96.45,96.45,96.45,96.45,96.54,96.71,96.62,95.93,96.06,96.02,96.10,95.93,95.93,96.88,96.10,96.10,96.19,95.93,95.76,95.76,95.84,95.84,96.71,95.93,96.02,96.02,96.02,96.19,96.10,96.10,96.10,96.71,96.54,96.45,96.88,96.88,96.88,96.88,96.88,96.80,98.79,99.05,98.87,98.96,98.87,99.05,99.05,99.05,99.13,98.96,99.05,99.05,99.05,99.05,99.13,99.13,99.05,99.13,98.96,98.87,98.87,98.79,99.05,98.96,99.05,99.39,99.39,99.65,99.83,99.83,99.91,99.91,99.65,99.74,99.74,99.74,99.74,99.74,99.74,99.74,99.74,99.74,99.74,,99.83,97.32,98.18,98.18,98.35,98.27,98.27,98.35,98.44,98.61,98.53,98.35,98.70,98.44,98.61,98.53,98.53,97.66,97.75,97.58,97.75,97.58,97.66,97.84,97.92,97.92,98.01,98.35,98.35,98.35,98.10,98.09,98.10,98.44,98.53,98.53,98.27,98.53,98.53,98.44,98.61,98.53
B-AB975575,97.06,96.28,96.28,96.28,96.67,96.62,96.54,96.54,96.71,96.45,96.54,96.54,96.54,96.45,96.45,96.45,96.45,96.45,96.54,96.71,96.62,95.93,96.06,96.02,96.10,95.93,95.93,96.88,96.10,96.10,96.19,95.93,95.76,95.76,95.84,95.84,96.88,96.10,96.02,96.02,96.02,96.19,96.10,96.10,96.10,96.71,96.54,96.45,96.88,96.88,96.88,96.88,96.88,96.80,98.79,99.05,98.87,98.96,98.87,99.05,99.05,99.05,99.13,98.96,99.05,99.05,99.05,99.05,99.13,99.13,99.05,99.13,98.96,98.87,98.87,98.79,99.05,98.96,99.05,99.39,99.39,99.65,99.83,99.83,99.91,99.91,99.65,99.74,99.74,99.74,99.74,99.74,99.74,99.74,99.74,99.74,99.74,99.83,,97.32,98.18,98.18,98.35,98.27,98.27,98.35,98.44,98.61,98.53,98.35,98.70,98.44,98.61,98.53,98.53,97.66,97.75,97.58,97.75,97.58,97.66,97.84,97.92,97.92,98.01,98.35,98.35,98.35,98.10,98.09,98.27,98.44,98.53,98.53,98.27,98.53,98.53,98.44,98.61,98.53
B-MH170024,96.98,96.40,96.40,96.40,96.23,96.31,96.23,96.06,96.40,96.15,96.23,96.23,96.23,95.98,95.98,96.15,96.15,96.15,96.06,96.57,96.48,95.90,95.98,95.98,96.06,95.90,95.90,96.73,95.90,95.90,95.98,95.56,95.56,95.56,95.64,95.64,96.65,95.85,95.81,95.81,95.81,95.98,95.90,95.90,95.90,96.31,96.15,96.23,96.65,96.65,96.65,96.65,96.65,96.40,97.07,97.49,97.24,97.32,97.24,97.24,97.24,97.40,97.49,97.32,97.40,97.40,97.40,97.40,97.49,97.49,97.40,97.49,97.32,97.24,97.24,97.15,97.40,97.40,97.49,97.40,97.40,97.40,97.32,97.32,97.40,97.40,97.65,97.57,97.57,97.57,97.57,97.57,97.57,97.57,97.57,97.23,97.23,97.32,97.32,,98.07,98.07,98.07,98.16,98.16,98.07,98.16,97.99,97.91,98.03,98.41,98.16,98.32,98.24,98.24,97.32,97.40,97.40,97.57,97.49,97.57,97.49,97.57,97.99,97.82,98.07,97.99,98.16,97.91,97.98,97.91,98.32,98.41,98.41,98.07,98.49,98.32,98.24,98.41,98.32
B-MT732502,97.32,96.90,96.73,96.73,96.48,96.65,96.57,96.40,96.73,96.48,96.57,96.57,96.57,96.31,96.31,96.48,96.48,96.48,96.40,96.98,96.90,96.06,96.15,96.15,96.23,95.90,95.90,97.07,96.23,96.23,96.31,96.06,96.06,96.06,96.15,96.15,96.98,96.69,96.31,96.31,96.31,96.48,96.40,96.40,96.40,96.65,96.48,96.57,96.98,96.98,96.98,96.98,96.98,96.73,97.82,98.24,97.99,98.07,97.99,98.16,98.16,98.16,98.24,98.07,98.16,98.16,98.16,98.16,98.24,98.24,98.16,98.24,98.07,98.16,98.16,98.07,98.16,98.07,98.16,98.32,98.32,98.32,98.24,98.24,98.32,98.32,98.58,98.49,98.49,98.49,98.49,98.49,98.49,98.49,98.49,98.10,98.10,98.18,98.18,98.07,,99.66,99.66,99.75,99.75,99.66,99.75,99.08,98.99,99.12,99.50,99.25,99.25,99.33,99.33,98.07,98.16,97.99,97.99,97.82,97.91,98.07,98.16,98.07,98.24,98.58,98.49,98.49,98.49,98.32,98.32,98.74,98.83,98.83,98.41,98.74,98.74,98.66,98.83,98.74
B-MT723921,97.32,96.90,96.73,96.73,96.48,96.65,96.57,96.40,96.73,96.48,96.57,96.57,96.57,96.31,96.31,96.48,96.48,96.48,96.40,96.98,96.90,96.06,96.15,96.15,96.23,95.90,95.90,97.07,96.23,96.23,96.31,96.06,96.06,96.06,96.15,96.15,96.98,96.69,96.31,96.31,96.31,96.48,96.40,96.40,96.40,96.65,96.48,96.57,96.98,96.98,96.98,96.98,96.98,96.73,97.99,98.41,98.16,98.24,98.16,98.32,98.32,98.16,98.41,98.24,98.32,98.32,98.32,98.32,98.41,98.41,98.32,98.41,98.24,98.32,98.32,98.24,98.32,98.24,98.32,98.32,98.32,98.32,98.24,98.24,98.32,98.32,98.58,98.49,98.49,98.49,98.49,98.49,98.49,98.49,98.49,98.10,98.10,98.18,98.18,98.07,99.66,,99.66,99.75,99.75,99.66,99.75,98.91,98.83,99.12,99.50,99.25,99.25,99.33,99.33,98.07,98.16,97.99,97.99,97.82,97.91,98.07,98.16,98.07,98.24,98.58,98.49,98.49,98.32,98.32,98.32,98.74,98.83,98.83,98.41,98.74,98.74,98.66,98.83,98.74
B-LC169944,97.49,97.07,96.90,96.90,96.65,96.82,96.73,96.57,96.90,96.65,96.73,96.73,96.73,96.48,96.48,96.65,96.65,96.65,96.57,97.15,97.07,96.23,96.31,96.31,96.40,96.06,96.06,97.24,96.40,96.40,96.48,96.23,96.23,96.23,96.31,96.31,97.15,96.86,96.48,96.48,96.48,96.65,96.57,96.57,96.57,96.82,96.65,96.73,97.15,97.15,97.15,97.15,97.15,96.90,97.99,98.41,98.16,98.24,98.16,98.32,98.32,98.32,98.41,98.24,98.32,98.32,98.32,98.32,98.41,98.41,98.32,98.41,98.24,98.32,98.32,98.24,98.32,98.24,98.32,98.49,98.49,98.49,98.41,98.41,98.49,98.49,98.74,98.66,98.66,98.66,98.66,98.66,98.66,98.66,98.66,98.27,98.27,98.35,98.35,98.07,99.66,99.66,,99.75,99.75,99.83,99.92,99.08,98.99,99.29,99.66,99.41,99.41,99.50,99.50,98.24,98.32,98.16,98.16,97.99,98.07,98.24,98.32,98.24,98.41,98.74,98.66,98.66,98.49,98.49,98.49,98.91,98.99,98.99,98.58,98.91,98.91,98.83,98.99,98.91
B-MT410499,97.40,96.98,96.82,96.82,96.57,96.73,96.65,96.48,96.82,96.57,96.65,96.65,96.65,96.40,96.40,96.57,96.57,96.57,96.48,97.07,96.98,96.15,96.23,96.23,96.31,95.98,95.98,97.15,96.31,96.31,96.40,96.15,96.15,96.15,96.23,96.23,97.07,96.78,96.40,96.40,96.40,96.57,96.48,96.48,96.48,96.73,96.57,96.65,97.07,97.07,97.07,97.07,97.07,96.82,97.91,98.32,98.07,98.16,98.07,98.24,98.24,98.24,98.32,98.16,98.24,98.24,98.24,98.24,98.32,98.32,98.24,98.32,98.16,98.24,98.24,98.16,98.24,98.16,98.24,98.41,98.41,98.41,98.32,98.32,98.41,98.41,98.66,98.58,98.58,98.58,98.58,98.58,98.58,98.58,98.58,98.18,98.18,98.27,98.27,98.16,99.75,99.75,99.75,,99.83,99.75,99.83,98.99,98.91,99.20,99.58,99.33,99.33,99.41,99.41,98.16,98.24,98.07,98.07,97.91,97.99,98.16,98.24,98.16,98.32,98.66,98.58,98.58,98.41,98.40,98.41,98.83,98.91,98.91,98.49,98.83,98.83,98.74,98.91,98.83
B-LC386069,97.40,96.98,96.82,96.82,96.57,96.73,96.65,96.48,96.82,96.57,96.65,96.65,96.65,96.40,96.40,96.57,96.57,96.57,96.48,97.07,96.98,96.15,96.23,96.23,96.31,95.98,95.98,97.15,96.48,96.48,96.57,96.31,96.31,96.31,96.40,96.40,97.07,96.78,96.40,96.40,96.40,96.57,96.48,96.48,96.48,96.73,96.57,96.65,97.07,97.07,97.07,97.07,97.07,96.82,97.91,98.32,98.07,98.16,98.07,98.24,98.24,98.24,98.32,98.16,98.24,98.24,98.24,98.24,98.32,98.32,98.24,98.32,98.16,98.24,98.24,98.16,98.24,98.16,98.24,98.41,98.41,98.41,98.32,98.32,98.41,98.41,98.66,98.58,98.58,98.58,98.58,98.58,98.58,98.58,98.58,98.18,98.18,98.27,98.27,98.16,99.75,99.75,99.75,99.83,,99.75,99.83,98.99,98.91,99.20,99.58,99.33,99.33,99.41,99.41,98.16,98.24,98.07,98.07,97.91,97.99,98.16,98.24,98.24,98.32,98.66,98.58,98.58,98.41,98.40,98.41,98.83,98.91,98.91,98.49,98.83,98.83,98.74,98.91,98.83
B-LC169966,97.49,97.07,96.90,96.90,96.65,96.82,96.73,96.57,96.90,96.65,96.73,96.73,96.73,96.48,96.48,96.65,96.65,96.65,96.57,97.15,97.07,96.23,96.31,96.31,96.40,96.06,96.06,97.24,96.40,96.40,96.48,96.23,96.23,96.23,96.31,96.31,97.15,96.86,96.48,96.48,96.48,96.65,96.57,96.57,96.57,96.82,96.65,96.73,97.15,97.15,97.15,97.15,97.15,96.90,97.99,98.41,98.16,98.24,98.16,98.32,98.32,98.32,98.41,98.24,98.32,98.32,98.32,98.32,98.41,98.41,98.32,98.41,98.24,98.32,98.32,98.24,98.32,98.24,98.32,98.49,98.49,98.49,98.41,98.41,98.49,98.49,98.74,98.66,98.66,98.66,98.66,98.66,98.66,98.66,98.66,98.27,98.27,98.35,98.35,98.07,99.66,99.66,99.83,99.75,99.75,,99.92,99.08,98.99,99.29,99.66,99.41,99.41,99.50,99.50,98.24,98.32,98.16,98.16,97.99,98.07,98.24,98.32,98.24,98.41,98.74,98.66,98.66,98.49,98.49,98.49,98.91,98.99,98.99,98.58,98.91,98.91,98.83,98.99,98.91
B-LC169955,97.57,97.15,96.98,96.98,96.73,96.90,96.82,96.65,96.98,96.73,96.82,96.82,96.82,96.57,96.57,96.73,96.73,96.73,96.65,97.24,97.15,96.31,96.40,96.40,96.48,96.15,96.15,97.32,96.48,96.48,96.57,96.31,96.31,96.31,96.40,96.40,97.24,96.94,96.57,96.57,96.57,96.73,96.65,96.65,96.65,96.90,96.73,96.82,97.24,97.24,97.24,97.24,97.24,96.98,98.07,98.49,98.24,98.32,98.24,98.41,98.41,98.41,98.49,98.32,98.41,98.41,98.41,98.41,98.49,98.49,98.41,98.49,98.32,98.41,98.41,98.32,98.41,98.32,98.41,98.58,98.58,98.58,98.49,98.49,98.58,98.58,98.83,98.74,98.74,98.74,98.74,98.74,98.74,98.74,98.74,98.35,98.35,98.44,98.44,98.16,99.75,99.75,99.92,99.83,99.83,99.92,,99.16,99.08,99.37,99.75,99.50,99.50,99.58,99.58,98.32,98.41,98.24,98.24,98.07,98.16,98.32,98.41,98.32,98.49,98.83,98.74,98.74,98.58,98.57,98.58,98.99,99.08,99.08,98.66,98.99,98.99,98.91,99.08,98.99
B-KC443459,97.74,96.98,97.15,96.98,96.90,96.90,96.82,96.65,96.98,96.73,96.82,96.82,96.82,96.57,96.57,96.73,96.73,96.73,96.65,97.40,97.32,96.48,96.57,96.57,96.65,96.31,96.31,97.49,96.65,96.65,96.73,96.31,96.31,96.31,96.40,96.40,97.40,96.78,96.57,96.57,96.57,96.73,96.65,96.65,96.65,97.07,96.90,96.98,97.40,97.40,97.40,97.40,97.40,97.15,98.24,98.66,98.41,98.49,98.49,98.58,98.58,98.58,98.66,98.49,98.58,98.58,98.58,98.58,98.66,98.66,98.58,98.66,98.49,98.41,98.41,98.32,98.58,98.49,98.58,98.74,98.74,98.74,98.66,98.66,98.74,98.74,98.99,98.91,98.91,98.91,98.91,98.91,98.91,98.91,98.91,98.53,98.53,98.61,98.61,97.99,99.08,98.91,99.08,98.99,98.99,99.08,99.16,,99.92,99.04,99.41,99.16,99.33,99.25,99.25,98.49,98.58,98.41,98.74,98.24,98.32,98.49,98.58,98.49,98.83,98.99,98.91,98.91,98.91,98.91,98.74,99.16,99.25,99.25,98.83,99.16,99.16,99.08,99.25,99.16
B-KC443204,97.65,96.90,97.07,96.90,96.82,96.82,96.73,96.57,96.90,96.65,96.73,96.73,96.73,96.48,96.48,96.65,96.65,96.65,96.57,97.32,97.24,96.40,96.48,96.48,96.57,96.23,96.23,97.40,96.57,96.57,96.65,96.23,96.23,96.23,96.31,96.31,97.32,96.69,96.48,96.48,96.48,96.65,96.57,96.57,96.57,96.98,96.82,96.90,97.32,97.32,97.32,97.32,97.32,97.07,98.16,98.58,98.32,98.41,98.41,98.49,98.49,98.49,98.58,98.41,98.49,98.49,98.49,98.49,98.58,98.58,98.49,98.58,98.41,98.32,98.32,98.24,98.49,98.41,98.49,98.66,98.66,98.66,98.58,98.58,98.66,98.66,98.91,98.83,98.83,98.83,98.83,98.83,98.83,98.83,98.83,98.44,98.44,98.53,98.53,97.91,98.99,98.83,98.99,98.91,98.91,98.99,99.08,99.92,,98.95,99.33,99.08,99.25,99.16,99.16,98.41,98.49,98.32,98.66,98.16,98.24,98.41,98.49,98.41,98.74,98.91,98.83,98.83,98.83,98.82,98.66,99.08,99.16,99.16,98.74,99.08,99.08,98.99,99.16,99.08
B-PX211600,97.53,96.78,96.78,96.78,96.69,96.86,96.78,96.61,96.94,96.69,96.78,96.78,96.78,96.57,96.52,96.69,96.69,96.69,96.61,97.19,97.11,96.27,96.40,96.36,96.44,96.11,96.11,97.28,96.44,96.44,96.52,96.11,96.11,96.11,96.19,96.19,97.19,96.44,96.36,96.36,96.36,96.52,96.44,96.44,96.44,96.86,96.86,96.94,97.19,97.19,97.19,97.19,97.19,96.94,97.95,98.37,98.16,98.37,98.12,98.28,98.28,98.28,98.37,98.20,98.28,98.28,98.28,98.28,98.37,98.37,98.28,98.37,98.20,98.28,98.28,98.20,98.28,98.20,98.28,98.45,98.45,98.45,98.37,98.53,98.45,98.45,98.70,98.62,98.62,98.62,98.62,98.62,98.62,98.62,98.62,98.27,98.27,98.35,98.35,98.03,99.12,99.12,99.29,99.20,99.20,99.29,99.37,99.04,98.95,,99.62,99.71,99.71,99.79,99.79,98.03,98.12,97.95,98.12,97.95,98.03,98.03,98.12,98.20,98.37,98.70,98.62,98.62,98.45,98.45,98.45,98.87,98.95,98.95,98.53,98.87,98.87,98.79,98.95,98.87
B-KJ919794,97.82,97.07,97.07,97.07,96.98,97.15,97.07,96.90,97.24,96.98,97.07,97.07,97.07,96.82,96.82,96.98,96.98,96.98,96.90,97.49,97.40,96.57,96.65,96.65,96.73,96.40,96.40,97.57,96.73,96.73,96.82,96.40,96.40,96.40,96.48,96.48,97.49,96.69,96.65,96.65,96.65,96.82,96.73,96.73,96.73,97.15,96.98,97.07,97.49,97.49,97.49,97.49,97.49,97.24,98.32,98.74,98.49,98.58,98.49,98.66,98.66,98.66,98.74,98.58,98.66,98.66,98.66,98.66,98.74,98.74,98.66,98.74,98.58,98.49,98.49,98.41,98.66,98.58,98.66,98.83,98.83,98.83,98.74,98.74,98.83,98.83,99.08,98.99,98.99,98.99,98.99,98.99,98.99,98.99,98.99,98.61,98.61,98.70,98.70,98.41,99.50,99.50,99.66,99.58,99.58,99.66,99.75,99.41,99.33,99.62,,99.75,99.75,99.83,99.83,98.41,98.49,98.32,98.49,98.32,98.41,98.41,98.49,98.58,98.74,99.08,98.99,98.99,98.83,98.82,98.83,99.25,99.33,99.33,98.91,99.25,99.25,99.16,99.33,99.25
B-LC086806,97.57,96.82,96.82,96.82,96.73,96.90,96.82,96.65,96.98,96.73,96.82,96.82,96.82,96.57,96.57,96.73,96.73,96.73,96.65,97.24,97.15,96.31,96.40,96.40,96.48,96.31,96.31,97.32,96.48,96.48,96.57,96.15,96.15,96.15,96.23,96.23,97.24,96.44,96.40,96.40,96.40,96.57,96.48,96.48,96.48,96.90,96.90,96.98,97.24,97.24,97.24,97.24,97.24,96.98,98.07,98.49,98.24,98.49,98.24,98.41,98.41,98.41,98.49,98.32,98.41,98.41,98.41,98.41,98.49,98.49,98.41,98.49,98.32,98.41,98.41,98.32,98.41,98.32,98.41,98.58,98.58,98.58,98.49,98.66,98.58,98.58,98.83,98.74,98.74,98.74,98.74,98.74,98.74,98.74,98.74,98.35,98.35,98.44,98.44,98.16,99.25,99.25,99.41,99.33,99.33,99.41,99.50,99.16,99.08,99.71,99.75,,99.83,99.92,99.92,98.16,98.24,98.07,98.24,98.07,98.16,98.16,98.24,98.32,98.49,98.83,98.74,98.74,98.58,98.57,98.58,98.99,99.08,99.08,98.66,98.99,98.99,98.91,99.08,98.99
B-LC086784,97.74,96.98,96.98,96.98,96.90,97.07,96.98,96.82,97.15,96.90,96.98,96.98,96.98,96.73,96.73,96.90,96.90,96.90,96.82,97.40,97.32,96.48,96.57,96.57,96.65,96.31,96.31,97.49,96.65,96.65,96.73,96.31,96.31,96.31,96.40,96.40,97.40,96.61,96.57,96.57,96.57,96.73,96.65,96.65,96.65,97.07,97.07,97.15,97.40,97.40,97.40,97.40,97.40,97.15,98.24,98.66,98.41,98.66,98.41,98.58,98.58,98.58,98.66,98.49,98.58,98.58,98.58,98.58,98.66,98.66,98.58,98.66,98.49,98.58,98.58,98.49,98.58,98.49,98.58,98.74,98.74,98.74,98.66,98.83,98.74,98.74,98.99,98.91,98.91,98.91,98.91,98.91,98.91,98.91,98.91,98.53,98.53,98.61,98.61,98.32,99.25,99.25,99.41,99.33,99.33,99.41,99.50,99.33,99.25,99.71,99.75,99.83,,99.92,99.92,98.32,98.41,98.24,98.41,98.24,98.32,98.32,98.41,98.49,98.66,98.99,98.91,98.91,98.74,98.74,98.74,99.16,99.25,99.25,98.83,99.16,99.16,99.08,99.25,99.16
B-LC086795,97.65,96.90,96.90,96.90,96.82,96.98,96.90,96.73,97.07,96.82,96.90,96.90,96.90,96.65,96.65,96.82,96.82,96.82,96.73,97.32,97.24,96.40,96.48,96.48,96.57,96.23,96.23,97.40,96.57,96.57,96.65,96.23,96.23,96.23,96.31,96.31,97.32,96.52,96.48,96.48,96.48,96.65,96.57,96.57,96.57,96.98,96.98,97.07,97.32,97.32,97.32,97.32,97.32,97.07,98.16,98.58,98.32,98.58,98.32,98.49,98.49,98.49,98.58,98.41,98.49,98.49,98.49,98.49,98.58,98.58,98.49,98.58,98.41,98.49,98.49,98.41,98.49,98.41,98.49,98.66,98.66,98.66,98.58,98.74,98.66,98.66,98.91,98.83,98.83,98.83,98.83,98.83,98.83,98.83,98.83,98.44,98.44,98.53,98.53,98.24,99.33,99.33,99.50,99.41,99.41,99.50,99.58,99.25,99.16,99.79,99.83,99.92,99.92,,100.00,98.24,98.32,98.16,98.32,98.16,98.24,98.24,98.32,98.41,98.58,98.91,98.83,98.83,98.66,98.66,98.66,99.08,99.16,99.16,98.74,99.08,99.08,98.99,99.16,99.08
B-LC086740,97.65,96.90,96.90,96.90,96.82,96.98,96.90,96.73,97.07,96.82,96.90,96.90,96.90,96.65,96.65,96.82,96.82,96.82,96.73,97.32,97.24,96.40,96.48,96.48,96.57,96.23,96.23,97.40,96.57,96.57,96.65,96.23,96.23,96.23,96.31,96.31,97.32,96.52,96.48,96.48,96.48,96.65,96.57,96.57,96.57,96.98,96.98,97.07,97.32,97.32,97.32,97.32,97.32,97.07,98.16,98.58,98.32,98.58,98.32,98.49,98.49,98.49,98.58,98.41,98.49,98.49,98.49,98.49,98.58,98.58,98.49,98.58,98.41,98.49,98.49,98.41,98.49,98.41,98.49,98.66,98.66,98.66,98.58,98.74,98.66,98.66,98.91,98.83,98.83,98.83,98.83,98.83,98.83,98.83,98.83,98.44,98.44,98.53,98.53,98.24,99.33,99.33,99.50,99.41,99.41,99.50,99.58,99.25,99.16,99.79,99.83,99.92,99.92,100.00,,98.24,98.32,98.16,98.32,98.16,98.24,98.24,98.32,98.41,98.58,98.91,98.83,98.83,98.66,98.66,98.66,99.08,99.16,99.16,98.74,99.08,99.08,98.99,99.16,99.08
B-PP861485,97.40,96.82,96.82,96.82,96.57,96.57,96.48,96.31,96.65,96.40,96.48,96.48,96.48,96.40,96.23,96.40,96.40,96.40,96.31,97.07,96.82,96.48,96.57,96.57,96.65,96.06,96.06,97.32,96.48,96.48,96.40,96.15,96.31,96.31,96.40,96.40,97.07,96.61,96.40,96.40,96.40,96.57,96.48,96.48,96.48,96.73,96.57,96.65,97.07,97.07,97.07,97.07,97.07,96.82,97.40,97.82,97.40,97.49,97.40,97.57,97.57,97.57,97.65,97.49,97.57,97.57,97.57,97.57,97.65,97.65,97.57,97.65,97.49,97.57,97.57,97.65,97.57,97.49,97.57,97.91,97.91,97.74,97.65,97.65,97.74,97.74,97.99,97.91,97.91,97.91,97.91,97.91,97.91,97.91,97.91,97.58,97.58,97.66,97.66,97.32,98.07,98.07,98.24,98.16,98.16,98.24,98.32,98.49,98.41,98.03,98.41,98.16,98.32,98.24,98.24,,99.92,99.58,99.58,98.41,98.49,98.66,98.74,98.49,98.66,98.49,98.41,98.24,98.58,98.66,98.58,98.49,98.58,98.58,98.49,98.83,98.83,98.74,98.91,98.83
B-OP850494,97.49,96.90,96.90,96.90,96.65,96.65,96.57,96.40,96.73,96.48,96.57,96.57,96.57,96.48,96.31,96.48,96.48,96.48,96.40,97.15,96.90,96.57,96.65,96.65,96.73,96.15,96.15,97.40,96.57,96.57,96.48,96.23,96.40,96.40,96.48,96.48,97.15,96.69,96.48,96.48,96.48,96.65,96.57,96.57,96.57,96.82,96.65,96.73,97.15,97.15,97.15,97.15,97.15,96.90,97.49,97.91,97.49,97.57,97.49,97.65,97.65,97.65,97.74,97.57,97.65,97.65,97.65,97.65,97.74,97.74,97.65,97.74,97.57,97.65,97.65,97.74,97.65,97.57,97.65,97.99,97.99,97.82,97.74,97.74,97.82,97.82,98.07,97.99,97.99,97.99,97.99,97.99,97.99,97.99,97.99,97.66,97.66,97.75,97.75,97.40,98.16,98.16,98.32,98.24,98.24,98.32,98.41,98.58,98.49,98.12,98.49,98.24,98.41,98.32,98.32,99.92,,99.66,99.66,98.32,98.41,98.74,98.83,98.58,98.74,98.58,98.49,98.32,98.66,98.74,98.66,98.58,98.66,98.66,98.58,98.91,98.91,98.83,98.99,98.91
B-PP861495,97.49,96.98,96.98,96.98,96.65,96.65,96.57,96.40,96.73,96.48,96.57,96.57,96.57,96.48,96.31,96.48,96.48,96.48,96.40,97.15,96.90,96.65,96.65,96.65,96.73,96.15,96.15,97.40,96.57,96.57,96.48,96.23,96.40,96.40,96.48,96.48,97.15,96.69,96.48,96.48,96.48,96.65,96.57,96.57,96.57,96.82,96.65,96.73,97.15,97.15,97.15,97.15,97.15,96.90,97.32,97.74,97.32,97.40,97.32,97.49,97.49,97.49,97.57,97.40,97.49,97.49,97.49,97.49,97.57,97.57,97.49,97.57,97.40,97.49,97.49,97.57,97.49,97.40,97.49,97.65,97.65,97.65,97.57,97.57,97.65,97.65,97.91,97.82,97.82,97.82,97.82,97.82,97.82,97.82,97.82,97.49,97.49,97.58,97.58,97.40,97.99,97.99,98.16,98.07,98.07,98.16,98.24,98.41,98.32,97.95,98.32,98.07,98.24,98.16,98.16,99.58,99.66,,99.66,98.32,98.41,98.74,98.83,98.58,98.74,98.41,98.32,98.32,98.66,98.74,98.66,98.58,98.66,98.66,98.58,98.91,98.91,98.83,98.99,98.91
B-MN478949,97.65,96.90,97.07,96.90,96.82,96.82,96.73,96.57,96.90,96.65,96.73,96.73,96.73,96.65,96.48,96.65,96.65,96.65,96.57,97.32,97.07,96.73,96.82,96.82,96.90,96.31,96.31,97.57,96.73,96.73,96.65,96.23,96.40,96.40,96.48,96.48,97.32,96.86,96.65,96.65,96.65,96.82,96.73,96.73,96.73,96.98,96.82,96.90,97.32,97.32,97.32,97.32,97.32,97.07,97.49,97.91,97.49,97.57,97.57,97.65,97.65,97.65,97.74,97.57,97.65,97.65,97.65,97.65,97.74,97.74,97.65,97.74,97.57,97.49,97.49,97.57,97.65,97.57,97.65,97.82,97.82,97.82,97.74,97.74,97.82,97.82,98.07,97.99,97.99,97.99,97.99,97.99,97.99,97.99,97.99,97.66,97.66,97.75,97.75,97.57,97.99,97.99,98.16,98.07,98.07,98.16,98.24,98.74,98.66,98.12,98.49,98.24,98.41,98.32,98.32,99.58,99.66,99.66,,98.49,98.58,98.74,98.83,98.74,98.91,98.58,98.49,98.49,98.83,98.91,98.83,98.74,98.83,98.83,98.74,99.08,99.08,98.99,99.16,99.08
B-KF716345,97.82,97.07,97.07,97.07,96.98,96.98,96.90,96.73,97.07,96.82,96.90,96.90,96.90,96.65,96.82,96.98,96.98,96.98,96.90,97.65,97.40,96.73,96.82,96.82,96.90,96.31,96.31,97.57,96.73,96.73,96.98,96.40,96.57,96.57,96.65,96.65,97.65,96.86,96.98,96.98,96.98,97.15,97.07,97.07,97.07,97.32,97.15,97.07,97.49,97.49,97.49,97.49,97.49,97.24,97.32,97.74,97.32,97.40,97.32,97.49,97.49,97.49,97.57,97.40,97.49,97.49,97.49,97.49,97.57,97.57,97.49,97.57,97.40,97.32,97.32,97.24,97.49,97.40,97.49,97.65,97.65,97.65,97.57,97.57,97.65,97.65,97.91,97.82,97.82,97.82,97.82,97.82,97.82,97.82,97.82,97.49,97.49,97.58,97.58,97.49,97.82,97.82,97.99,97.91,97.91,97.99,98.07,98.24,98.16,97.95,98.32,98.07,98.24,98.16,98.16,98.41,98.32,98.32,98.49,,99.92,98.24,98.32,98.24,98.58,98.58,98.49,98.49,98.66,98.91,98.49,98.58,98.66,98.66,98.74,98.99,98.91,98.83,98.99,98.91
B-KF716344,97.91,97.15,97.15,97.15,97.07,97.07,96.98,96.82,97.15,96.90,96.98,96.98,96.98,96.73,96.90,97.07,97.07,97.07,96.98,97.74,97.49,96.82,96.90,96.90,96.98,96.40,96.40,97.65,96.82,96.82,96.90,96.48,96.65,96.65,96.73,96.73,97.57,96.94,96.90,96.90,96.90,97.07,96.98,96.98,96.98,97.40,97.24,97.15,97.57,97.57,97.57,97.57,97.57,97.32,97.40,97.82,97.40,97.49,97.40,97.57,97.57,97.57,97.65,97.49,97.57,97.57,97.57,97.57,97.65,97.65,97.57,97.65,97.49,97.40,97.40,97.32,97.57,97.49,97.57,97.74,97.74,97.74,97.65,97.65,97.74,97.74,97.99,97.91,97.91,97.91,97.91,97.91,97.91,97.91,97.91,97.58,97.58,97.66,97.66,97.57,97.91,97.91,98.07,97.99,97.99,98.07,98.16,98.32,98.24,98.03,98.41,98.16,98.32,98.24,98.24,98.49,98.41,98.41,98.58,99.92,,98.32,98.41,98.32,98.66,98.66,98.58,98.58,98.74,98.99,98.58,98.66,98.74,98.74,98.83,99.08,98.99,98.91,99.08,98.99
B-MG670615,97.57,97.15,97.15,97.32,96.90,96.90,96.82,96.65,96.98,96.73,96.82,96.82,96.82,96.65,96.65,96.82,96.82,96.82,96.73,97.07,96.98,96.31,96.57,96.57,96.65,96.06,96.06,97.32,96.48,96.48,96.57,96.31,96.48,96.48,96.57,96.57,97.24,96.61,96.40,96.40,96.40,96.57,96.48,96.48,96.48,96.90,96.73,96.82,97.24,97.24,97.24,97.24,97.24,96.98,97.57,97.99,97.57,97.65,97.57,97.74,97.74,97.74,97.82,97.65,97.74,97.74,97.74,97.74,97.82,97.82,97.74,97.82,97.65,97.74,97.74,97.65,97.74,97.65,97.74,97.74,97.74,97.74,97.82,97.82,97.91,97.91,97.99,97.91,97.91,97.91,97.91,97.91,97.91,97.91,97.91,97.92,97.75,97.84,97.84,97.49,98.07,98.07,98.24,98.16,98.16,98.24,98.32,98.49,98.41,98.03,98.41,98.16,98.32,98.24,98.24,98.66,98.74,98.74,98.74,98.24,98.32,,99.92,98.32,99.16,98.49,98.41,98.41,98.58,98.82,98.58,98.66,98.74,98.74,98.66,98.99,98.99,98.91,99.08,98.99
B-MG670612,97.65,97.24,97.24,97.40,96.98,96.98,96.90,96.73,97.07,96.82,96.90,96.90,96.90,96.73,96.73,96.90,96.90,96.90,96.82,97.15,97.07,96.40,96.65,96.65,96.73,96.15,96.15,97.40,96.57,96.57,96.65,96.40,96.57,96.57,96.65,96.65,97.32,96.69,96.48,96.48,96.48,96.65,96.57,96.57,96.57,96.98,96.82,96.90,97.32,97.32,97.32,97.32,97.32,97.07,97.49,97.91,97.49,97.57,97.49,97.65,97.65,97.65,97.74,97.57,97.65,97.65,97.65,97.65,97.74,97.74,97.65,97.74,97.57,97.65,97.65,97.57,97.65,97.57,97.65,97.82,97.82,97.82,97.91,97.91,97.99,97.99,98.07,97.99,97.99,97.99,97.99,97.99,97.99,97.99,97.99,97.84,97.84,97.92,97.92,97.57,98.16,98.16,98.32,98.24,98.24,98.32,98.41,98.58,98.49,98.12,98.49,98.24,98.41,98.32,98.32,98.74,98.83,98.83,98.83,98.32,98.41,99.92,,98.41,99.25,98.58,98.49,98.49,98.66,98.91,98.66,98.74,98.83,98.83,98.74,99.08,99.08,98.99,99.16,99.08
B-LC105579,97.74,97.15,97.15,97.15,96.98,96.90,96.98,96.65,96.98,96.73,96.82,96.82,96.82,96.57,96.57,96.73,96.73,96.73,96.65,97.24,97.15,96.65,96.57,96.57,96.65,96.23,96.23,97.65,96.73,96.73,96.82,96.40,96.40,96.40,96.48,96.48,97.40,96.61,96.57,96.57,96.57,96.73,96.65,96.65,96.65,97.07,96.90,96.98,97.40,97.40,97.40,97.40,97.40,97.15,97.57,97.99,97.57,97.65,97.57,97.74,97.74,97.74,97.82,97.65,97.74,97.74,97.74,97.74,97.82,97.82,97.74,97.82,97.82,97.57,97.57,97.49,97.74,97.65,97.74,97.91,97.91,97.91,97.99,97.82,97.91,97.91,98.16,98.07,98.07,98.07,98.07,98.07,98.07,98.07,98.07,97.84,97.84,97.92,97.92,97.99,98.07,98.07,98.24,98.16,98.24,98.24,98.32,98.49,98.41,98.20,98.58,98.32,98.49,98.41,98.41,98.49,98.58,98.58,98.74,98.24,98.32,98.32,98.41,,98.66,98.66,98.58,98.58,98.74,98.74,98.91,98.83,98.91,98.91,98.83,99.16,99.16,99.08,99.25,99.16
B-MG181660,98.07,97.49,97.49,97.49,97.24,97.24,97.15,96.98,97.32,97.07,97.15,97.15,97.15,96.90,96.90,97.07,97.07,97.07,96.98,97.57,97.49,96.82,96.90,96.90,96.98,96.57,96.57,97.82,96.98,96.98,97.07,96.65,96.82,96.82,96.90,96.90,97.74,96.94,96.90,96.90,96.90,97.07,96.98,96.98,96.98,97.40,97.24,97.32,97.74,97.74,97.74,97.74,97.74,97.49,97.74,98.16,97.74,97.82,97.91,98.07,98.07,98.07,97.99,97.99,98.07,98.07,98.07,98.07,97.99,97.99,97.91,97.99,97.82,97.74,97.74,97.65,97.91,97.82,97.91,98.07,98.07,98.07,97.99,97.99,98.07,98.07,98.32,98.24,98.24,98.24,98.24,98.24,98.24,98.24,98.24,97.92,97.92,98.01,98.01,97.82,98.24,98.24,98.41,98.32,98.32,98.41,98.49,98.83,98.74,98.37,98.74,98.49,98.66,98.58,98.58,98.66,98.74,98.74,98.91,98.58,98.66,99.16,99.25,98.66,,98.83,98.74,98.74,98.91,99.33,98.91,98.99,99.08,99.08,98.99,99.33,99.33,99.25,99.41,99.33
B-KU356578,98.07,97.32,97.32,97.32,97.24,97.24,97.15,96.98,97.32,97.07,97.15,97.15,97.15,96.90,96.90,97.07,97.07,97.07,96.98,97.57,97.49,96.98,96.90,96.90,96.98,96.57,96.57,97.82,96.98,96.98,97.07,96.65,96.65,96.65,96.73,96.73,97.74,96.94,96.90,96.90,96.90,97.07,96.98,96.98,96.98,97.40,97.24,97.49,97.74,97.74,97.74,97.74,97.74,97.65,98.07,98.49,98.07,98.16,98.07,98.24,98.24,98.24,98.32,98.16,98.24,98.24,98.24,98.24,98.32,98.32,98.24,98.32,98.16,98.07,98.07,97.99,98.24,98.16,98.24,98.41,98.41,98.41,98.32,98.32,98.41,98.41,98.66,98.58,98.58,98.58,98.58,98.58,98.58,98.58,98.58,98.27,98.27,98.35,98.35,98.07,98.58,98.58,98.74,98.66,98.66,98.74,98.83,98.99,98.91,98.70,99.08,98.83,98.99,98.91,98.91,98.49,98.58,98.41,98.58,98.58,98.66,98.49,98.58,98.66,98.83,,99.92,98.91,99.08,99.08,98.91,98.99,99.08,99.08,99.16,99.41,99.33,99.25,99.41,99.33
B-HQ641358,97.99,97.24,97.24,97.24,97.15,97.15,97.07,96.90,97.24,96.98,97.07,97.07,97.07,96.82,96.82,96.98,96.98,96.98,96.90,97.49,97.40,96.90,96.82,96.82,96.90,96.48,96.48,97.74,96.90,96.90,96.98,96.57,96.57,96.57,96.65,96.65,97.65,96.86,96.82,96.82,96.82,96.98,96.90,96.90,96.90,97.32,97.15,97.40,97.65,97.65,97.65,97.65,97.65,97.57,97.99,98.41,97.99,98.07,97.99,98.16,98.16,98.16,98.24,98.07,98.16,98.16,98.16,98.16,98.24,98.24,98.16,98.24,98.07,97.99,97.99,97.91,98.16,98.07,98.16,98.32,98.32,98.32,98.24,98.24,98.32,98.32,98.58,98.49,98.49,98.49,98.49,98.49,98.49,98.49,98.49,98.27,98.27,98.35,98.35,97.99,98.49,98.49,98.66,98.58,98.58,98.66,98.74,98.91,98.83,98.62,98.99,98.74,98.91,98.83,98.83,98.41,98.49,98.32,98.49,98.49,98.58,98.41,98.49,98.58,98.74,99.92,,98.83,98.99,98.99,98.83,98.91,98.99,98.99,99.08,99.33,99.25,99.16,99.33,99.25
B-KC178807,97.99,97.24,97.40,97.24,97.32,97.32,97.24,97.07,97.40,97.15,97.24,97.24,97.24,96.98,97.15,97.15,97.15,97.15,97.24,97.57,97.49,96.90,96.98,96.98,97.07,96.73,96.73,97.74,97.07,97.07,97.15,96.73,96.73,96.73,96.82,96.82,97.82,97.03,96.98,96.98,96.98,97.15,97.07,97.07,97.07,97.49,97.32,97.40,97.82,97.82,97.82,97.82,97.82,97.57,97.99,98.41,98.16,98.24,98.16,98.32,98.32,98.32,98.41,98.24,98.32,98.32,98.32,98.32,98.41,98.41,98.32,98.41,98.24,98.16,98.16,98.07,98.32,98.24,98.32,98.32,98.32,98.49,98.41,98.41,98.49,98.49,98.74,98.66,98.66,98.66,98.66,98.66,98.66,98.66,98.66,98.44,98.27,98.35,98.35,98.16,98.49,98.49,98.66,98.58,98.58,98.66,98.74,98.91,98.83,98.62,98.99,98.74,98.91,98.83,98.83,98.24,98.32,98.32,98.49,98.49,98.58,98.41,98.49,98.58,98.74,98.91,98.83,,98.83,98.99,98.83,99.25,99.33,99.33,99.08,99.33,99.25,99.16,99.33,99.25
B-KC442978,97.99,97.24,97.24,97.24,97.15,97.15,97.07,96.90,97.24,96.98,97.07,97.07,97.07,96.82,96.82,96.98,96.98,96.98,96.90,97.65,97.40,96.73,96.82,96.82,96.90,96.65,96.65,97.74,96.90,96.90,96.98,96.57,96.57,96.57,96.65,96.65,97.65,96.86,96.82,96.82,96.82,96.98,96.90,96.90,96.90,97.32,97.15,97.24,97.65,97.65,97.65,97.65,97.65,97.40,97.82,98.24,97.82,97.91,97.82,97.99,97.99,97.99,98.07,97.91,97.99,97.99,97.99,97.99,98.07,98.07,97.99,98.07,97.91,97.82,97.82,97.74,97.99,97.91,97.99,98.16,98.16,98.16,98.07,98.07,98.16,98.16,98.41,98.32,98.32,98.32,98.32,98.32,98.32,98.32,98.32,98.01,98.01,98.10,98.10,97.91,98.49,98.32,98.49,98.41,98.41,98.49,98.58,98.91,98.83,98.45,98.83,98.58,98.74,98.66,98.66,98.58,98.66,98.66,98.83,98.66,98.74,98.58,98.66,98.74,98.91,99.08,98.99,98.83,,98.99,98.99,99.08,99.16,99.16,99.08,99.41,99.41,99.33,99.50,99.41
A-KR705205,98.66,97.90,97.90,97.90,97.82,97.82,97.73,97.57,97.90,97.65,97.73,97.73,97.73,97.48,97.48,97.65,97.65,97.65,97.57,98.15,98.07,97.40,97.48,97.48,97.57,97.15,97.15,98.24,97.57,97.57,97.65,97.23,97.31,97.31,97.40,97.40,98.32,97.52,97.48,97.48,97.48,97.65,97.57,97.57,97.57,97.98,97.82,97.90,98.32,98.32,98.32,98.32,98.32,98.07,97.82,98.24,97.82,97.90,97.98,98.15,98.15,98.15,98.07,98.07,98.15,98.15,98.15,98.15,98.07,98.07,97.98,98.07,97.90,97.82,97.82,97.73,97.98,97.90,97.98,98.15,98.15,98.15,98.07,98.07,98.15,98.15,98.40,98.32,98.32,98.32,98.32,98.32,98.32,98.32,98.32,98.00,98.00,98.09,98.09,97.98,98.32,98.32,98.49,98.40,98.40,98.49,98.57,98.91,98.82,98.45,98.82,98.57,98.74,98.66,98.66,98.66,98.74,98.74,98.91,98.91,98.99,98.82,98.91,98.74,99.33,99.08,98.99,98.99,98.99,,98.99,99.08,99.16,99.16,99.24,99.50,99.41,99.33,99.50,99.41
B-KJ721700,97.99,97.24,97.24,97.24,97.32,97.32,97.24,97.07,97.40,97.15,97.24,97.24,97.24,96.98,96.98,97.15,97.15,97.15,97.07,97.49,97.40,97.07,96.98,96.98,97.07,96.65,96.65,98.07,97.24,97.24,97.32,96.90,96.90,96.90,96.98,96.98,97.82,97.03,96.98,96.98,96.98,97.15,97.07,97.07,97.07,97.49,97.32,97.40,97.82,97.82,97.82,97.82,97.82,97.57,97.82,98.24,97.82,97.91,97.99,97.99,97.99,97.99,98.07,97.91,97.99,97.99,97.99,97.99,98.07,98.07,97.99,98.07,97.91,97.82,97.82,97.74,97.99,97.91,97.99,98.16,98.16,98.16,98.07,98.07,98.16,98.16,98.41,98.32,98.32,98.32,98.32,98.32,98.32,98.32,98.32,98.01,98.01,98.10,98.27,97.91,98.32,98.32,98.49,98.41,98.41,98.49,98.58,98.74,98.66,98.45,98.83,98.58,98.74,98.66,98.66,98.58,98.66,98.66,98.83,98.49,98.58,98.58,98.66,98.91,98.91,98.91,98.83,98.83,98.99,98.99,,99.25,99.16,99.16,99.08,99.41,99.41,99.33,99.50,99.41
B-KC443767,98.07,97.32,97.32,97.32,97.24,97.24,97.15,96.98,97.32,97.07,97.15,97.15,97.15,96.90,96.90,97.07,97.07,97.07,96.98,97.65,97.57,96.82,96.90,96.90,96.98,96.65,96.65,97.82,96.98,96.98,97.07,96.65,96.65,96.65,96.73,96.73,97.74,96.94,96.90,96.90,96.90,97.07,96.98,96.98,96.98,97.40,97.24,97.32,97.74,97.74,97.74,97.74,97.74,97.49,98.07,98.49,98.24,98.32,98.24,98.41,98.41,98.41,98.49,98.32,98.41,98.41,98.41,98.41,98.49,98.49,98.41,98.49,98.32,98.24,98.24,98.16,98.41,98.32,98.41,98.58,98.58,98.58,98.49,98.49,98.58,98.58,98.83,98.74,98.74,98.74,98.74,98.74,98.74,98.74,98.74,98.35,98.35,98.44,98.44,98.32,98.74,98.74,98.91,98.83,98.83,98.91,98.99,99.16,99.08,98.87,99.25,98.99,99.16,99.08,99.08,98.49,98.58,98.58,98.74,98.58,98.66,98.66,98.74,98.83,98.99,98.99,98.91,99.25,99.08,99.08,99.25,,99.92,99.92,99.16,99.50,99.50,99.41,99.58,99.50
B-KC443635,98.16,97.40,97.40,97.40,97.32,97.32,97.24,97.07,97.40,97.15,97.24,97.24,97.24,96.98,96.98,97.15,97.15,97.15,97.07,97.74,97.65,96.90,96.98,96.98,97.07,96.73,96.73,97.91,97.07,97.07,97.15,96.73,96.73,96.73,96.82,96.82,97.82,97.03,96.98,96.98,96.98,97.15,97.07,97.07,97.07,97.49,97.32,97.40,97.82,97.82,97.82,97.82,97.82,97.57,98.16,98.58,98.32,98.41,98.32,98.49,98.49,98.49,98.58,98.41,98.49,98.49,98.49,98.49,98.58,98.58,98.49,98.58,98.41,98.32,98.32,98.24,98.49,98.41,98.49,98.66,98.66,98.66,98.58,98.58,98.66,98.66,98.91,98.83,98.83,98.83,98.83,98.83,98.83,98.83,98.83,98.44,98.44,98.53,98.53,98.41,98.83,98.83,98.99,98.91,98.91,98.99,99.08,99.25,99.16,98.95,99.33,99.08,99.25,99.16,99.16,98.58,98.66,98.66,98.83,98.66,98.74,98.74,98.83,98.91,99.08,99.08,98.99,99.33,99.16,99.16,99.16,99.92,,100.00,99.25,99.58,99.58,99.50,99.66,99.58
B-KC443327,98.16,97.40,97.40,97.40,97.32,97.32,97.24,97.07,97.40,97.15,97.24,97.24,97.24,96.98,96.98,97.15,97.15,97.15,97.07,97.74,97.65,96.90,96.98,96.98,97.07,96.73,96.73,97.91,97.07,97.07,97.15,96.73,96.73,96.73,96.82,96.82,97.82,97.03,96.98,96.98,96.98,97.15,97.07,97.07,97.07,97.49,97.32,97.40,97.82,97.82,97.82,97.82,97.82,97.57,98.16,98.58,98.32,98.41,98.32,98.49,98.49,98.49,98.58,98.41,98.49,98.49,98.49,98.49,98.58,98.58,98.49,98.58,98.41,98.32,98.32,98.24,98.49,98.41,98.49,98.66,98.66,98.66,98.58,98.58,98.66,98.66,98.91,98.83,98.83,98.83,98.83,98.83,98.83,98.83,98.83,98.44,98.44,98.53,98.53,98.41,98.83,98.83,98.99,98.91,98.91,98.99,99.08,99.25,99.16,98.95,99.33,99.08,99.25,99.16,99.16,98.58,98.66,98.66,98.83,98.66,98.74,98.74,98.83,98.91,99.08,99.08,98.99,99.33,99.16,99.16,99.16,99.92,100.00,,99.25,99.58,99.58,99.50,99.66,99.58
B-KC443011,98.32,97.65,97.49,97.49,97.40,97.40,97.32,97.15,97.49,97.24,97.32,97.32,97.32,97.07,97.07,97.24,97.24,97.24,97.15,97.91,97.82,96.98,97.07,97.07,97.15,96.73,96.73,97.99,97.24,97.24,97.24,96.98,96.82,96.82,96.90,96.90,97.91,97.11,97.15,97.15,97.15,97.32,97.24,97.24,97.24,97.57,97.40,97.49,97.91,97.91,97.91,97.91,97.91,97.65,97.91,98.32,97.91,97.99,97.91,98.07,98.07,98.07,98.16,97.99,98.07,98.07,98.07,98.07,98.16,98.16,98.07,98.16,97.99,97.91,97.91,97.82,98.07,97.99,98.07,98.24,98.24,98.24,98.16,98.16,98.24,98.24,98.49,98.41,98.41,98.41,98.41,98.41,98.41,98.41,98.41,98.18,98.18,98.27,98.27,98.07,98.41,98.41,98.58,98.49,98.49,98.58,98.66,98.83,98.74,98.53,98.91,98.66,98.83,98.74,98.74,98.49,98.58,98.58,98.74,98.74,98.83,98.66,98.74,98.83,98.99,99.16,99.08,99.08,99.08,99.24,99.08,99.16,99.25,99.25,,99.58,99.50,99.41,99.58,99.50
B-KC178803,98.49,97.74,97.74,97.74,97.65,97.65,97.57,97.40,97.74,97.49,97.57,97.57,97.57,97.32,97.32,97.49,97.49,97.49,97.40,97.99,97.91,97.24,97.32,97.32,97.40,96.98,96.98,98.24,97.40,97.40,97.49,97.07,97.07,97.07,97.15,97.15,98.16,97.36,97.32,97.32,97.32,97.49,97.40,97.40,97.40,97.82,97.65,97.74,98.16,98.16,98.16,98.16,98.16,97.91,98.24,98.66,98.24,98.32,98.24,98.41,98.41,98.41,98.49,98.32,98.41,98.41,98.41,98.41,98.49,98.49,98.41,98.49,98.32,98.24,98.24,98.16,98.41,98.32,98.41,98.58,98.58,98.58,98.49,98.49,98.58,98.58,98.83,98.74,98.74,98.74,98.74,98.74,98.74,98.74,98.74,98.44,98.44,98.53,98.53,98.49,98.74,98.74,98.91,98.83,98.83,98.91,98.99,99.16,99.08,98.87,99.25,98.99,99.16,99.08,99.08,98.83,98.91,98.91,99.08,98.99,99.08,98.99,99.08,99.16,99.33,99.41,99.33,99.33,99.41,99.50,99.41,99.50,99.58,99.58,99.58,,99.83,99.75,99.92,99.83
B-KC442967,98.41,97.65,97.65,97.65,97.57,97.57,97.49,97.32,97.65,97.40,97.49,97.49,97.49,97.24,97.24,97.40,97.40,97.40,97.32,97.91,97.99,97.15,97.24,97.24,97.32,96.90,96.90,98.16,97.32,97.32,97.40,96.98,96.98,96.98,97.07,97.07,98.07,97.28,97.24,97.24,97.24,97.40,97.32,97.32,97.32,97.74,97.57,97.65,98.07,98.07,98.07,98.07,98.07,97.82,98.24,98.66,98.24,98.32,98.24,98.41,98.41,98.41,98.49,98.32,98.41,98.41,98.41,98.41,98.49,98.49,98.41,98.49,98.32,98.24,98.24,98.16,98.41,98.32,98.41,98.58,98.58,98.58,98.49,98.49,98.58,98.58,98.83,98.74,98.74,98.74,98.74,98.74,98.74,98.74,98.74,98.44,98.44,98.53,98.53,98.32,98.74,98.74,98.91,98.83,98.83,98.91,98.99,99.16,99.08,98.87,99.25,98.99,99.16,99.08,99.08,98.83,98.91,98.91,99.08,98.91,98.99,98.99,99.08,99.16,99.33,99.33,99.25,99.25,99.41,99.41,99.41,99.50,99.58,99.58,99.50,99.83,,99.75,99.92,99.83
B-KU248409,98.32,97.57,97.57,97.57,97.49,97.49,97.40,97.24,97.57,97.32,97.40,97.40,97.40,97.15,97.15,97.32,97.32,97.32,97.24,97.82,97.74,97.07,97.15,97.15,97.24,96.82,96.82,98.07,97.24,97.24,97.32,96.90,96.90,96.90,96.98,96.98,97.99,97.19,97.15,97.15,97.15,97.32,97.24,97.24,97.24,97.65,97.49,97.57,97.99,97.99,97.99,97.99,97.99,97.74,98.16,98.58,98.16,98.24,98.16,98.32,98.32,98.32,98.41,98.24,98.32,98.32,98.32,98.32,98.41,98.41,98.32,98.41,98.24,98.16,98.16,98.07,98.32,98.24,98.32,98.49,98.49,98.49,98.41,98.41,98.49,98.49,98.74,98.66,98.66,98.66,98.66,98.66,98.66,98.66,98.66,98.35,98.35,98.44,98.44,98.24,98.66,98.66,98.83,98.74,98.74,98.83,98.91,99.08,98.99,98.79,99.16,98.91,99.08,98.99,98.99,98.74,98.83,98.83,98.99,98.83,98.91,98.91,98.99,99.08,99.25,99.25,99.16,99.16,99.33,99.33,99.33,99.41,99.50,99.50,99.41,99.75,99.75,,99.83,99.92
B-KU199274,98.49,97.74,97.74,97.74,97.65,97.65,97.57,97.40,97.74,97.49,97.57,97.57,97.57,97.32,97.32,97.49,97.49,97.49,97.40,97.99,97.91,97.24,97.32,97.32,97.40,96.98,96.98,98.24,97.40,97.40,97.49,97.07,97.07,97.07,97.15,97.15,98.16,97.36,97.32,97.32,97.32,97.49,97.40,97.40,97.40,97.82,97.65,97.74,98.16,98.16,98.16,98.16,98.16,97.91,98.32,98.74,98.32,98.41,98.32,98.49,98.49,98.49,98.58,98.41,98.49,98.49,98.49,98.49,98.58,98.58,98.49,98.58,98.41,98.32,98.32,98.24,98.49,98.41,98.49,98.66,98.66,98.66,98.58,98.58,98.66,98.66,98.91,98.83,98.83,98.83,98.83,98.83,98.83,98.83,98.83,98.53,98.53,98.61,98.61,98.41,98.83,98.83,98.99,98.91,98.91,98.99,99.08,99.25,99.16,98.95,99.33,99.08,99.25,99.16,99.16,98.91,98.99,98.99,99.16,98.99,99.08,99.08,99.16,99.25,99.41,99.41,99.33,99.33,99.50,99.50,99.50,99.58,99.66,99.66,99.58,99.92,99.92,99.83,,99.92
B-KU248398,98.41,97.65,97.65,97.65,97.57,97.57,97.49,97.32,97.65,97.40,97.49,97.49,97.49,97.24,97.24,97.40,97.40,97.40,97.32,97.91,97.82,97.15,97.24,97.24,97.32,96.90,96.90,98.16,97.32,97.32,97.40,96.98,96.98,96.98,97.07,97.07,98.07,97.28,97.24,97.24,97.24,97.40,97.32,97.32,97.32,97.74,97.57,97.65,98.07,98.07,98.07,98.07,98.07,97.82,98.24,98.66,98.24,98.32,98.24,98.41,98.41,98.41,98.49,98.32,98.41,98.41,98.41,98.41,98.49,98.49,98.41,98.49,98.32,98.24,98.24,98.16,98.41,98.32,98.41,98.58,98.58,98.58,98.49,98.49,98.58,98.58,98.83,98.74,98.74,98.74,98.74,98.74,98.74,98.74,98.74,98.44,98.44,98.53,98.53,98.32,98.74,98.74,98.91,98.83,98.83,98.91,98.99,99.16,99.08,98.87,99.25,98.99,99.16,99.08,99.08,98.83,98.91,98.91,99.08,98.91,98.99,98.99,99.08,99.16,99.33,99.33,99.25,99.25,99.41,99.41,99.41,99.50,99.58,99.58,99.50,99.83,99.83,99.92,99.92,
